CREATE TABLE PRODUCTION_AREA (
   PRODUCTION_AREA_ID  VARCHAR(30)  NOT NULL,
   CAPTION             VARCHAR(80)  NOT NULL
);

ALTER TABLE PRODUCTION_AREA ADD CONSTRAINT PRODUCTION_AREA_PK PRIMARY KEY (PRODUCTION_AREA_ID);



CREATE TABLE MANUFACTURING_AREA (
   MANUFACTURER_ID       VARCHAR(30) NOT NULL,
   PRODUCTION_AREA_ID    VARCHAR(30) NOT NULL
);

ALTER TABLE MANUFACTURING_AREA
  ADD CONSTRAINT MANUFACTURING_AREA_PK
      PRIMARY KEY (MANUFACTURER_ID, PRODUCTION_AREA_ID);

ALTER TABLE MANUFACTURING_AREA ADD CONSTRAINT MANUFACTURING_AREA_FK1
  FOREIGN KEY (PRODUCTION_AREA_ID)
  REFERENCES PRODUCTION_AREA (PRODUCTION_AREA_ID);

ALTER TABLE MANUFACTURING_AREA ADD CONSTRAINT MANUFACTURING_AREA_FK2
  FOREIGN KEY (MANUFACTURER_ID)
  REFERENCES MANUFACTURER (MANUFACTURER_ID);

CREATE INDEX MANUFACTURING_AREA_IND1 ON MANUFACTURING_AREA (PRODUCTION_AREA_ID);



CREATE TABLE SERVICE_TYPE (
   SERVICE_TYPE_ID               VARCHAR(30) NOT NULL,
   CAPTION                       VARCHAR(80) NOT NULL,
   BUSINESS_SERVICE_ID           VARCHAR(20) NOT NULL
);

ALTER TABLE SERVICE_TYPE
  ADD CONSTRAINT SERVICE_TYPE_PK
      PRIMARY KEY (SERVICE_TYPE_ID);

ALTER TABLE SERVICE_TYPE
  ADD CONSTRAINT SERVICE_TYPE_FK1
      FOREIGN KEY (BUSINESS_SERVICE_ID)
      REFERENCES BUSINESS_SERVICE (BUSINESS_SERVICE_ID);

CREATE INDEX SERVICE_TYPE_IND1 ON SERVICE_TYPE (BUSINESS_SERVICE_ID);



CREATE TABLE BUSINESS_CUSTOMER_CHARGE (
   BUSINESS_CUSTOMER_ID          VARCHAR(20)   NOT NULL,
   SERVICE_TYPE_ID               VARCHAR(30)   NOT NULL,
   BEGDA                         TIMESTAMP     NOT NULL,
   ENDDA                         TIMESTAMP     NOT NULL,
   CHARGE                        DECIMAL(12,2) NOT NULL
);

ALTER TABLE BUSINESS_CUSTOMER_CHARGE
  ADD CONSTRAINT BUSINESS_CUSTOMER_CHARGE_PK
      PRIMARY KEY (BUSINESS_CUSTOMER_ID, SERVICE_TYPE_ID, BEGDA);

ALTER TABLE BUSINESS_CUSTOMER_CHARGE
  ADD CONSTRAINT BUSINESS_CUSTOMER_CHARGE_FK1
      FOREIGN KEY (BUSINESS_CUSTOMER_ID)
      REFERENCES BUSINESS_CUSTOMER (BUSINESS_CUSTOMER_ID);

ALTER TABLE BUSINESS_CUSTOMER_CHARGE
  ADD CONSTRAINT BUSINESS_CUSTOMER_CHARGE_FK2
      FOREIGN KEY (SERVICE_TYPE_ID)
      REFERENCES SERVICE_TYPE (SERVICE_TYPE_ID);

CREATE INDEX BUSINESS_CUSTOMER_CHARGE_IND1 ON BUSINESS_CUSTOMER_CHARGE (SERVICE_TYPE_ID);



CREATE TABLE SERVICE_TYPE_STEP (
   SERVICE_TYPE_ID     VARCHAR(30)  NOT NULL,
   MATERIAL_TYPE_ID    VARCHAR(30)  NOT NULL,
   AMOUNT              INTEGER      NOT NULL,
   UNIT                VARCHAR(3)   NOT NULL,
   DURATION            INTEGER
);

ALTER TABLE SERVICE_TYPE_STEP
  ADD CONSTRAINT SERVICE_TYPE_STEP_PK
      PRIMARY KEY (SERVICE_TYPE_ID, MATERIAL_TYPE_ID);

ALTER TABLE SERVICE_TYPE_STEP
  ADD CONSTRAINT SERVICE_TYPE_STEP_FK1
      FOREIGN KEY (SERVICE_TYPE_ID)
      REFERENCES SERVICE_TYPE (SERVICE_TYPE_ID);

ALTER TABLE SERVICE_TYPE_STEP
  ADD CONSTRAINT SERVICE_TYPE_STEP_FK2
      FOREIGN KEY (MATERIAL_TYPE_ID)
      REFERENCES MATERIAL_TYPE (MATERIAL_TYPE_ID);

CREATE INDEX SERVICE_TYPE_STEP_IND1 ON SERVICE_TYPE_STEP (MATERIAL_TYPE_ID);



CREATE TABLE VEHICLE_TYPE (
   VEHICLE_TYPE_ID    VARCHAR(30) NOT NULL,
   CAPTION            VARCHAR(80) NOT NULL
);

ALTER TABLE VEHICLE_TYPE
  ADD CONSTRAINT VEHICLE_TYPE_PK
      PRIMARY KEY (VEHICLE_TYPE_ID);



CREATE TABLE VEHICLE_MODEL (
   MANUFACTURER_ID    VARCHAR(30) NOT NULL,
   MODEL              VARCHAR(30) NOT NULL
);

ALTER TABLE VEHICLE_MODEL
  ADD CONSTRAINT VEHICLE_MODELS_PK
     PRIMARY KEY (MANUFACTURER_ID, MODEL);

ALTER TABLE VEHICLE_MODEL
  ADD CONSTRAINT VEHICLE_MODEL_FK1
      FOREIGN KEY (MANUFACTURER_ID)
      REFERENCES MANUFACTURER (MANUFACTURER_ID);



CREATE TABLE MODEL_CONFIGURATION (
   CONFIGURATION_ID    INTEGER     NOT NULL,
   MANUFACTURER_ID     VARCHAR(30) NOT NULL,
   MODEL               VARCHAR(30) NOT NULL,
   VEHICLE_TYPE_ID     VARCHAR(30) NOT NULL,
   FUEL_TYPE           VARCHAR(10) NOT NULL,
   ENGINE_SIZE         VARCHAR(3)  NOT NULL
);

ALTER TABLE MODEL_CONFIGURATION
  ADD CONSTRAINT MODEL_CONFIGURATION_PK
      PRIMARY KEY (CONFIGURATION_ID);

CREATE SEQUENCE MODEL_CONFIGURATION_ID_SEQ START WITH 1 INCREMENT BY 1;

ALTER TABLE MODEL_CONFIGURATION
  ADD CONSTRAINT MODEL_CONFIGURATION_FK1
      FOREIGN KEY (MANUFACTURER_ID, MODEL)
      REFERENCES VEHICLE_MODEL (MANUFACTURER_ID, MODEL);

ALTER TABLE MODEL_CONFIGURATION
  ADD CONSTRAINT MODEL_CONFIGURATION_FK2
      FOREIGN KEY (VEHICLE_TYPE_ID)
      REFERENCES VEHICLE_TYPE (VEHICLE_TYPE_ID);

CREATE INDEX MODEL_CONFIGURATION_IND1 ON MODEL_CONFIGURATION (MANUFACTURER_ID, MODEL);
CREATE INDEX MODEL_CONFIGURATION_IND2 ON MODEL_CONFIGURATION (VEHICLE_TYPE_ID);



CREATE TABLE MODEL_CONFIGURATION_PART (
   CONFIGURATION_ID    INTEGER     NOT NULL,
   MATERIAL_TYPE_ID    VARCHAR(30) NOT NULL,
   AMOUNT              INTEGER     NOT NULL,
   UNIT                VARCHAR(3)  NOT NULL
);

ALTER TABLE MODEL_CONFIGURATION_PART
  ADD CONSTRAINT MODEL_CONFIGURATION_PART_PK
      PRIMARY KEY (CONFIGURATION_ID, MATERIAL_TYPE_ID);

ALTER TABLE MODEL_CONFIGURATION_PART
  ADD CONSTRAINT MODEL_CONFIGURATION_PART_FK1
      FOREIGN KEY (CONFIGURATION_ID)
      REFERENCES MODEL_CONFIGURATION (CONFIGURATION_ID);

ALTER TABLE MODEL_CONFIGURATION_PART
  ADD CONSTRAINT MODEL_CONFIGURATION_PART_FK2
      FOREIGN KEY (MATERIAL_TYPE_ID)
      REFERENCES MATERIAL_TYPE (MATERIAL_TYPE_ID);

CREATE INDEX MODEL_CONFIGURATION_PART_IND1 ON MODEL_CONFIGURATION_PART (MATERIAL_TYPE_ID);



CREATE TABLE VEHICLE (
   VEHICLE_ID               INTEGER      NOT NULL,
   CONFIGURATION_ID         INTEGER      NOT NULL,
   MODEL_YEAR               SMALLINT     NOT NULL,
   COLOR                    VARCHAR(20)  NOT NULL,
   PLATE                    VARCHAR(20)  NOT NULL,
   CHASIS_NO                VARCHAR(20)  NOT NULL
);

ALTER TABLE VEHICLE
  ADD CONSTRAINT VEHICLE_PK
      PRIMARY KEY (VEHICLE_ID);

CREATE SEQUENCE VEHICLE_ID_SEQ START WITH 1 INCREMENT BY 1;

ALTER TABLE VEHICLE
  ADD CONSTRAINT VEHICLE_FK1
      FOREIGN KEY (CONFIGURATION_ID)
      REFERENCES MODEL_CONFIGURATION (CONFIGURATION_ID);

CREATE INDEX VEHICLE_IND1 ON VEHICLE (CONFIGURATION_ID);
CREATE INDEX VEHICLE_IND2 ON VEHICLE (PLATE);



CREATE TABLE VEHICLE_OWNER (
   PERSON_ID    INTEGER     NOT NULL,
   VEHICLE_ID   INTEGER     NOT NULL,
   BEGDA        TIMESTAMP   NOT NULL,
   ENDDA        TIMESTAMP   NOT NULL
);

ALTER TABLE VEHICLE_OWNER
  ADD CONSTRAINT VEHICLE_OWNER_PK
      PRIMARY KEY (PERSON_ID, VEHICLE_ID, BEGDA);

ALTER TABLE VEHICLE_OWNER
  ADD CONSTRAINT VEHICLE_OWNER_FK1
      FOREIGN KEY (PERSON_ID)
      REFERENCES PERSON (PERSON_ID);

ALTER TABLE VEHICLE_OWNER
  ADD CONSTRAINT VEHICLE_OWNER_FK2
      FOREIGN KEY (VEHICLE_ID)
      REFERENCES VEHICLE (VEHICLE_ID);

CREATE INDEX VEHICLE_OWNER_IND1 ON VEHICLE_OWNER (VEHICLE_ID);



CREATE TABLE SERVICE_CENTER (
   SERVICE_CENTER_ID    INTEGER     NOT NULL,
   BUSINESS_CUSTOMER_ID VARCHAR(20) NOT NULL,
   CAPTION              VARCHAR(80) NOT NULL,
   ADDRESS              VARCHAR(80),
   TOWN                 VARCHAR(30),
   CITY                 VARCHAR(30),
   PERSON_ID            BIGINT,
   PHONE                VARCHAR(15),
   FAX                  VARCHAR(15),
   TAX_CENTER           VARCHAR(30),
   TAX_ID               VARCHAR(30),
   LONGITUDE            DECIMAL(18,8),
   LATITUDE             DECIMAL(18,8),
   ALTITUDE             DECIMAL(18,8)
);

ALTER TABLE SERVICE_CENTER
  ADD CONSTRAINT SERVICE_CENTER_PK
      PRIMARY KEY (SERVICE_CENTER_ID);

CREATE SEQUENCE SERVICE_CENTER_ID_SEQ START WITH 1 INCREMENT BY 1;

ALTER TABLE SERVICE_CENTER
  ADD CONSTRAINT SERVICE_CENTER_FK1
      FOREIGN KEY (PERSON_ID)
      REFERENCES PERSON (PERSON_ID);

ALTER TABLE SERVICE_CENTER
  ADD CONSTRAINT SERVICE_CENTER_FK2
      FOREIGN KEY (BUSINESS_CUSTOMER_ID)
      REFERENCES BUSINESS_CUSTOMER (BUSINESS_CUSTOMER_ID);

CREATE INDEX SERVICE_CENTER_IND1 ON SERVICE_CENTER (PERSON_ID);
CREATE INDEX SERVICE_CENTER_IND2 ON SERVICE_CENTER (BUSINESS_CUSTOMER_ID);



CREATE TABLE SERVICE_CENTER_BUSINESS (
   SERVICE_CENTER_ID       INTEGER      NOT NULL,
   BUSINESS_SERVICE_ID     VARCHAR(30)  NOT NULL,
   BEGDA                   TIMESTAMP    NOT NULL,
   ENDDA                   TIMESTAMP    NOT NULL
);

ALTER TABLE SERVICE_CENTER_BUSINESS
  ADD CONSTRAINT SERVICE_CENTER_BUSINESS_PK
      PRIMARY KEY (SERVICE_CENTER_ID, BUSINESS_SERVICE_ID, BEGDA);

ALTER TABLE SERVICE_CENTER_BUSINESS
  ADD CONSTRAINT SERVICE_CENTER_BUSINESS_FK1
      FOREIGN KEY (SERVICE_CENTER_ID)
      REFERENCES SERVICE_CENTER (SERVICE_CENTER_ID);

ALTER TABLE SERVICE_CENTER_BUSINESS
  ADD CONSTRAINT SERVICE_CENTER_BUSINESS_FK2
      FOREIGN KEY (BUSINESS_SERVICE_ID)
      REFERENCES BUSINESS_SERVICE (BUSINESS_SERVICE_ID);

CREATE INDEX SERVICE_CENTER_BUSINESS_IND1 ON SERVICE_CENTER_BUSINESS (BUSINESS_SERVICE_ID);



CREATE TABLE VEHICLE_SERVICE (
   VEHICLE_ID          INTEGER       NOT NULL,
   SERVICE_DATE        TIMESTAMP     NOT NULL,
   KM                  INTEGER       NOT NULL,
   LABOR               DECIMAL(12,2) NOT NULL,
   CHARGE              DECIMAL(12,2) NOT NULL,
   DATA_SOURCE         CHAR(1),
   SERVICE_CENTER_ID   INTEGER,
   EMPLOYEE            INTEGER
);

ALTER TABLE VEHICLE_SERVICE
  ADD CONSTRAINT VEHICLE_SERVICE_PK
      PRIMARY KEY (VEHICLE_ID, SERVICE_DATE);

ALTER TABLE VEHICLE_SERVICE
  ADD CONSTRAINT VEHICLE_SERVICE_FK1
      FOREIGN KEY (VEHICLE_ID)
      REFERENCES VEHICLE (VEHICLE_ID);

ALTER TABLE VEHICLE_SERVICE
  ADD CONSTRAINT VEHICLE_SERVICE_FK2
      FOREIGN KEY (SERVICE_CENTER_ID)
      REFERENCES SERVICE_CENTER (SERVICE_CENTER_ID);

CREATE INDEX VEHICLE_SERVICE_IND1 ON VEHICLE_SERVICE (SERVICE_CENTER_ID);



CREATE TABLE VEHICLE_SERVICE_STEP (
   VEHICLE_ID           INTEGER       NOT NULL,
   SERVICE_DATE         TIMESTAMP     NOT NULL,
   MATERIAL_TYPE_ID     VARCHAR(30)   NOT NULL,
   AMOUNT               INTEGER       NOT NULL,
   UNIT                 VARCHAR(3)    NOT NULL,
   COST                 DECIMAL(10,2) NOT NULL,
   ACTION_TIME          TIMESTAMP     NOT NULL
);

ALTER TABLE VEHICLE_SERVICE_STEP
  ADD CONSTRAINT VEHICLE_SERVICE_STEP_PK
      PRIMARY KEY (VEHICLE_ID, SERVICE_DATE, MATERIAL_TYPE_ID);

ALTER TABLE VEHICLE_SERVICE_STEP
  ADD CONSTRAINT VEHICLE_SERVICE_STEP_FK1
      FOREIGN KEY (VEHICLE_ID, SERVICE_DATE)
      REFERENCES VEHICLE_SERVICE (VEHICLE_ID, SERVICE_DATE);

ALTER TABLE VEHICLE_SERVICE_STEP
  ADD CONSTRAINT VEHICLE_SERVICE_STEP_FK2
      FOREIGN KEY (MATERIAL_TYPE_ID)
      REFERENCES MATERIAL_TYPE (MATERIAL_TYPE_ID);

CREATE INDEX VEHICLE_SERVICE_STEP_IND ON VEHICLE_SERVICE_STEP (MATERIAL_TYPE_ID);



INSERT INTO DOMAIN_NAME (DOMAIN, KEYSIZE, CAPTION, SORT_BY) VALUES ('FUEL_TYPE', 10, 'FUEL_TYPE', 'K');
INSERT INTO DOMAIN_VALUE (DOMAIN, REFVALUE, CAPTION) VALUES ('FUEL_TYPE', 'DIESEL',   'DIESEL');
INSERT INTO DOMAIN_VALUE (DOMAIN, REFVALUE, CAPTION) VALUES ('FUEL_TYPE', 'GASOLINE', 'GASOLINE');
INSERT INTO DOMAIN_VALUE (DOMAIN, REFVALUE, CAPTION) VALUES ('FUEL_TYPE', 'HYBRID',   'HYBRID');

INSERT INTO DOMAIN_NAME (DOMAIN, KEYSIZE, CAPTION, SORT_BY) VALUES ('ENGINE_SIZE', 3, 'ENGINE_SIZE', 'V');
INSERT INTO DOMAIN_VALUE (DOMAIN, REFVALUE, CAPTION) VALUES ('ENGINE_SIZE', '1.0', '1.0');
INSERT INTO DOMAIN_VALUE (DOMAIN, REFVALUE, CAPTION) VALUES ('ENGINE_SIZE', '1.1', '1.1');
INSERT INTO DOMAIN_VALUE (DOMAIN, REFVALUE, CAPTION) VALUES ('ENGINE_SIZE', '1.2', '1.2');
INSERT INTO DOMAIN_VALUE (DOMAIN, REFVALUE, CAPTION) VALUES ('ENGINE_SIZE', '1.3', '1.3');
INSERT INTO DOMAIN_VALUE (DOMAIN, REFVALUE, CAPTION) VALUES ('ENGINE_SIZE', '1.4', '1.4');
INSERT INTO DOMAIN_VALUE (DOMAIN, REFVALUE, CAPTION) VALUES ('ENGINE_SIZE', '1.5', '1.5');
INSERT INTO DOMAIN_VALUE (DOMAIN, REFVALUE, CAPTION) VALUES ('ENGINE_SIZE', '1.6', '1.6');
INSERT INTO DOMAIN_VALUE (DOMAIN, REFVALUE, CAPTION) VALUES ('ENGINE_SIZE', '1.7', '1.7');
INSERT INTO DOMAIN_VALUE (DOMAIN, REFVALUE, CAPTION) VALUES ('ENGINE_SIZE', '1.8', '1.8');
INSERT INTO DOMAIN_VALUE (DOMAIN, REFVALUE, CAPTION) VALUES ('ENGINE_SIZE', '1.9', '1.9');
INSERT INTO DOMAIN_VALUE (DOMAIN, REFVALUE, CAPTION) VALUES ('ENGINE_SIZE', '2.0', '2.0');
INSERT INTO DOMAIN_VALUE (DOMAIN, REFVALUE, CAPTION) VALUES ('ENGINE_SIZE', '2.2', '2.2');
INSERT INTO DOMAIN_VALUE (DOMAIN, REFVALUE, CAPTION) VALUES ('ENGINE_SIZE', '2.5', '2.5');
INSERT INTO DOMAIN_VALUE (DOMAIN, REFVALUE, CAPTION) VALUES ('ENGINE_SIZE', '2.8', '2.8');
INSERT INTO DOMAIN_VALUE (DOMAIN, REFVALUE, CAPTION) VALUES ('ENGINE_SIZE', '3.0', '3.0');
INSERT INTO DOMAIN_VALUE (DOMAIN, REFVALUE, CAPTION) VALUES ('ENGINE_SIZE', '3.5', '3.5');
INSERT INTO DOMAIN_VALUE (DOMAIN, REFVALUE, CAPTION) VALUES ('ENGINE_SIZE', '4.0', '4.0');
INSERT INTO DOMAIN_VALUE (DOMAIN, REFVALUE, CAPTION) VALUES ('ENGINE_SIZE', '4.4', '4.4');
INSERT INTO DOMAIN_VALUE (DOMAIN, REFVALUE, CAPTION) VALUES ('ENGINE_SIZE', '5.0', '5.0');

INSERT INTO DOMAIN_NAME (DOMAIN, KEYSIZE, CAPTION, SORT_BY) VALUES ('DATA_SOURCE', 1, 'DATA_SOURCE', 'K');
INSERT INTO DOMAIN_VALUE (DOMAIN, REFVALUE, CAPTION) VALUES ('DATA_SOURCE', 'U', 'USER');
INSERT INTO DOMAIN_VALUE (DOMAIN, REFVALUE, CAPTION) VALUES ('DATA_SOURCE', 'S', 'SERVICE');



INSERT INTO DOMAIN_LOOKUP (TABLENAME, FIELDNAME, DOMAIN) VALUES ('SERVICE_TYPE_STEP',         'UNIT',          'MEASUREMENT_UNIT');
INSERT INTO DOMAIN_LOOKUP (TABLENAME, FIELDNAME, DOMAIN) VALUES ('MODEL_CONFIGURATION',       'FUEL_TYPE',     'FUEL_TYPE');
INSERT INTO DOMAIN_LOOKUP (TABLENAME, FIELDNAME, DOMAIN) VALUES ('MODEL_CONFIGURATION',       'ENGINE_SIZE',   'ENGINE_SIZE');
INSERT INTO DOMAIN_LOOKUP (TABLENAME, FIELDNAME, DOMAIN) VALUES ('MODEL_CONFIGURATION_PART',  'UNIT',          'MEASUREMENT_UNIT');
INSERT INTO DOMAIN_LOOKUP (TABLENAME, FIELDNAME, DOMAIN) VALUES ('VEHICLE_SERVICE',           'DATA_SOURCE',   'DATA_SOURCE');
INSERT INTO DOMAIN_LOOKUP (TABLENAME, FIELDNAME, DOMAIN) VALUES ('VEHICLE_SERVICE_STEP',      'UNIT',          'MEASUREMENT_UNIT');



INSERT INTO PRODUCTION_AREA (PRODUCTION_AREA_ID,CAPTION) VALUES ('AUTOCAR',  'AUTOMATIC CARIER');
INSERT INTO PRODUCTION_AREA (PRODUCTION_AREA_ID,CAPTION) VALUES ('AUTOPART', 'AUTO PART');

INSERT INTO MANUFACTURER (MANUFACTURER_ID, CAPTION) VALUES ('RENAULT',     'Renault');
INSERT INTO MANUFACTURER (MANUFACTURER_ID, CAPTION) VALUES ('VOLKSWAGEN',  'Volkswagen');
INSERT INTO MANUFACTURER (MANUFACTURER_ID, CAPTION) VALUES ('OPEL',        'Opel');
INSERT INTO MANUFACTURER (MANUFACTURER_ID, CAPTION) VALUES ('FIAT',        'Fiat');
INSERT INTO MANUFACTURER (MANUFACTURER_ID, CAPTION) VALUES ('FORD',        'Ford');
INSERT INTO MANUFACTURER (MANUFACTURER_ID, CAPTION) VALUES ('BMW',         'BMW');
INSERT INTO MANUFACTURER (MANUFACTURER_ID, CAPTION) VALUES ('HYUNDAI',     'Hyundai');
INSERT INTO MANUFACTURER (MANUFACTURER_ID, CAPTION) VALUES ('MERCEDES',    'Mercedes');
INSERT INTO MANUFACTURER (MANUFACTURER_ID, CAPTION) VALUES ('TOFAS',       'TOFAÞ');
INSERT INTO MANUFACTURER (MANUFACTURER_ID, CAPTION) VALUES ('TOYOTA',      'Toyota');
INSERT INTO MANUFACTURER (MANUFACTURER_ID, CAPTION) VALUES ('PEUGEOT',     'Peugeot');
INSERT INTO MANUFACTURER (MANUFACTURER_ID, CAPTION) VALUES ('HONDA',       'Honda');
INSERT INTO MANUFACTURER (MANUFACTURER_ID, CAPTION) VALUES ('AUDI',        'Audi');
INSERT INTO MANUFACTURER (MANUFACTURER_ID, CAPTION) VALUES ('CITROEN',     'Citroën');
INSERT INTO MANUFACTURER (MANUFACTURER_ID, CAPTION) VALUES ('SKODA',       'Skoda');
INSERT INTO MANUFACTURER (MANUFACTURER_ID, CAPTION) VALUES ('SEAT',        'Seat');
INSERT INTO MANUFACTURER (MANUFACTURER_ID, CAPTION) VALUES ('CHEVROLET',   'Chevrolet');
INSERT INTO MANUFACTURER (MANUFACTURER_ID, CAPTION) VALUES ('DACIA',       'Dacia');
INSERT INTO MANUFACTURER (MANUFACTURER_ID, CAPTION) VALUES ('VOLVO',       'Volvo');
INSERT INTO MANUFACTURER (MANUFACTURER_ID, CAPTION) VALUES ('KIA',         'KIA');
INSERT INTO MANUFACTURER (MANUFACTURER_ID, CAPTION) VALUES ('NISSAN',      'Nissan');
INSERT INTO MANUFACTURER (MANUFACTURER_ID, CAPTION) VALUES ('MAZDA',       'Mazda');
INSERT INTO MANUFACTURER (MANUFACTURER_ID, CAPTION) VALUES ('LADA',        'Lada');
INSERT INTO MANUFACTURER (MANUFACTURER_ID, CAPTION) VALUES ('ALFAROMEO',   'Alfa Romeo');
INSERT INTO MANUFACTURER (MANUFACTURER_ID, CAPTION) VALUES ('MINI',        'Mini');
INSERT INTO MANUFACTURER (MANUFACTURER_ID, CAPTION) VALUES ('MITSUBISHI',  'Mitsubishi');
INSERT INTO MANUFACTURER (MANUFACTURER_ID, CAPTION) VALUES ('SUZUKI',      'Suzuki');
INSERT INTO MANUFACTURER (MANUFACTURER_ID, CAPTION) VALUES ('PORSCHE',     'Porsche');
INSERT INTO MANUFACTURER (MANUFACTURER_ID, CAPTION) VALUES ('CHRYSLER',    'Chrysler');
INSERT INTO MANUFACTURER (MANUFACTURER_ID, CAPTION) VALUES ('JAGUAR',      'Jaguar');
INSERT INTO MANUFACTURER (MANUFACTURER_ID, CAPTION) VALUES ('SUBARU',      'Subaru');
INSERT INTO MANUFACTURER (MANUFACTURER_ID, CAPTION) VALUES ('ROVER',       'Rover');
INSERT INTO MANUFACTURER (MANUFACTURER_ID, CAPTION) VALUES ('TATA',        'Tata');
INSERT INTO MANUFACTURER (MANUFACTURER_ID, CAPTION) VALUES ('PROTON',      'Proton');
INSERT INTO MANUFACTURER (MANUFACTURER_ID, CAPTION) VALUES ('GEELY',       'Geely');
INSERT INTO MANUFACTURER (MANUFACTURER_ID, CAPTION) VALUES ('DAEWOO',      'Daewoo');
INSERT INTO MANUFACTURER (MANUFACTURER_ID, CAPTION) VALUES ('DAIHATSU',    'Daihatsu');
INSERT INTO MANUFACTURER (MANUFACTURER_ID, CAPTION) VALUES ('MASERATI',    'Maserati');
INSERT INTO MANUFACTURER (MANUFACTURER_ID, CAPTION) VALUES ('FERRARI',     'Ferrari');
INSERT INTO MANUFACTURER (MANUFACTURER_ID, CAPTION) VALUES ('SMART',       'Smart');
INSERT INTO MANUFACTURER (MANUFACTURER_ID, CAPTION) VALUES ('BENTLEY',     'Bentley');
INSERT INTO MANUFACTURER (MANUFACTURER_ID, CAPTION) VALUES ('LANCIA',      'Lancia');
INSERT INTO MANUFACTURER (MANUFACTURER_ID, CAPTION) VALUES ('CHERY',       'Chery');
INSERT INTO MANUFACTURER (MANUFACTURER_ID, CAPTION) VALUES ('SAAB',        'Saab');
INSERT INTO MANUFACTURER (MANUFACTURER_ID, CAPTION) VALUES ('ASTONMARTIN', 'Aston Martin');
INSERT INTO MANUFACTURER (MANUFACTURER_ID, CAPTION) VALUES ('INFINITI',    'Infiniti');
INSERT INTO MANUFACTURER (MANUFACTURER_ID, CAPTION) VALUES ('LAMBORGHINI', 'Lamborghini');
INSERT INTO MANUFACTURER (MANUFACTURER_ID, CAPTION) VALUES ('CADILLAC',    'Cadillac');
INSERT INTO MANUFACTURER (MANUFACTURER_ID, CAPTION) VALUES ('LINCOLN',     'Lincoln');
INSERT INTO MANUFACTURER (MANUFACTURER_ID, CAPTION) VALUES ('MG',          'MG');
INSERT INTO MANUFACTURER (MANUFACTURER_ID, CAPTION) VALUES ('PONTIAC',     'Pontiac');
INSERT INTO MANUFACTURER (MANUFACTURER_ID, CAPTION) VALUES ('DODGE',       'Dodge');
INSERT INTO MANUFACTURER (MANUFACTURER_ID, CAPTION) VALUES ('ROLLSROYCE',  'Rolls Royce');
INSERT INTO MANUFACTURER (MANUFACTURER_ID, CAPTION) VALUES ('ISUZU',       'Isuzu');

INSERT INTO MANUFACTURING_AREA (MANUFACTURER_ID, PRODUCTION_AREA_ID)
SELECT A.MANUFACTURER_ID, B.PRODUCTION_AREA_ID FROM MANUFACTURER A, PRODUCTION_AREA B;

INSERT INTO VEHICLE_TYPE (VEHICLE_TYPE_ID, CAPTION) VALUES ('SEDAN',      'SEDAN');
INSERT INTO VEHICLE_TYPE (VEHICLE_TYPE_ID, CAPTION) VALUES ('HATCHBACK',  'HATCHBACK');
INSERT INTO VEHICLE_TYPE (VEHICLE_TYPE_ID, CAPTION) VALUES ('STATION',    'STATION');
INSERT INTO VEHICLE_TYPE (VEHICLE_TYPE_ID, CAPTION) VALUES ('COUPPE',     'COUPPE');
INSERT INTO VEHICLE_TYPE (VEHICLE_TYPE_ID, CAPTION) VALUES ('SUV',        'SUV');
INSERT INTO VEHICLE_TYPE (VEHICLE_TYPE_ID, CAPTION) VALUES ('PICKUP',     'PICKUP');
INSERT INTO VEHICLE_TYPE (VEHICLE_TYPE_ID, CAPTION) VALUES ('TIR',        'TIR');
INSERT INTO VEHICLE_TYPE (VEHICLE_TYPE_ID, CAPTION) VALUES ('MINIBUS',    'MINIBUS');
INSERT INTO VEHICLE_TYPE (VEHICLE_TYPE_ID, CAPTION) VALUES ('MIDIBUS',    'MIDIBUS');
INSERT INTO VEHICLE_TYPE (VEHICLE_TYPE_ID, CAPTION) VALUES ('BUS',        'BUS');
INSERT INTO VEHICLE_TYPE (VEHICLE_TYPE_ID, CAPTION) VALUES ('TRUCK',      'TRUCK');
INSERT INTO VEHICLE_TYPE (VEHICLE_TYPE_ID, CAPTION) VALUES ('DAMPER',     'DAMPER');
INSERT INTO VEHICLE_TYPE (VEHICLE_TYPE_ID, CAPTION) VALUES ('COMMERCIAL', 'COMMERCIAL');

INSERT INTO MATERIAL_TYPE (MATERIAL_TYPE_ID, CAPTION, UNIT, LOGO) VALUES ('BATTERY',        'BATTERY',        'AD', 'i/batery.png');
INSERT INTO MATERIAL_TYPE (MATERIAL_TYPE_ID, CAPTION, UNIT, LOGO) VALUES ('BRAKE',          'BRAKE',          'AD', 'i/brake.png');
INSERT INTO MATERIAL_TYPE (MATERIAL_TYPE_ID, CAPTION, UNIT, LOGO) VALUES ('COOLANT',        'COOLANT',        'AD', 'i/coolant.png');
INSERT INTO MATERIAL_TYPE (MATERIAL_TYPE_ID, CAPTION, UNIT, LOGO) VALUES ('ENGINE',         'ENGINE',         'AD', 'i/engine.png');
INSERT INTO MATERIAL_TYPE (MATERIAL_TYPE_ID, CAPTION, UNIT, LOGO) VALUES ('TRIGGER',        'TRIGGER',        'AD', 'i/trigger.png');
INSERT INTO MATERIAL_TYPE (MATERIAL_TYPE_ID, CAPTION, UNIT, LOGO) VALUES ('GENERATOR',      'GENERATOR',      'AD', 'i/generator.png');
INSERT INTO MATERIAL_TYPE (MATERIAL_TYPE_ID, CAPTION, UNIT, LOGO) VALUES ('OIL',            'OIL',            'LT', 'i/oil.png');
INSERT INTO MATERIAL_TYPE (MATERIAL_TYPE_ID, CAPTION, UNIT, LOGO) VALUES ('PISTON',         'PISTON',         'AD', 'i/piston.png');
INSERT INTO MATERIAL_TYPE (MATERIAL_TYPE_ID, CAPTION, UNIT, LOGO) VALUES ('RADIATOR',       'RADIATOR',       'AD', 'i/radiator.png');
INSERT INTO MATERIAL_TYPE (MATERIAL_TYPE_ID, CAPTION, UNIT, LOGO) VALUES ('SPARK',          'SPARK',          'AD', 'i/spark.png');
INSERT INTO MATERIAL_TYPE (MATERIAL_TYPE_ID, CAPTION, UNIT, LOGO) VALUES ('TIRE',           'TIRE',           'AD', 'i/tire.png');
INSERT INTO MATERIAL_TYPE (MATERIAL_TYPE_ID, CAPTION, UNIT, LOGO) VALUES ('TURBOCHARGER',   'TURBOCHARGER',   'AD', 'i/turbocharger.png');
INSERT INTO MATERIAL_TYPE (MATERIAL_TYPE_ID, CAPTION, UNIT, LOGO) VALUES ('OILFILTER',      'OILFILTER',      'AD', 'i/oilfilter.png');
INSERT INTO MATERIAL_TYPE (MATERIAL_TYPE_ID, CAPTION, UNIT, LOGO) VALUES ('AIRFILTER',      'AIRFILTER',      'AD', 'i/airfilter.png');
INSERT INTO MATERIAL_TYPE (MATERIAL_TYPE_ID, CAPTION, UNIT, LOGO) VALUES ('DIESELFILTER',   'DIESELFILTER',   'AD', 'i/dieselfilter.png');
INSERT INTO MATERIAL_TYPE (MATERIAL_TYPE_ID, CAPTION, UNIT, LOGO) VALUES ('GASOLINEFILTER', 'GASOLINEFILTER', 'AD', 'i/gasolinefilter.png');
INSERT INTO MATERIAL_TYPE (MATERIAL_TYPE_ID, CAPTION, UNIT, LOGO) VALUES ('POLENFILTER',    'POLENFILTER',    'AD', 'i/polenfilter.png');
INSERT INTO MATERIAL_TYPE (MATERIAL_TYPE_ID, CAPTION, UNIT, LOGO) VALUES ('HEATERSPARK',    'HEATERSPARK',    'AD', 'i/heaterspark.png');
INSERT INTO MATERIAL_TYPE (MATERIAL_TYPE_ID, CAPTION, UNIT, LOGO) VALUES ('LIGHTS',         'LIGHTS',         'AD', 'i/lights.png');
INSERT INTO MATERIAL_TYPE (MATERIAL_TYPE_ID, CAPTION, UNIT, LOGO) VALUES ('BALATA',         'BALATA',         'AD', 'i/balata.png');
INSERT INTO MATERIAL_TYPE (MATERIAL_TYPE_ID, CAPTION, UNIT, LOGO) VALUES ('BRAKEDISK',      'BRAKEDISK',      'AD', 'i/brakedisk.png');



INSERT INTO AUTHORITY_OBJECT (OBJECT_TYPE) VALUES ('VEHICLE');

INSERT INTO AUTHORITY_OBJECT_ACTION (OBJECT_TYPE,ACTION) VALUES ('VEHICLE', 'CHANGE_OWNER');



INSERT INTO AUTHORITY_GROUP (AUTHORITY_GROUP,CAPTION) VALUES ('CARMNT_ADMIN', 'CARMNT_ADMIN');



INSERT INTO MAIN_MENU (MENU, CAPTION, ICON, DISPLAY_ORDER) VALUES ('CARMNT', 'CARMNT', 'carmnt.png', 6000);

INSERT INTO SCREEN_PAGE (PAGENAME, CAPTION, ICON, URL, MENU, DISPLAY_ORDER) VALUES ('PRODUCTION_AREA',  'PRODUCTION_AREA', 'fa-bars',    'productionArea/list', 'CARMNT', 10);
INSERT INTO SCREEN_PAGE (PAGENAME, CAPTION, ICON, URL, MENU, DISPLAY_ORDER) VALUES ('VEHICLE_TYPE',     'VEHICLE_TYPE',    'fa-bars',    'vehicleType/list',    'CARMNT', 20);
INSERT INTO SCREEN_PAGE (PAGENAME, CAPTION, ICON, URL, MENU, DISPLAY_ORDER) VALUES ('SERVICE_TYPE',     'SERVICE_TYPE',    'fa-bars',    'serviceType/list',    'CARMNT', 30);
INSERT INTO SCREEN_PAGE (PAGENAME, CAPTION, ICON, URL, MENU, DISPLAY_ORDER) VALUES ('SERVICE_CHARGE',   'SERVICE_CHARGE',  'fa-bars',    'serviceCharge/list',  'CARMNT', 40);
INSERT INTO SCREEN_PAGE (PAGENAME, CAPTION, ICON, URL, MENU, DISPLAY_ORDER) VALUES ('SERVICE_CENTER',   'SERVICE_CENTER',  'fa-bars',    'serviceCenter/list',  'CARMNT', 50);
INSERT INTO SCREEN_PAGE (PAGENAME, CAPTION, ICON, URL, MENU, DISPLAY_ORDER) VALUES ('VEHICLE',          'VEHICLE',         'fa-bars',    'vehicle/Search',      'CARMNT', 60);
INSERT INTO SCREEN_PAGE (PAGENAME, CAPTION, ICON, URL, MENU, DISPLAY_ORDER) VALUES ('VEHICLE_SERVICE',  'VEHICLE_SERVICE', 'fa-bars',    'vehicleService/list', 'CARMNT', 70);
INSERT INTO SCREEN_PAGE (PAGENAME, CAPTION, ICON, URL, MENU, DISPLAY_ORDER) VALUES ('CARMNT_REPORT',    'CARMNT_REPORT',   'fa-bars',    'carmntReport/list',   'CARMNT', 80);



INSERT INTO OBJECT_AUTHORIZATION (AUTHORITY_GROUP, OBJECT_TYPE, ACTION, KEY_VALUE) VALUES ('CARMNT_ADMIN', 'PAGE', 'ACCESS', 'PRODUCTION_AREA');
INSERT INTO OBJECT_AUTHORIZATION (AUTHORITY_GROUP, OBJECT_TYPE, ACTION, KEY_VALUE) VALUES ('CARMNT_ADMIN', 'PAGE', 'ACCESS', 'VEHICLE_TYPE');
INSERT INTO OBJECT_AUTHORIZATION (AUTHORITY_GROUP, OBJECT_TYPE, ACTION, KEY_VALUE) VALUES ('CARMNT_ADMIN', 'PAGE', 'ACCESS', 'SERVICE_TYPE');
INSERT INTO OBJECT_AUTHORIZATION (AUTHORITY_GROUP, OBJECT_TYPE, ACTION, KEY_VALUE) VALUES ('CARMNT_ADMIN', 'PAGE', 'ACCESS', 'SERVICE_CHARGE');
INSERT INTO OBJECT_AUTHORIZATION (AUTHORITY_GROUP, OBJECT_TYPE, ACTION, KEY_VALUE) VALUES ('CARMNT_ADMIN', 'PAGE', 'ACCESS', 'SERVICE_CENTER');
INSERT INTO OBJECT_AUTHORIZATION (AUTHORITY_GROUP, OBJECT_TYPE, ACTION, KEY_VALUE) VALUES ('CARMNT_ADMIN', 'PAGE', 'ACCESS', 'VEHICLE');
INSERT INTO OBJECT_AUTHORIZATION (AUTHORITY_GROUP, OBJECT_TYPE, ACTION, KEY_VALUE) VALUES ('CARMNT_ADMIN', 'PAGE', 'ACCESS', 'VEHICLE_SERVICE');
INSERT INTO OBJECT_AUTHORIZATION (AUTHORITY_GROUP, OBJECT_TYPE, ACTION, KEY_VALUE) VALUES ('CARMNT_ADMIN', 'PAGE', 'ACCESS', 'CARMNT_REPORT');

INSERT INTO OBJECT_AUTHORIZATION (AUTHORITY_GROUP, OBJECT_TYPE, ACTION, KEY_VALUE) VALUES ('CARMNT_ADMIN',  'VEHICLE', 'CHANGE_OWNER', '*');

INSERT INTO OBJECT_AUTHORIZATION (AUTHORITY_GROUP, OBJECT_TYPE, ACTION, KEY_VALUE) VALUES ('CARMNT_ADMIN', 'TABLE', 'SELECT', 'PRODUCTION_AREA');
INSERT INTO OBJECT_AUTHORIZATION (AUTHORITY_GROUP, OBJECT_TYPE, ACTION, KEY_VALUE) VALUES ('CARMNT_ADMIN', 'TABLE', 'SELECT', 'MANUFACTURING_AREA');
INSERT INTO OBJECT_AUTHORIZATION (AUTHORITY_GROUP, OBJECT_TYPE, ACTION, KEY_VALUE) VALUES ('CARMNT_ADMIN', 'TABLE', 'SELECT', 'SERVICE_TYPE');
INSERT INTO OBJECT_AUTHORIZATION (AUTHORITY_GROUP, OBJECT_TYPE, ACTION, KEY_VALUE) VALUES ('CARMNT_ADMIN', 'TABLE', 'SELECT', 'BUSINESS_CUSTOMER_CHARGE');
INSERT INTO OBJECT_AUTHORIZATION (AUTHORITY_GROUP, OBJECT_TYPE, ACTION, KEY_VALUE) VALUES ('CARMNT_ADMIN', 'TABLE', 'SELECT', 'SERVICE_TYPE_STEP');
INSERT INTO OBJECT_AUTHORIZATION (AUTHORITY_GROUP, OBJECT_TYPE, ACTION, KEY_VALUE) VALUES ('CARMNT_ADMIN', 'TABLE', 'SELECT', 'VEHICLE_TYPE');
INSERT INTO OBJECT_AUTHORIZATION (AUTHORITY_GROUP, OBJECT_TYPE, ACTION, KEY_VALUE) VALUES ('CARMNT_ADMIN', 'TABLE', 'SELECT', 'VEHICLE_MODEL');
INSERT INTO OBJECT_AUTHORIZATION (AUTHORITY_GROUP, OBJECT_TYPE, ACTION, KEY_VALUE) VALUES ('CARMNT_ADMIN', 'TABLE', 'SELECT', 'MODEL_CONFIGURATION');
INSERT INTO OBJECT_AUTHORIZATION (AUTHORITY_GROUP, OBJECT_TYPE, ACTION, KEY_VALUE) VALUES ('CARMNT_ADMIN', 'TABLE', 'SELECT', 'MODEL_CONFIGURATION_PART');
INSERT INTO OBJECT_AUTHORIZATION (AUTHORITY_GROUP, OBJECT_TYPE, ACTION, KEY_VALUE) VALUES ('CARMNT_ADMIN', 'TABLE', 'SELECT', 'VEHICLE');
INSERT INTO OBJECT_AUTHORIZATION (AUTHORITY_GROUP, OBJECT_TYPE, ACTION, KEY_VALUE) VALUES ('CARMNT_ADMIN', 'TABLE', 'SELECT', 'VEHICLE_OWNER');
INSERT INTO OBJECT_AUTHORIZATION (AUTHORITY_GROUP, OBJECT_TYPE, ACTION, KEY_VALUE) VALUES ('CARMNT_ADMIN', 'TABLE', 'SELECT', 'SERVICE_CENTER');
INSERT INTO OBJECT_AUTHORIZATION (AUTHORITY_GROUP, OBJECT_TYPE, ACTION, KEY_VALUE) VALUES ('CARMNT_ADMIN', 'TABLE', 'SELECT', 'SERVICE_CENTER_BUSINESS');
INSERT INTO OBJECT_AUTHORIZATION (AUTHORITY_GROUP, OBJECT_TYPE, ACTION, KEY_VALUE) VALUES ('CARMNT_ADMIN', 'TABLE', 'SELECT', 'VEHICLE_SERVICE');
INSERT INTO OBJECT_AUTHORIZATION (AUTHORITY_GROUP, OBJECT_TYPE, ACTION, KEY_VALUE) VALUES ('CARMNT_ADMIN', 'TABLE', 'SELECT', 'VEHICLE_SERVICE_STEP');

INSERT INTO OBJECT_AUTHORIZATION (AUTHORITY_GROUP, OBJECT_TYPE, ACTION, KEY_VALUE) VALUES ('CARMNT_ADMIN', 'TABLE', 'INSERT', 'PRODUCTION_AREA');
INSERT INTO OBJECT_AUTHORIZATION (AUTHORITY_GROUP, OBJECT_TYPE, ACTION, KEY_VALUE) VALUES ('CARMNT_ADMIN', 'TABLE', 'INSERT', 'MANUFACTURING_AREA');
INSERT INTO OBJECT_AUTHORIZATION (AUTHORITY_GROUP, OBJECT_TYPE, ACTION, KEY_VALUE) VALUES ('CARMNT_ADMIN', 'TABLE', 'INSERT', 'SERVICE_TYPE');
INSERT INTO OBJECT_AUTHORIZATION (AUTHORITY_GROUP, OBJECT_TYPE, ACTION, KEY_VALUE) VALUES ('CARMNT_ADMIN', 'TABLE', 'INSERT', 'BUSINESS_CUSTOMER_CHARGE');
INSERT INTO OBJECT_AUTHORIZATION (AUTHORITY_GROUP, OBJECT_TYPE, ACTION, KEY_VALUE) VALUES ('CARMNT_ADMIN', 'TABLE', 'INSERT', 'SERVICE_TYPE_STEP');
INSERT INTO OBJECT_AUTHORIZATION (AUTHORITY_GROUP, OBJECT_TYPE, ACTION, KEY_VALUE) VALUES ('CARMNT_ADMIN', 'TABLE', 'INSERT', 'VEHICLE_TYPE');
INSERT INTO OBJECT_AUTHORIZATION (AUTHORITY_GROUP, OBJECT_TYPE, ACTION, KEY_VALUE) VALUES ('CARMNT_ADMIN', 'TABLE', 'INSERT', 'VEHICLE_MODEL');
INSERT INTO OBJECT_AUTHORIZATION (AUTHORITY_GROUP, OBJECT_TYPE, ACTION, KEY_VALUE) VALUES ('CARMNT_ADMIN', 'TABLE', 'INSERT', 'MODEL_CONFIGURATION');
INSERT INTO OBJECT_AUTHORIZATION (AUTHORITY_GROUP, OBJECT_TYPE, ACTION, KEY_VALUE) VALUES ('CARMNT_ADMIN', 'TABLE', 'INSERT', 'MODEL_CONFIGURATION_PART');
INSERT INTO OBJECT_AUTHORIZATION (AUTHORITY_GROUP, OBJECT_TYPE, ACTION, KEY_VALUE) VALUES ('CARMNT_ADMIN', 'TABLE', 'INSERT', 'VEHICLE');
INSERT INTO OBJECT_AUTHORIZATION (AUTHORITY_GROUP, OBJECT_TYPE, ACTION, KEY_VALUE) VALUES ('CARMNT_ADMIN', 'TABLE', 'INSERT', 'VEHICLE_OWNER');
INSERT INTO OBJECT_AUTHORIZATION (AUTHORITY_GROUP, OBJECT_TYPE, ACTION, KEY_VALUE) VALUES ('CARMNT_ADMIN', 'TABLE', 'INSERT', 'SERVICE_CENTER');
INSERT INTO OBJECT_AUTHORIZATION (AUTHORITY_GROUP, OBJECT_TYPE, ACTION, KEY_VALUE) VALUES ('CARMNT_ADMIN', 'TABLE', 'INSERT', 'SERVICE_CENTER_BUSINESS');
INSERT INTO OBJECT_AUTHORIZATION (AUTHORITY_GROUP, OBJECT_TYPE, ACTION, KEY_VALUE) VALUES ('CARMNT_ADMIN', 'TABLE', 'INSERT', 'VEHICLE_SERVICE');
INSERT INTO OBJECT_AUTHORIZATION (AUTHORITY_GROUP, OBJECT_TYPE, ACTION, KEY_VALUE) VALUES ('CARMNT_ADMIN', 'TABLE', 'INSERT', 'VEHICLE_SERVICE_STEP');

INSERT INTO OBJECT_AUTHORIZATION (AUTHORITY_GROUP, OBJECT_TYPE, ACTION, KEY_VALUE) VALUES ('CARMNT_ADMIN', 'TABLE', 'UPDATE', 'PRODUCTION_AREA');
INSERT INTO OBJECT_AUTHORIZATION (AUTHORITY_GROUP, OBJECT_TYPE, ACTION, KEY_VALUE) VALUES ('CARMNT_ADMIN', 'TABLE', 'UPDATE', 'MANUFACTURING_AREA');
INSERT INTO OBJECT_AUTHORIZATION (AUTHORITY_GROUP, OBJECT_TYPE, ACTION, KEY_VALUE) VALUES ('CARMNT_ADMIN', 'TABLE', 'UPDATE', 'SERVICE_TYPE');
INSERT INTO OBJECT_AUTHORIZATION (AUTHORITY_GROUP, OBJECT_TYPE, ACTION, KEY_VALUE) VALUES ('CARMNT_ADMIN', 'TABLE', 'UPDATE', 'BUSINESS_CUSTOMER_CHARGE');
INSERT INTO OBJECT_AUTHORIZATION (AUTHORITY_GROUP, OBJECT_TYPE, ACTION, KEY_VALUE) VALUES ('CARMNT_ADMIN', 'TABLE', 'UPDATE', 'SERVICE_TYPE_STEP');
INSERT INTO OBJECT_AUTHORIZATION (AUTHORITY_GROUP, OBJECT_TYPE, ACTION, KEY_VALUE) VALUES ('CARMNT_ADMIN', 'TABLE', 'UPDATE', 'VEHICLE_TYPE');
INSERT INTO OBJECT_AUTHORIZATION (AUTHORITY_GROUP, OBJECT_TYPE, ACTION, KEY_VALUE) VALUES ('CARMNT_ADMIN', 'TABLE', 'UPDATE', 'VEHICLE_MODEL');
INSERT INTO OBJECT_AUTHORIZATION (AUTHORITY_GROUP, OBJECT_TYPE, ACTION, KEY_VALUE) VALUES ('CARMNT_ADMIN', 'TABLE', 'UPDATE', 'MODEL_CONFIGURATION');
INSERT INTO OBJECT_AUTHORIZATION (AUTHORITY_GROUP, OBJECT_TYPE, ACTION, KEY_VALUE) VALUES ('CARMNT_ADMIN', 'TABLE', 'UPDATE', 'MODEL_CONFIGURATION_PART');
INSERT INTO OBJECT_AUTHORIZATION (AUTHORITY_GROUP, OBJECT_TYPE, ACTION, KEY_VALUE) VALUES ('CARMNT_ADMIN', 'TABLE', 'UPDATE', 'VEHICLE');
INSERT INTO OBJECT_AUTHORIZATION (AUTHORITY_GROUP, OBJECT_TYPE, ACTION, KEY_VALUE) VALUES ('CARMNT_ADMIN', 'TABLE', 'UPDATE', 'VEHICLE_OWNER');
INSERT INTO OBJECT_AUTHORIZATION (AUTHORITY_GROUP, OBJECT_TYPE, ACTION, KEY_VALUE) VALUES ('CARMNT_ADMIN', 'TABLE', 'UPDATE', 'SERVICE_CENTER');
INSERT INTO OBJECT_AUTHORIZATION (AUTHORITY_GROUP, OBJECT_TYPE, ACTION, KEY_VALUE) VALUES ('CARMNT_ADMIN', 'TABLE', 'UPDATE', 'SERVICE_CENTER_BUSINESS');
INSERT INTO OBJECT_AUTHORIZATION (AUTHORITY_GROUP, OBJECT_TYPE, ACTION, KEY_VALUE) VALUES ('CARMNT_ADMIN', 'TABLE', 'UPDATE', 'VEHICLE_SERVICE');
INSERT INTO OBJECT_AUTHORIZATION (AUTHORITY_GROUP, OBJECT_TYPE, ACTION, KEY_VALUE) VALUES ('CARMNT_ADMIN', 'TABLE', 'UPDATE', 'VEHICLE_SERVICE_STEP');

INSERT INTO OBJECT_AUTHORIZATION (AUTHORITY_GROUP, OBJECT_TYPE, ACTION, KEY_VALUE) VALUES ('CARMNT_ADMIN', 'TABLE', 'DELETE', 'PRODUCTION_AREA');
INSERT INTO OBJECT_AUTHORIZATION (AUTHORITY_GROUP, OBJECT_TYPE, ACTION, KEY_VALUE) VALUES ('CARMNT_ADMIN', 'TABLE', 'DELETE', 'MANUFACTURING_AREA');
INSERT INTO OBJECT_AUTHORIZATION (AUTHORITY_GROUP, OBJECT_TYPE, ACTION, KEY_VALUE) VALUES ('CARMNT_ADMIN', 'TABLE', 'DELETE', 'SERVICE_TYPE');
INSERT INTO OBJECT_AUTHORIZATION (AUTHORITY_GROUP, OBJECT_TYPE, ACTION, KEY_VALUE) VALUES ('CARMNT_ADMIN', 'TABLE', 'DELETE', 'BUSINESS_CUSTOMER_CHARGE');
INSERT INTO OBJECT_AUTHORIZATION (AUTHORITY_GROUP, OBJECT_TYPE, ACTION, KEY_VALUE) VALUES ('CARMNT_ADMIN', 'TABLE', 'DELETE', 'SERVICE_TYPE_STEP');
INSERT INTO OBJECT_AUTHORIZATION (AUTHORITY_GROUP, OBJECT_TYPE, ACTION, KEY_VALUE) VALUES ('CARMNT_ADMIN', 'TABLE', 'DELETE', 'VEHICLE_TYPE');
INSERT INTO OBJECT_AUTHORIZATION (AUTHORITY_GROUP, OBJECT_TYPE, ACTION, KEY_VALUE) VALUES ('CARMNT_ADMIN', 'TABLE', 'DELETE', 'VEHICLE_MODEL');
INSERT INTO OBJECT_AUTHORIZATION (AUTHORITY_GROUP, OBJECT_TYPE, ACTION, KEY_VALUE) VALUES ('CARMNT_ADMIN', 'TABLE', 'DELETE', 'MODEL_CONFIGURATION');
INSERT INTO OBJECT_AUTHORIZATION (AUTHORITY_GROUP, OBJECT_TYPE, ACTION, KEY_VALUE) VALUES ('CARMNT_ADMIN', 'TABLE', 'DELETE', 'MODEL_CONFIGURATION_PART');
INSERT INTO OBJECT_AUTHORIZATION (AUTHORITY_GROUP, OBJECT_TYPE, ACTION, KEY_VALUE) VALUES ('CARMNT_ADMIN', 'TABLE', 'DELETE', 'VEHICLE');
INSERT INTO OBJECT_AUTHORIZATION (AUTHORITY_GROUP, OBJECT_TYPE, ACTION, KEY_VALUE) VALUES ('CARMNT_ADMIN', 'TABLE', 'DELETE', 'VEHICLE_OWNER');
INSERT INTO OBJECT_AUTHORIZATION (AUTHORITY_GROUP, OBJECT_TYPE, ACTION, KEY_VALUE) VALUES ('CARMNT_ADMIN', 'TABLE', 'DELETE', 'SERVICE_CENTER');
INSERT INTO OBJECT_AUTHORIZATION (AUTHORITY_GROUP, OBJECT_TYPE, ACTION, KEY_VALUE) VALUES ('CARMNT_ADMIN', 'TABLE', 'DELETE', 'SERVICE_CENTER_BUSINESS');
INSERT INTO OBJECT_AUTHORIZATION (AUTHORITY_GROUP, OBJECT_TYPE, ACTION, KEY_VALUE) VALUES ('CARMNT_ADMIN', 'TABLE', 'DELETE', 'VEHICLE_SERVICE');
INSERT INTO OBJECT_AUTHORIZATION (AUTHORITY_GROUP, OBJECT_TYPE, ACTION, KEY_VALUE) VALUES ('CARMNT_ADMIN', 'TABLE', 'DELETE', 'VEHICLE_SERVICE_STEP');



INSERT INTO BUSINESS_SERVICE (BUSINESS_SERVICE_ID, CAPTION) VALUES ('CARMNT', 'VEHICLE MAINTENANCE SERVICE');
