CREATE TABLE SUPPORT_AREA (
  SUPPORT_AREA_ID      VARCHAR(20)  NOT NULL,
  PARENT_ID            VARCHAR(20),
  CAPTION              VARCHAR(80)  NOT NULL
);

ALTER TABLE SUPPORT_AREA
  ADD CONSTRAINT SUPPORT_AREA_PK
      PRIMARY KEY (SUPPORT_AREA_ID);

ALTER TABLE SUPPORT_AREA
  ADD CONSTRAINT SUPPORT_AREA_FK1
      FOREIGN KEY(PARENT_ID)   REFERENCES SUPPORT_AREA (SUPPORT_AREA_ID);

CREATE INDEX SUPPORT_AREA_IND1 ON SUPPORT_AREA (PARENT_ID);



CREATE TABLE SUPPORT_GROUP (
  SUPPORT_GROUP_ID     INTEGER      NOT NULL,
  CAPTION              VARCHAR(80)  NOT NULL,
  BUSINESS_CUSTOMER_ID VARCHAR(20)  NOT NULL
);

ALTER TABLE SUPPORT_GROUP
  ADD CONSTRAINT SUPPORT_GROUP_PK
      PRIMARY KEY(SUPPORT_GROUP_ID);

CREATE SEQUENCE SUPPORT_GROUP_ID_SEQ START WITH 1 INCREMENT BY 1;

ALTER TABLE SUPPORT_GROUP
  ADD CONSTRAINT SUPPORT_GROUP_FK1
      FOREIGN KEY(BUSINESS_CUSTOMER_ID) REFERENCES BUSINESS_CUSTOMER (BUSINESS_CUSTOMER_ID);

CREATE INDEX SUPPORT_GROUP_IND1 ON SUPPORT_GROUP (BUSINESS_CUSTOMER_ID);



CREATE TABLE SUPPORT_AGENT (
  USERNAME             VARCHAR(30)   NOT NULL,
  SUPPORT_GROUP_ID     INTEGER       NOT NULL,
  BEGDA                TIMESTAMP     NOT NULL,
  ENDDA                TIMESTAMP,
  SERVICE_DAYS         CHAR(1),
  SERVICE_HOURS        CHAR(1),
  WORK_SHIFT           CHAR(1)
);

ALTER TABLE SUPPORT_AGENT
  ADD CONSTRAINT SUPPORT_AGENT_PK
      PRIMARY KEY(USERNAME, SUPPORT_GROUP_ID, BEGDA);

ALTER TABLE SUPPORT_AGENT
  ADD CONSTRAINT SUPPORT_AGENT_FK1
      FOREIGN KEY(USERNAME)          REFERENCES USER_ACCOUNT  (USERNAME);

ALTER TABLE SUPPORT_AGENT
  ADD CONSTRAINT SUPPORT_AGENT_FK2
      FOREIGN KEY(SUPPORT_GROUP_ID)  REFERENCES SUPPORT_GROUP (SUPPORT_GROUP_ID);

CREATE INDEX SUPPORT_AGENT_IND1 ON SUPPORT_AGENT (SUPPORT_GROUP_ID);



CREATE TABLE SERVICE_LEVEL_AGGREMENT (
  SUPPORT_AREA_ID      VARCHAR(20)   NOT NULL,
  SERVICE_CUSTOMER_ID  INTEGER       NOT NULL,
  BEGDA                TIMESTAMP     NOT NULL,
  ENDDA                TIMESTAMP,
  INITIAL_RESPONSE     INTEGER,
  EXPERT_RESPONSE      INTEGER,
  SERVICE_DAYS         CHAR(1),
  SERVICE_HOURS        CHAR(1)
);

ALTER TABLE SERVICE_LEVEL_AGGREMENT
  ADD CONSTRAINT SERVICE_LEVEL_AGGREMENT_PK
      PRIMARY KEY(SUPPORT_AREA_ID, SERVICE_CUSTOMER_ID, BEGDA);

ALTER TABLE SERVICE_LEVEL_AGGREMENT
  ADD CONSTRAINT SERVICE_LEVEL_AGGREMENT_FK1
      FOREIGN KEY(SUPPORT_AREA_ID)      REFERENCES SUPPORT_AREA     (SUPPORT_AREA_ID);

ALTER TABLE SERVICE_LEVEL_AGGREMENT
  ADD CONSTRAINT SERVICE_LEVEL_AGGREMENT_FK2
      FOREIGN KEY(SERVICE_CUSTOMER_ID)  REFERENCES SERVICE_CUSTOMER (SERVICE_CUSTOMER_ID);

CREATE INDEX SERVICE_LEVEL_AGGREMENT_IND1 ON SERVICE_LEVEL_AGGREMENT (SERVICE_CUSTOMER_ID);



CREATE TABLE SUPPORT_TICKET (
  TICKET_ID            INTEGER       NOT NULL,
  OWNER_USER           VARCHAR(30)   NOT NULL,
  SUPPORT_AREA_ID      VARCHAR(20)   NOT NULL,
  ISSUE_DATE           TIMESTAMP     NOT NULL,
  PRIORITY             CHAR(1)       NOT NULL,
  TICKET_TYPE          CHAR(1)       NOT NULL,
  STATUS               CHAR(1)       NOT NULL,
  CAPTION              VARCHAR(80)   NOT NULL,
  ASSET_NAME           VARCHAR(80),
  AGENT_USER           VARCHAR(30),
  SUPPORT_GROUP_ID     INTEGER
);

ALTER TABLE SUPPORT_TICKET
  ADD CONSTRAINT SUPPORT_TICKET_PK
      PRIMARY KEY(TICKET_ID);

CREATE SEQUENCE SUPPORT_TICKET_ID_SEQ START WITH 1 INCREMENT BY 1;

ALTER TABLE SUPPORT_TICKET
  ADD CONSTRAINT SUPPORT_TICKET_FK1
      FOREIGN KEY(SUPPORT_AREA_ID)
      REFERENCES SUPPORT_AREA  (SUPPORT_AREA_ID);

CREATE INDEX SUPPORT_TICKET_IND1 ON SUPPORT_TICKET (SUPPORT_AREA_ID);

ALTER TABLE SUPPORT_TICKET
  ADD CONSTRAINT SUPPORT_TICKET_FK2
      FOREIGN KEY(SUPPORT_GROUP_ID)
      REFERENCES SUPPORT_GROUP (SUPPORT_GROUP_ID);

CREATE INDEX SUPPORT_TICKET_IND3 ON SUPPORT_TICKET (SUPPORT_GROUP_ID);

ALTER TABLE SUPPORT_TICKET
  ADD CONSTRAINT SUPPORT_TICKET_FK3
      FOREIGN KEY(OWNER_USER)
      REFERENCES USER_ACCOUNT  (USERNAME);

CREATE INDEX SUPPORT_TICKET_IND2 ON SUPPORT_TICKET (OWNER_USER);

ALTER TABLE SUPPORT_TICKET
  ADD CONSTRAINT SUPPORT_TICKET_FK4
      FOREIGN KEY(AGENT_USER)
      REFERENCES USER_ACCOUNT  (USERNAME);

CREATE INDEX SUPPORT_TICKET_IND4 ON SUPPORT_TICKET (AGENT_USER);




CREATE TABLE TICKET_EVENT (
  TICKET_ID            INTEGER       NOT NULL,
  EVENT_DATE           TIMESTAMP     NOT NULL,
  USERNAME             VARCHAR(30)   NOT NULL,
  OLD_STATUS           INTEGER       NOT NULL,
  NEW_STATUS           INTEGER       NOT NULL,
  TEXT_TYPE            INTEGER,
  DESCRIPTION          VARCHAR(2000)
);

ALTER TABLE TICKET_EVENT
  ADD CONSTRAINT TICKET_EVENT_PK
      PRIMARY KEY (TICKET_ID, EVENT_DATE);

ALTER TABLE TICKET_EVENT
  ADD CONSTRAINT TICKET_EVENT_FK1
      FOREIGN KEY(TICKET_ID)
      REFERENCES SUPPORT_TICKET (TICKET_ID);

ALTER TABLE TICKET_EVENT
  ADD CONSTRAINT TICKET_EVENT_FK2
      FOREIGN KEY(USERNAME)
       REFERENCES USER_ACCOUNT   (USERNAME);

CREATE INDEX TICKET_EVENT_IND1 ON TICKET_EVENT (USERNAME);



CREATE TABLE FILE_LOCATION (
  FILE_LOCATION_ID     INTEGER      NOT NULL,
  URL                  VARCHAR(255) NOT NULL,
  ATTACH_DATE          TIMESTAMP    NOT NULL,
  FILE_SIZE            INTEGER      NOT NULL,
  TICKET_ID            INTEGER,
  EVENT_DATE           TIMESTAMP
);

ALTER TABLE FILE_LOCATION
  ADD CONSTRAINT FILE_LOCATION_PK
      PRIMARY KEY (FILE_LOCATION_ID);

CREATE SEQUENCE FILE_LOCATION_ID_SEQ START WITH 1 INCREMENT BY 1;

ALTER TABLE FILE_LOCATION
  ADD CONSTRAINT FILE_LOCATION_FK1
      FOREIGN KEY(TICKET_ID, EVENT_DATE)   REFERENCES TICKET_EVENT (TICKET_ID, EVENT_DATE);

CREATE INDEX FILE_LOCATION_IND1 ON FILE_LOCATION (TICKET_ID, EVENT_DATE);



INSERT INTO DOMAIN_NAME  (DOMAIN,KEYSIZE,CAPTION,SORT_BY)  VALUES ('TICKET_TYPE', 1,   'TICKET_TYPE', 'V');
INSERT INTO DOMAIN_VALUE (DOMAIN,REFVALUE,CAPTION) VALUES ('TICKET_TYPE', 'E', 'ERROR_REPORT');
INSERT INTO DOMAIN_VALUE (DOMAIN,REFVALUE,CAPTION) VALUES ('TICKET_TYPE', 'D', 'DEVELOPMENT_REQUEST');
INSERT INTO DOMAIN_VALUE (DOMAIN,REFVALUE,CAPTION) VALUES ('TICKET_TYPE', 'U', 'USER_ACCOUNT');
INSERT INTO DOMAIN_VALUE (DOMAIN,REFVALUE,CAPTION) VALUES ('TICKET_TYPE', 'A', 'ASSISTANCE');
INSERT INTO DOMAIN_VALUE (DOMAIN,REFVALUE,CAPTION) VALUES ('TICKET_TYPE', 'S', 'SYSTEM_ADMINISTRATION');

INSERT INTO DOMAIN_NAME  (DOMAIN,KEYSIZE,CAPTION,SORT_BY)  VALUES ('TICKET_STATUS', 1,   'TICKET_STATUS', 'K');
INSERT INTO DOMAIN_VALUE (DOMAIN,REFVALUE,CAPTION) VALUES ('TICKET_STATUS', 'I', 'INITIAL');
INSERT INTO DOMAIN_VALUE (DOMAIN,REFVALUE,CAPTION) VALUES ('TICKET_STATUS', 'P', 'PROCESSING');
INSERT INTO DOMAIN_VALUE (DOMAIN,REFVALUE,CAPTION) VALUES ('TICKET_STATUS', 'R', 'RESOLVED');
INSERT INTO DOMAIN_VALUE (DOMAIN,REFVALUE,CAPTION) VALUES ('TICKET_STATUS', 'S', 'SOLVED');

INSERT INTO DOMAIN_NAME  (DOMAIN,KEYSIZE,CAPTION,SORT_BY)  VALUES ('TICKET_PRIORITY', 1,   'TICKET_PRIORITY', 'K');
INSERT INTO DOMAIN_VALUE (DOMAIN,REFVALUE,CAPTION) VALUES ('TICKET_PRIORITY', '1', 'HIGH');
INSERT INTO DOMAIN_VALUE (DOMAIN,REFVALUE,CAPTION) VALUES ('TICKET_PRIORITY', '2', 'MEDIUM');
INSERT INTO DOMAIN_VALUE (DOMAIN,REFVALUE,CAPTION) VALUES ('TICKET_PRIORITY', '3', 'LOW');

INSERT INTO DOMAIN_NAME  (DOMAIN,KEYSIZE,CAPTION,SORT_BY)  VALUES ('TICKET_TEXT_TYPE', 1,  'TICKET_TEXT_TYPE', 'K');
INSERT INTO DOMAIN_VALUE (DOMAIN,REFVALUE,CAPTION) VALUES ('TICKET_TEXT_TYPE', 'D', 'DESCRIPTION');
INSERT INTO DOMAIN_VALUE (DOMAIN,REFVALUE,CAPTION) VALUES ('TICKET_TEXT_TYPE', 'I', 'INFORMATION_REQUEST');
INSERT INTO DOMAIN_VALUE (DOMAIN,REFVALUE,CAPTION) VALUES ('TICKET_TEXT_TYPE', 'K', 'USER_COMMENT');
INSERT INTO DOMAIN_VALUE (DOMAIN,REFVALUE,CAPTION) VALUES ('TICKET_TEXT_TYPE', 'S', 'SOLUTION');

INSERT INTO DOMAIN_NAME  (DOMAIN,KEYSIZE,CAPTION,SORT_BY)  VALUES ('SERVICE_DAYS', 1,   'SERVICE_DAYS', 'V');
INSERT INTO DOMAIN_VALUE (DOMAIN,REFVALUE,CAPTION) VALUES ('SERVICE_DAYS', 'W', 'WORK_DAYS');
INSERT INTO DOMAIN_VALUE (DOMAIN,REFVALUE,CAPTION) VALUES ('SERVICE_DAYS', 'C', 'CALENDAR_DAYS');

INSERT INTO DOMAIN_NAME  (DOMAIN,KEYSIZE,CAPTION,SORT_BY)  VALUES ('SERVICE_HOURS', 1,   'SERVICE_HOURS', 'V');
INSERT INTO DOMAIN_VALUE (DOMAIN,REFVALUE,CAPTION) VALUES ('SERVICE_HOURS', '8', '5X9');
INSERT INTO DOMAIN_VALUE (DOMAIN,REFVALUE,CAPTION) VALUES ('SERVICE_HOURS', 'F', '7X24');

INSERT INTO DOMAIN_LOOKUP (DOMAIN, TABLENAME, FIELDNAME) VALUES ('TICKET_TYPE',      'SUPPORT_TICKET',           'TICKET_TYPE');
INSERT INTO DOMAIN_LOOKUP (DOMAIN, TABLENAME, FIELDNAME) VALUES ('TICKET_STATUS',    'SUPPORT_TICKET',           'STATUS');
INSERT INTO DOMAIN_LOOKUP (DOMAIN, TABLENAME, FIELDNAME) VALUES ('TICKET_PRIORITY',  'SUPPORT_TICKET',           'PRIORITY');
INSERT INTO DOMAIN_LOOKUP (DOMAIN, TABLENAME, FIELDNAME) VALUES ('TICKET_TEXT_TYPE', 'TICKET_TEXT',              'TEXT_TYPE');
INSERT INTO DOMAIN_LOOKUP (DOMAIN, TABLENAME, FIELDNAME) VALUES ('SERVICE_DAYS',     'SERVICE_LEVEL_AGGREEMENT', 'SERVICE_DAYS');
INSERT INTO DOMAIN_LOOKUP (DOMAIN, TABLENAME, FIELDNAME) VALUES ('SERVICE_HOURS',    'SERVICE_LEVEL_AGGREEMENT', 'SERVICE_HOURS');



INSERT INTO MAIN_MENU (MENU, CAPTION, ICON, DISPLAY_ORDER) VALUES ('HELPDESK',  'HELPDESK', 'fa-circle', 9700);

INSERT INTO SCREEN_PAGE (PAGENAME,CAPTION,ICON,URL,MENU,DISPLAY_ORDER) VALUES ('SUPPORT_AREA',     'SUPPORT_AREA',     'fa-circle',          'supportArea/list',            'HELPDESK', 10);
INSERT INTO SCREEN_PAGE (PAGENAME,CAPTION,ICON,URL,MENU,DISPLAY_ORDER) VALUES ('SUPPORT_GROUP',    'SUPPORT_GROUP',    'fa-circle',          'supportGroup/list',           'HELPDESK', 20);
INSERT INTO SCREEN_PAGE (PAGENAME,CAPTION,ICON,URL,MENU,DISPLAY_ORDER) VALUES ('SUPPORT_TICKET',   'SUPPORT_TICKET',   'fa-circle',          'supportTicket/list',          'HELPDESK', 30);
INSERT INTO SCREEN_PAGE (PAGENAME,CAPTION,ICON,URL,MENU,DISPLAY_ORDER) VALUES ('TICKET_REPORT',    'TICKET_REPORT',    'fa-file-text',       'ticketReport/list',           'HELPDESK', 40);



INSERT INTO AUTHORITY_OBJECT (OBJECT_TYPE) VALUES ('SUPPORT_TICKET');

INSERT INTO AUTHORITY_OBJECT_ACTION (OBJECT_TYPE,ACTION) VALUES ('SUPPORT_TICKET',      'INITIALIZE');
INSERT INTO AUTHORITY_OBJECT_ACTION (OBJECT_TYPE,ACTION) VALUES ('SUPPORT_TICKET',      'ATTACH');
INSERT INTO AUTHORITY_OBJECT_ACTION (OBJECT_TYPE,ACTION) VALUES ('SUPPORT_TICKET',      'PROCESS');
INSERT INTO AUTHORITY_OBJECT_ACTION (OBJECT_TYPE,ACTION) VALUES ('SUPPORT_TICKET',      'RESOLVE');
INSERT INTO AUTHORITY_OBJECT_ACTION (OBJECT_TYPE,ACTION) VALUES ('SUPPORT_TICKET',      'CLOSE');



INSERT INTO AUTHORITY_GROUP (AUTHORITY_GROUP,CAPTION) VALUES ('HELPDESKUSER', 'HELPDESKUSER');

INSERT INTO OBJECT_AUTHORIZATION (AUTHORITY_GROUP,OBJECT_TYPE,ACTION,KEY_VALUE) VALUES ('HELPDESKUSER', 'SUPPORT_TICKET', 'INITIALIZE', '*');
INSERT INTO OBJECT_AUTHORIZATION (AUTHORITY_GROUP,OBJECT_TYPE,ACTION,KEY_VALUE) VALUES ('HELPDESKUSER', 'SUPPORT_TICKET', 'ATTACH',     '*');
INSERT INTO OBJECT_AUTHORIZATION (AUTHORITY_GROUP,OBJECT_TYPE,ACTION,KEY_VALUE) VALUES ('HELPDESKUSER', 'SUPPORT_TICKET', 'CLOSE',      '*');

INSERT INTO OBJECT_AUTHORIZATION (AUTHORITY_GROUP,OBJECT_TYPE,ACTION,KEY_VALUE) VALUES ('HELPDESKUSER',  'PAGE', 'ACCESS', 'SUPPORT_TICKET');

INSERT INTO OBJECT_AUTHORIZATION (AUTHORITY_GROUP,OBJECT_TYPE,ACTION,KEY_VALUE) VALUES ('HELPDESKUSER', 'TABLE', 'SELECT', 'SUPPORT_TICKET' );
INSERT INTO OBJECT_AUTHORIZATION (AUTHORITY_GROUP,OBJECT_TYPE,ACTION,KEY_VALUE) VALUES ('HELPDESKUSER', 'TABLE', 'SELECT', 'TICKET_EVENT' );
INSERT INTO OBJECT_AUTHORIZATION (AUTHORITY_GROUP,OBJECT_TYPE,ACTION,KEY_VALUE) VALUES ('HELPDESKUSER', 'TABLE', 'SELECT', 'FILE_LOCATION' );

INSERT INTO OBJECT_AUTHORIZATION (AUTHORITY_GROUP,OBJECT_TYPE,ACTION,KEY_VALUE) VALUES ('HELPDESKUSER', 'TABLE', 'INSERT', 'SUPPORT_TICKET' );
INSERT INTO OBJECT_AUTHORIZATION (AUTHORITY_GROUP,OBJECT_TYPE,ACTION,KEY_VALUE) VALUES ('HELPDESKUSER', 'TABLE', 'INSERT', 'TICKET_EVENT' );
INSERT INTO OBJECT_AUTHORIZATION (AUTHORITY_GROUP,OBJECT_TYPE,ACTION,KEY_VALUE) VALUES ('HELPDESKUSER', 'TABLE', 'INSERT', 'FILE_LOCATION' );

INSERT INTO OBJECT_AUTHORIZATION (AUTHORITY_GROUP,OBJECT_TYPE,ACTION,KEY_VALUE) VALUES ('HELPDESKUSER', 'TABLE', 'UPDATE', 'SUPPORT_TICKET' );
INSERT INTO OBJECT_AUTHORIZATION (AUTHORITY_GROUP,OBJECT_TYPE,ACTION,KEY_VALUE) VALUES ('HELPDESKUSER', 'TABLE', 'UPDATE', 'TICKET_EVENT' );
INSERT INTO OBJECT_AUTHORIZATION (AUTHORITY_GROUP,OBJECT_TYPE,ACTION,KEY_VALUE) VALUES ('HELPDESKUSER', 'TABLE', 'UPDATE', 'FILE_LOCATION' );

INSERT INTO OBJECT_AUTHORIZATION (AUTHORITY_GROUP,OBJECT_TYPE,ACTION,KEY_VALUE) VALUES ('HELPDESKUSER', 'TABLE', 'DELETE', 'SUPPORT_TICKET' );
INSERT INTO OBJECT_AUTHORIZATION (AUTHORITY_GROUP,OBJECT_TYPE,ACTION,KEY_VALUE) VALUES ('HELPDESKUSER', 'TABLE', 'DELETE', 'TICKET_EVENT' );
INSERT INTO OBJECT_AUTHORIZATION (AUTHORITY_GROUP,OBJECT_TYPE,ACTION,KEY_VALUE) VALUES ('HELPDESKUSER', 'TABLE', 'DELETE', 'FILE_LOCATION' );



INSERT INTO AUTHORITY_GROUP (AUTHORITY_GROUP,CAPTION) VALUES ('HELPDESKADMIN', 'HELPDESKADMIN');

INSERT INTO OBJECT_AUTHORIZATION (AUTHORITY_GROUP,OBJECT_TYPE,ACTION,KEY_VALUE) VALUES ('HELPDESKADMIN', 'SUPPORT_TICKET', 'INITIALIZE', '*');
INSERT INTO OBJECT_AUTHORIZATION (AUTHORITY_GROUP,OBJECT_TYPE,ACTION,KEY_VALUE) VALUES ('HELPDESKADMIN', 'SUPPORT_TICKET', 'ATTACH',     '*');
INSERT INTO OBJECT_AUTHORIZATION (AUTHORITY_GROUP,OBJECT_TYPE,ACTION,KEY_VALUE) VALUES ('HELPDESKADMIN', 'SUPPORT_TICKET', 'PROCESS',    '*');
INSERT INTO OBJECT_AUTHORIZATION (AUTHORITY_GROUP,OBJECT_TYPE,ACTION,KEY_VALUE) VALUES ('HELPDESKADMIN', 'SUPPORT_TICKET', 'RESOLVE',    '*');

INSERT INTO OBJECT_AUTHORIZATION (AUTHORITY_GROUP,OBJECT_TYPE,ACTION,KEY_VALUE) VALUES ('HELPDESKADMIN', 'PAGE', 'ACCESS', 'SUPPORT_AREA');
INSERT INTO OBJECT_AUTHORIZATION (AUTHORITY_GROUP,OBJECT_TYPE,ACTION,KEY_VALUE) VALUES ('HELPDESKADMIN', 'PAGE', 'ACCESS', 'SUPPORT_GROUP');
INSERT INTO OBJECT_AUTHORIZATION (AUTHORITY_GROUP,OBJECT_TYPE,ACTION,KEY_VALUE) VALUES ('HELPDESKADMIN', 'PAGE', 'ACCESS', 'CUSTOMER');
INSERT INTO OBJECT_AUTHORIZATION (AUTHORITY_GROUP,OBJECT_TYPE,ACTION,KEY_VALUE) VALUES ('HELPDESKADMIN', 'PAGE', 'ACCESS', 'PERSON');
INSERT INTO OBJECT_AUTHORIZATION (AUTHORITY_GROUP,OBJECT_TYPE,ACTION,KEY_VALUE) VALUES ('HELPDESKADMIN', 'PAGE', 'ACCESS', 'SUPPORT_TICKET');
INSERT INTO OBJECT_AUTHORIZATION (AUTHORITY_GROUP,OBJECT_TYPE,ACTION,KEY_VALUE) VALUES ('HELPDESKADMIN', 'PAGE', 'ACCESS', 'TICKET_REPORT');

INSERT INTO OBJECT_AUTHORIZATION (AUTHORITY_GROUP,OBJECT_TYPE,ACTION,KEY_VALUE) VALUES ('HELPDESKADMIN', 'TABLE', 'SELECT', 'SERVICE_CUSTOMER' );
INSERT INTO OBJECT_AUTHORIZATION (AUTHORITY_GROUP,OBJECT_TYPE,ACTION,KEY_VALUE) VALUES ('HELPDESKADMIN', 'TABLE', 'SELECT', 'SERVICE_LEVEL_AGGREMENT' );
INSERT INTO OBJECT_AUTHORIZATION (AUTHORITY_GROUP,OBJECT_TYPE,ACTION,KEY_VALUE) VALUES ('HELPDESKADMIN', 'TABLE', 'SELECT', 'SUPPORT_AREA' );
INSERT INTO OBJECT_AUTHORIZATION (AUTHORITY_GROUP,OBJECT_TYPE,ACTION,KEY_VALUE) VALUES ('HELPDESKADMIN', 'TABLE', 'SELECT', 'CUSTOMER_EMPLOYEE' );
INSERT INTO OBJECT_AUTHORIZATION (AUTHORITY_GROUP,OBJECT_TYPE,ACTION,KEY_VALUE) VALUES ('HELPDESKADMIN', 'TABLE', 'SELECT', 'PERSON' );
INSERT INTO OBJECT_AUTHORIZATION (AUTHORITY_GROUP,OBJECT_TYPE,ACTION,KEY_VALUE) VALUES ('HELPDESKADMIN', 'TABLE', 'SELECT', 'SUPPORT_GROUP' );
INSERT INTO OBJECT_AUTHORIZATION (AUTHORITY_GROUP,OBJECT_TYPE,ACTION,KEY_VALUE) VALUES ('HELPDESKADMIN', 'TABLE', 'SELECT', 'SUPPORT_AGENT' );
INSERT INTO OBJECT_AUTHORIZATION (AUTHORITY_GROUP,OBJECT_TYPE,ACTION,KEY_VALUE) VALUES ('HELPDESKADMIN', 'TABLE', 'SELECT', 'SUPPORT_TICKET' );
INSERT INTO OBJECT_AUTHORIZATION (AUTHORITY_GROUP,OBJECT_TYPE,ACTION,KEY_VALUE) VALUES ('HELPDESKADMIN', 'TABLE', 'SELECT', 'TICKET_EVENT' );
INSERT INTO OBJECT_AUTHORIZATION (AUTHORITY_GROUP,OBJECT_TYPE,ACTION,KEY_VALUE) VALUES ('HELPDESKADMIN', 'TABLE', 'SELECT', 'FILE_LOCATION' );

INSERT INTO OBJECT_AUTHORIZATION (AUTHORITY_GROUP,OBJECT_TYPE,ACTION,KEY_VALUE) VALUES ('HELPDESKADMIN', 'TABLE', 'INSERT', 'SERVICE_CUSTOMER' );
INSERT INTO OBJECT_AUTHORIZATION (AUTHORITY_GROUP,OBJECT_TYPE,ACTION,KEY_VALUE) VALUES ('HELPDESKADMIN', 'TABLE', 'INSERT', 'SERVICE_LEVEL_AGGREMENT' );
INSERT INTO OBJECT_AUTHORIZATION (AUTHORITY_GROUP,OBJECT_TYPE,ACTION,KEY_VALUE) VALUES ('HELPDESKADMIN', 'TABLE', 'INSERT', 'SUPPORT_AREA' );
INSERT INTO OBJECT_AUTHORIZATION (AUTHORITY_GROUP,OBJECT_TYPE,ACTION,KEY_VALUE) VALUES ('HELPDESKADMIN', 'TABLE', 'INSERT', 'CUSTOMER_EMPLOYEE' );
INSERT INTO OBJECT_AUTHORIZATION (AUTHORITY_GROUP,OBJECT_TYPE,ACTION,KEY_VALUE) VALUES ('HELPDESKADMIN', 'TABLE', 'INSERT', 'PERSON' );
INSERT INTO OBJECT_AUTHORIZATION (AUTHORITY_GROUP,OBJECT_TYPE,ACTION,KEY_VALUE) VALUES ('HELPDESKADMIN', 'TABLE', 'INSERT', 'SUPPORT_GROUP' );
INSERT INTO OBJECT_AUTHORIZATION (AUTHORITY_GROUP,OBJECT_TYPE,ACTION,KEY_VALUE) VALUES ('HELPDESKADMIN', 'TABLE', 'INSERT', 'SUPPORT_AGENT' );
INSERT INTO OBJECT_AUTHORIZATION (AUTHORITY_GROUP,OBJECT_TYPE,ACTION,KEY_VALUE) VALUES ('HELPDESKADMIN', 'TABLE', 'INSERT', 'SUPPORT_TICKET' );
INSERT INTO OBJECT_AUTHORIZATION (AUTHORITY_GROUP,OBJECT_TYPE,ACTION,KEY_VALUE) VALUES ('HELPDESKADMIN', 'TABLE', 'INSERT', 'TICKET_EVENT' );
INSERT INTO OBJECT_AUTHORIZATION (AUTHORITY_GROUP,OBJECT_TYPE,ACTION,KEY_VALUE) VALUES ('HELPDESKADMIN', 'TABLE', 'INSERT', 'FILE_LOCATION' );

INSERT INTO OBJECT_AUTHORIZATION (AUTHORITY_GROUP,OBJECT_TYPE,ACTION,KEY_VALUE) VALUES ('HELPDESKADMIN', 'TABLE', 'UPDATE', 'SERVICE_CUSTOMER' );
INSERT INTO OBJECT_AUTHORIZATION (AUTHORITY_GROUP,OBJECT_TYPE,ACTION,KEY_VALUE) VALUES ('HELPDESKADMIN', 'TABLE', 'UPDATE', 'SERVICE_LEVEL_AGGREMENT' );
INSERT INTO OBJECT_AUTHORIZATION (AUTHORITY_GROUP,OBJECT_TYPE,ACTION,KEY_VALUE) VALUES ('HELPDESKADMIN', 'TABLE', 'UPDATE', 'SUPPORT_AREA' );
INSERT INTO OBJECT_AUTHORIZATION (AUTHORITY_GROUP,OBJECT_TYPE,ACTION,KEY_VALUE) VALUES ('HELPDESKADMIN', 'TABLE', 'UPDATE', 'CUSTOMER_EMPLOYEE' );
INSERT INTO OBJECT_AUTHORIZATION (AUTHORITY_GROUP,OBJECT_TYPE,ACTION,KEY_VALUE) VALUES ('HELPDESKADMIN', 'TABLE', 'UPDATE', 'PERSON' );
INSERT INTO OBJECT_AUTHORIZATION (AUTHORITY_GROUP,OBJECT_TYPE,ACTION,KEY_VALUE) VALUES ('HELPDESKADMIN', 'TABLE', 'UPDATE', 'SUPPORT_GROUP' );
INSERT INTO OBJECT_AUTHORIZATION (AUTHORITY_GROUP,OBJECT_TYPE,ACTION,KEY_VALUE) VALUES ('HELPDESKADMIN', 'TABLE', 'UPDATE', 'SUPPORT_AGENT' );
INSERT INTO OBJECT_AUTHORIZATION (AUTHORITY_GROUP,OBJECT_TYPE,ACTION,KEY_VALUE) VALUES ('HELPDESKADMIN', 'TABLE', 'UPDATE', 'SUPPORT_TICKET' );
INSERT INTO OBJECT_AUTHORIZATION (AUTHORITY_GROUP,OBJECT_TYPE,ACTION,KEY_VALUE) VALUES ('HELPDESKADMIN', 'TABLE', 'UPDATE', 'TICKET_EVENT' );
INSERT INTO OBJECT_AUTHORIZATION (AUTHORITY_GROUP,OBJECT_TYPE,ACTION,KEY_VALUE) VALUES ('HELPDESKADMIN', 'TABLE', 'UPDATE', 'FILE_LOCATION' );

INSERT INTO OBJECT_AUTHORIZATION (AUTHORITY_GROUP,OBJECT_TYPE,ACTION,KEY_VALUE) VALUES ('HELPDESKADMIN', 'TABLE', 'DELETE', 'SERVICE_CUSTOMER' );
INSERT INTO OBJECT_AUTHORIZATION (AUTHORITY_GROUP,OBJECT_TYPE,ACTION,KEY_VALUE) VALUES ('HELPDESKADMIN', 'TABLE', 'DELETE', 'SERVICE_LEVEL_AGGREMENT' );
INSERT INTO OBJECT_AUTHORIZATION (AUTHORITY_GROUP,OBJECT_TYPE,ACTION,KEY_VALUE) VALUES ('HELPDESKADMIN', 'TABLE', 'DELETE', 'SUPPORT_AREA' );
INSERT INTO OBJECT_AUTHORIZATION (AUTHORITY_GROUP,OBJECT_TYPE,ACTION,KEY_VALUE) VALUES ('HELPDESKADMIN', 'TABLE', 'DELETE', 'CUSTOMER_EMPLOYEE' );
INSERT INTO OBJECT_AUTHORIZATION (AUTHORITY_GROUP,OBJECT_TYPE,ACTION,KEY_VALUE) VALUES ('HELPDESKADMIN', 'TABLE', 'DELETE', 'PERSON' );
INSERT INTO OBJECT_AUTHORIZATION (AUTHORITY_GROUP,OBJECT_TYPE,ACTION,KEY_VALUE) VALUES ('HELPDESKADMIN', 'TABLE', 'DELETE', 'SUPPORT_GROUP' );
INSERT INTO OBJECT_AUTHORIZATION (AUTHORITY_GROUP,OBJECT_TYPE,ACTION,KEY_VALUE) VALUES ('HELPDESKADMIN', 'TABLE', 'DELETE', 'SUPPORT_AGENT' );
INSERT INTO OBJECT_AUTHORIZATION (AUTHORITY_GROUP,OBJECT_TYPE,ACTION,KEY_VALUE) VALUES ('HELPDESKADMIN', 'TABLE', 'DELETE', 'SUPPORT_TICKET' );
INSERT INTO OBJECT_AUTHORIZATION (AUTHORITY_GROUP,OBJECT_TYPE,ACTION,KEY_VALUE) VALUES ('HELPDESKADMIN', 'TABLE', 'DELETE', 'TICKET_EVENT' );
INSERT INTO OBJECT_AUTHORIZATION (AUTHORITY_GROUP,OBJECT_TYPE,ACTION,KEY_VALUE) VALUES ('HELPDESKADMIN', 'TABLE', 'DELETE', 'FILE_LOCATION' );



INSERT INTO BUSINESS_SERVICE VALUES('HELPDESK', 'HELPDESK');
