INSERT INTO BUSINESS_PARTNER (BUSINESS_PARTNER_ID, CAPTION) VALUES (1, 'MALAZIMA');

INSERT INTO APPLICATION_CONFIG (OWNER_ID, DOMAIN, HOMEPAGE, APPLICATION_TITLE, INITIAL_CONTENT, INITIAL_SKIN) VALUES (1, 'www.malazima.com', 'home/conspro', 'MALAZIMA ÝNÞAAT MALZEME BORSASI', NULL, NULL);

INSERT INTO BUSINESS_OWNER (BUSINESS_PARTNER_ID, BEGDA) VALUES (1, '2018-01-01 00:00:00.000000');
INSERT INTO CUSTOMER       (BUSINESS_PARTNER_ID, BEGDA) VALUES (1, '2018-01-01 00:00:00.000000');
INSERT INTO VENDOR         (BUSINESS_PARTNER_ID, BEGDA, APPROVED) VALUES (1, '2018-01-01 00:00:00.000000', 'Y');

INSERT INTO BUSINESS_CONTRACT (BUSINESS_SERVICE_ID, BUSINESS_PARTNER_ID, BEGDA, ENDDA, COST, DESCRIPTION) VALUES ('FI', 1, '2018-01-01 00:00:00.000000', '2018-12-31 00:00:00.000000', 5000, 'Contract text goes here');
INSERT INTO BUSINESS_CONTRACT (BUSINESS_SERVICE_ID, BUSINESS_PARTNER_ID, BEGDA, ENDDA, COST, DESCRIPTION) VALUES ('HR', 1, '2018-01-01 00:00:00.000000', '2018-12-31 00:00:00.000000', 5000, 'Contract text goes here');
INSERT INTO BUSINESS_CONTRACT (BUSINESS_SERVICE_ID, BUSINESS_PARTNER_ID, BEGDA, ENDDA, COST, DESCRIPTION) VALUES ('MM', 1, '2018-01-01 00:00:00.000000', '2018-12-31 00:00:00.000000', 5000, 'Contract text goes here');
INSERT INTO BUSINESS_CONTRACT (BUSINESS_SERVICE_ID, BUSINESS_PARTNER_ID, BEGDA, ENDDA, COST, DESCRIPTION) VALUES ('SL', 1, '2018-01-01 00:00:00.000000', '2018-12-31 00:00:00.000000', 5000, 'Contract text goes here');
INSERT INTO BUSINESS_CONTRACT (BUSINESS_SERVICE_ID, BUSINESS_PARTNER_ID, BEGDA, ENDDA, COST, DESCRIPTION) VALUES ('PU', 1, '2018-01-01 00:00:00.000000', '2018-12-31 00:00:00.000000', 5000, 'Contract text goes here');
INSERT INTO BUSINESS_CONTRACT (BUSINESS_SERVICE_ID, BUSINESS_PARTNER_ID, BEGDA, ENDDA, COST, DESCRIPTION) VALUES ('PD', 1, '2018-01-01 00:00:00.000000', '2018-12-31 00:00:00.000000', 5000, 'Contract text goes here');
INSERT INTO BUSINESS_CONTRACT (BUSINESS_SERVICE_ID, BUSINESS_PARTNER_ID, BEGDA, ENDDA, COST, DESCRIPTION) VALUES ('MX', 1, '2018-01-01 00:00:00.000000', '2018-12-31 00:00:00.000000', 5000, 'Contract text goes here');
INSERT INTO BUSINESS_CONTRACT (BUSINESS_SERVICE_ID, BUSINESS_PARTNER_ID, BEGDA, ENDDA, COST, DESCRIPTION) VALUES ('SH', 1, '2018-01-01 00:00:00.000000', '2018-12-31 00:00:00.000000', 5000, 'Contract text goes here');
INSERT INTO BUSINESS_CONTRACT (BUSINESS_SERVICE_ID, BUSINESS_PARTNER_ID, BEGDA, ENDDA, COST, DESCRIPTION) VALUES ('HD', 1, '2018-01-01 00:00:00.000000', '2018-12-31 00:00:00.000000', 5000, 'Contract text goes here');
INSERT INTO BUSINESS_CONTRACT (BUSINESS_SERVICE_ID, BUSINESS_PARTNER_ID, BEGDA, ENDDA, COST, DESCRIPTION) VALUES ('PJ', 1, '2018-01-01 00:00:00.000000', '2018-12-31 00:00:00.000000', 5000, 'Contract text goes here');

INSERT INTO PARTNER_ADDRESS (BUSINESS_PARTNER_ID,ADDRESS_ID,ADDRESS_TYPE,STREET,CITY,COUNTRY) VALUES (1, 1, 'H', '1234 MAIN STREET', '06', 'TR');

INSERT INTO ORGANIZATION (ORGANIZATION_ID,OWNER_ID,ADDRESS_ID,PARENT_ID,CAPTION,ORGANIZATION_TYPE) VALUES (1, 1, 1, NULL, 'HEAD OFFICE',    'H');

INSERT INTO POSITION_TYPE (OWNER_ID, POSITION, CAPTION) VALUES(1, 'DIRECTOR',           'DIRECTOR');
INSERT INTO POSITION_TYPE (OWNER_ID, POSITION, CAPTION) VALUES(1, 'PURCHASE_DIRECTOR',  'PURCHASE DIRECTOR');
INSERT INTO POSITION_TYPE (OWNER_ID, POSITION, CAPTION) VALUES(1, 'FINANCE_DIRECTOR',   'FINANCE DIRECTOR');
INSERT INTO POSITION_TYPE (OWNER_ID, POSITION, CAPTION) VALUES(1, 'MATERIAL_MANAGER',   'MATERIAL MANAGER');
INSERT INTO POSITION_TYPE (OWNER_ID, POSITION, CAPTION) VALUES(1, 'OPERATIONS_MANAGER', 'OPERATIONS MANAGER');

INSERT INTO POSITION (OWNER_ID, ORGANIZATION_ID, POSITION, BEGDA, ENDDA) VALUES(1, 1, 'DIRECTOR',           '2018-01-01 00:00:00.000000', '2099-12-31 00:00:00.000000');
INSERT INTO POSITION (OWNER_ID, ORGANIZATION_ID, POSITION, BEGDA, ENDDA) VALUES(1, 1, 'PURCHASE_DIRECTOR',  '2018-01-01 00:00:00.000000', '2099-12-31 00:00:00.000000');
INSERT INTO POSITION (OWNER_ID, ORGANIZATION_ID, POSITION, BEGDA, ENDDA) VALUES(1, 1, 'FINANCE_DIRECTOR',   '2018-01-01 00:00:00.000000', '2099-12-31 00:00:00.000000');
INSERT INTO POSITION (OWNER_ID, ORGANIZATION_ID, POSITION, BEGDA, ENDDA) VALUES(1, 1, 'MATERIAL_MANAGER',   '2018-01-01 00:00:00.000000', '2099-12-31 00:00:00.000000');
INSERT INTO POSITION (OWNER_ID, ORGANIZATION_ID, POSITION, BEGDA, ENDDA) VALUES(1, 1, 'OPERATIONS_MANAGER', '2018-01-01 00:00:00.000000', '2099-12-31 00:00:00.000000');

INSERT INTO PERSON (PERSON_ID, FIRST_NAME, LAST_NAME, CELL_PHONE, BIRTHDAY, GENDER, NATIONALITY) VALUES (10, 'MURAT',    'ARSLANOÐLU', '+905551234561', '2018-01-01 00:00:00.000000', 'M', 'TR');
INSERT INTO PERSON (PERSON_ID, FIRST_NAME, LAST_NAME, CELL_PHONE, BIRTHDAY, GENDER, NATIONALITY) VALUES (11, 'GÜLSEREN', 'ARSLANOÐLU', '+905551234561', '2018-01-01 00:00:00.000000', 'F', 'TR');
INSERT INTO PERSON (PERSON_ID, FIRST_NAME, LAST_NAME, CELL_PHONE, BIRTHDAY, GENDER, NATIONALITY) VALUES (12, 'MEHMET',   'KUZEY',      '+905551234561', '2018-01-01 00:00:00.000000', 'M', 'TR');
INSERT INTO PERSON (PERSON_ID, FIRST_NAME, LAST_NAME, CELL_PHONE, BIRTHDAY, GENDER, NATIONALITY) VALUES (13, 'MUSTAFA',  'DAÐPINARI',  '+905551234561', '2018-01-01 00:00:00.000000', 'M', 'TR');
INSERT INTO PERSON (PERSON_ID, FIRST_NAME, LAST_NAME, CELL_PHONE, BIRTHDAY, GENDER, NATIONALITY) VALUES (14, 'FATÝH',    'ÖZYURT',     '+905551234561', '2018-01-01 00:00:00.000000', 'M', 'TR');

INSERT INTO EMPLOYEE (PERSON_ID, EMPLOYMENT, OWNER_ID) VALUES (10, '2018-01-01 00:00:00.000000', 1);
INSERT INTO EMPLOYEE (PERSON_ID, EMPLOYMENT, OWNER_ID) VALUES (11, '2018-01-01 00:00:00.000000', 1);
INSERT INTO EMPLOYEE (PERSON_ID, EMPLOYMENT, OWNER_ID) VALUES (12, '2018-01-01 00:00:00.000000', 1);
INSERT INTO EMPLOYEE (PERSON_ID, EMPLOYMENT, OWNER_ID) VALUES (13, '2018-01-01 00:00:00.000000', 1);
INSERT INTO EMPLOYEE (PERSON_ID, EMPLOYMENT, OWNER_ID) VALUES (14, '2018-01-01 00:00:00.000000', 1);

INSERT INTO POSITION_ASSIGNMENT (OWNER_ID, ORGANIZATION_ID, POSITION, PERSON_ID, EMPLOYMENT, BEGDA, ENDDA, REASON, ASSIGNMENT_TYPE) VALUES(1, 1, 'DIRECTOR',           10, '2018-01-01 00:00:00.000000', '2018-01-01 00:00:00.000000', '2099-12-31 00:00:00.000000', 'I', 'F');
INSERT INTO POSITION_ASSIGNMENT (OWNER_ID, ORGANIZATION_ID, POSITION, PERSON_ID, EMPLOYMENT, BEGDA, ENDDA, REASON, ASSIGNMENT_TYPE) VALUES(1, 1, 'PURCHASE_DIRECTOR',  12, '2018-01-01 00:00:00.000000', '2018-01-01 00:00:00.000000', '2099-12-31 00:00:00.000000', 'I', 'F');
INSERT INTO POSITION_ASSIGNMENT (OWNER_ID, ORGANIZATION_ID, POSITION, PERSON_ID, EMPLOYMENT, BEGDA, ENDDA, REASON, ASSIGNMENT_TYPE) VALUES(1, 1, 'FINANCE_DIRECTOR',   11, '2018-01-01 00:00:00.000000', '2018-01-01 00:00:00.000000', '2099-12-31 00:00:00.000000', 'I', 'F');
INSERT INTO POSITION_ASSIGNMENT (OWNER_ID, ORGANIZATION_ID, POSITION, PERSON_ID, EMPLOYMENT, BEGDA, ENDDA, REASON, ASSIGNMENT_TYPE) VALUES(1, 1, 'MATERIAL_MANAGER',   13, '2018-01-01 00:00:00.000000', '2018-01-01 00:00:00.000000', '2099-12-31 00:00:00.000000', 'I', 'F');
INSERT INTO POSITION_ASSIGNMENT (OWNER_ID, ORGANIZATION_ID, POSITION, PERSON_ID, EMPLOYMENT, BEGDA, ENDDA, REASON, ASSIGNMENT_TYPE) VALUES(1, 1, 'OPERATIONS_MANAGER', 14, '2018-01-01 00:00:00.000000', '2018-01-01 00:00:00.000000', '2099-12-31 00:00:00.000000', 'I', 'F');

INSERT INTO USER_ACCOUNT (USERNAME, PASSTEXT, STATUS, EMAIL_ADDRESS, FIRST_NAME, LAST_NAME) VALUES ('MURAT',    '1', 'A', 'murat@malazima.com',    'MURAT',    'ARSLANOÐLU');
INSERT INTO USER_ACCOUNT (USERNAME, PASSTEXT, STATUS, EMAIL_ADDRESS, FIRST_NAME, LAST_NAME) VALUES ('GULSEREN', '1', 'A', 'gulseren@malazima.com', 'GÜLSEREN', 'ARSLANOÐLU');
INSERT INTO USER_ACCOUNT (USERNAME, PASSTEXT, STATUS, EMAIL_ADDRESS, FIRST_NAME, LAST_NAME) VALUES ('MEHMET',   '1', 'A', 'mehmet@malazima.com',   'MEHMET',   'KUZEY');
INSERT INTO USER_ACCOUNT (USERNAME, PASSTEXT, STATUS, EMAIL_ADDRESS, FIRST_NAME, LAST_NAME) VALUES ('MUSTAFA',  '1', 'A', 'mustafa@malazima.com',  'MUSTAFA',  'DAÐPINARI');
INSERT INTO USER_ACCOUNT (USERNAME, PASSTEXT, STATUS, EMAIL_ADDRESS, FIRST_NAME, LAST_NAME) VALUES ('FATIH',    '1', 'A', 'fatih@malazima.com',    'FATÝH',    'ÖZYURT');

INSERT INTO USER_ACCOUNT_OWNER (USERNAME,PERSON_ID, BEGDA) VALUES ('MURAT',    10, '2018-01-01 00:00:00.000000');
INSERT INTO USER_ACCOUNT_OWNER (USERNAME,PERSON_ID, BEGDA) VALUES ('GULSEREN', 11, '2018-01-01 00:00:00.000000');
INSERT INTO USER_ACCOUNT_OWNER (USERNAME,PERSON_ID, BEGDA) VALUES ('MEHMET',   12, '2018-01-01 00:00:00.000000');
INSERT INTO USER_ACCOUNT_OWNER (USERNAME,PERSON_ID, BEGDA) VALUES ('MUSTAFA',  13, '2018-01-01 00:00:00.000000');
INSERT INTO USER_ACCOUNT_OWNER (USERNAME,PERSON_ID, BEGDA) VALUES ('FATIH',    14, '2018-01-01 00:00:00.000000');

INSERT INTO AUTHORITY_GROUP (AUTHORITY_GROUP,CAPTION) VALUES ('PURCHASE_USER', 'PURCHASE_USER');
INSERT INTO OBJECT_AUTHORIZATION (AUTHORITY_GROUP,OBJECT_TYPE,ACTION,KEY_VALUE) VALUES ('PURCHASE_USER', 'REQUEST_FOR_PROPOSAL', 'PROPOSE', '*');
INSERT INTO OBJECT_AUTHORIZATION (AUTHORITY_GROUP,OBJECT_TYPE,ACTION,KEY_VALUE) VALUES ('PURCHASE_USER', 'REQUEST_FOR_PROPOSAL_ITEM', 'PROPOSE', '*');
INSERT INTO OBJECT_AUTHORIZATION (AUTHORITY_GROUP,OBJECT_TYPE,ACTION,KEY_VALUE) VALUES ('PURCHASE_USER', 'TABLE', 'SELECT', 'PROPOSAL_TO_RFP');
INSERT INTO OBJECT_AUTHORIZATION (AUTHORITY_GROUP,OBJECT_TYPE,ACTION,KEY_VALUE) VALUES ('PURCHASE_USER', 'TABLE', 'INSERT', 'PROPOSAL_TO_RFP');
INSERT INTO OBJECT_AUTHORIZATION (AUTHORITY_GROUP,OBJECT_TYPE,ACTION,KEY_VALUE) VALUES ('PURCHASE_USER', 'TABLE', 'UPDATE', 'PROPOSAL_TO_RFP');
INSERT INTO OBJECT_AUTHORIZATION (AUTHORITY_GROUP,OBJECT_TYPE,ACTION,KEY_VALUE) VALUES ('PURCHASE_USER', 'TABLE', 'DELETE', 'PROPOSAL_TO_RFP');
INSERT INTO OBJECT_AUTHORIZATION (AUTHORITY_GROUP,OBJECT_TYPE,ACTION,KEY_VALUE) VALUES ('PURCHASE_USER', 'TABLE', 'SELECT', 'PROPOSAL_TO_RFP_ITEM');
INSERT INTO OBJECT_AUTHORIZATION (AUTHORITY_GROUP,OBJECT_TYPE,ACTION,KEY_VALUE) VALUES ('PURCHASE_USER', 'TABLE', 'INSERT', 'PROPOSAL_TO_RFP_ITEM');
INSERT INTO OBJECT_AUTHORIZATION (AUTHORITY_GROUP,OBJECT_TYPE,ACTION,KEY_VALUE) VALUES ('PURCHASE_USER', 'TABLE', 'UPDATE', 'PROPOSAL_TO_RFP_ITEM');
INSERT INTO OBJECT_AUTHORIZATION (AUTHORITY_GROUP,OBJECT_TYPE,ACTION,KEY_VALUE) VALUES ('PURCHASE_USER', 'TABLE', 'DELETE', 'PROPOSAL_TO_RFP_ITEM');
INSERT INTO OBJECT_AUTHORIZATION (AUTHORITY_GROUP,OBJECT_TYPE,ACTION,KEY_VALUE) VALUES ('PURCHASE_USER', 'TABLE', 'SELECT', 'PROPOSAL_TO_RFP_DIALOG');
INSERT INTO OBJECT_AUTHORIZATION (AUTHORITY_GROUP,OBJECT_TYPE,ACTION,KEY_VALUE) VALUES ('PURCHASE_USER', 'TABLE', 'INSERT', 'PROPOSAL_TO_RFP_DIALOG');
INSERT INTO OBJECT_AUTHORIZATION (AUTHORITY_GROUP,OBJECT_TYPE,ACTION,KEY_VALUE) VALUES ('PURCHASE_USER', 'TABLE', 'SELECT', 'REQUEST_FOR_PROPOSAL');
INSERT INTO OBJECT_AUTHORIZATION (AUTHORITY_GROUP,OBJECT_TYPE,ACTION,KEY_VALUE) VALUES ('PURCHASE_USER', 'TABLE', 'SELECT', 'REQUEST_FOR_PROPOSAL_ITEM');

INSERT INTO USER_AUTHORIZATION (USERNAME,AUTHORITY_GROUP,BEGDA) VALUES ('MURAT',   'BUSINESS_ADMIN',    '2018-01-01 00:00:00.000000');
INSERT INTO USER_AUTHORIZATION (USERNAME,AUTHORITY_GROUP,BEGDA) VALUES ('MURAT',   'MATERIAL_ADMIN',    '2018-01-01 00:00:00.000000');
INSERT INTO USER_AUTHORIZATION (USERNAME,AUTHORITY_GROUP,BEGDA) VALUES ('MURAT',   'SALES_ADMIN',       '2018-01-01 00:00:00.000000');
INSERT INTO USER_AUTHORIZATION (USERNAME,AUTHORITY_GROUP,BEGDA) VALUES ('MURAT',   'PURCHASE_ADMIN',    '2018-01-01 00:00:00.000000');
INSERT INTO USER_AUTHORIZATION (USERNAME,AUTHORITY_GROUP,BEGDA) VALUES ('MURAT',   'HELPDESK_ADMIN',    '2018-01-01 00:00:00.000000');

INSERT INTO USER_AUTHORIZATION (USERNAME,AUTHORITY_GROUP,BEGDA) VALUES ('GULSEREN',   'BUSINESS_ADMIN',    '2018-01-01 00:00:00.000000');
INSERT INTO USER_AUTHORIZATION (USERNAME,AUTHORITY_GROUP,BEGDA) VALUES ('GULSEREN',   'MATERIAL_ADMIN',    '2018-01-01 00:00:00.000000');
INSERT INTO USER_AUTHORIZATION (USERNAME,AUTHORITY_GROUP,BEGDA) VALUES ('GULSEREN',   'SALES_ADMIN',       '2018-01-01 00:00:00.000000');
INSERT INTO USER_AUTHORIZATION (USERNAME,AUTHORITY_GROUP,BEGDA) VALUES ('GULSEREN',   'PURCHASE_ADMIN',    '2018-01-01 00:00:00.000000');
INSERT INTO USER_AUTHORIZATION (USERNAME,AUTHORITY_GROUP,BEGDA) VALUES ('GULSEREN',   'HELPDESK_ADMIN',    '2018-01-01 00:00:00.000000');

INSERT INTO USER_AUTHORIZATION (USERNAME,AUTHORITY_GROUP,BEGDA) VALUES ('MEHMET',   'BUSINESS_ADMIN',    '2018-01-01 00:00:00.000000');
INSERT INTO USER_AUTHORIZATION (USERNAME,AUTHORITY_GROUP,BEGDA) VALUES ('MEHMET',   'MATERIAL_ADMIN',    '2018-01-01 00:00:00.000000');
INSERT INTO USER_AUTHORIZATION (USERNAME,AUTHORITY_GROUP,BEGDA) VALUES ('MEHMET',   'SALES_ADMIN',       '2018-01-01 00:00:00.000000');
INSERT INTO USER_AUTHORIZATION (USERNAME,AUTHORITY_GROUP,BEGDA) VALUES ('MEHMET',   'PURCHASE_ADMIN',    '2018-01-01 00:00:00.000000');
INSERT INTO USER_AUTHORIZATION (USERNAME,AUTHORITY_GROUP,BEGDA) VALUES ('MEHMET',   'HELPDESK_ADMIN',    '2018-01-01 00:00:00.000000');

INSERT INTO USER_AUTHORIZATION (USERNAME,AUTHORITY_GROUP,BEGDA) VALUES ('MUSTAFA',   'BUSINESS_ADMIN',    '2018-01-01 00:00:00.000000');
INSERT INTO USER_AUTHORIZATION (USERNAME,AUTHORITY_GROUP,BEGDA) VALUES ('MUSTAFA',   'MATERIAL_ADMIN',    '2018-01-01 00:00:00.000000');
INSERT INTO USER_AUTHORIZATION (USERNAME,AUTHORITY_GROUP,BEGDA) VALUES ('MUSTAFA',   'SALES_ADMIN',       '2018-01-01 00:00:00.000000');
INSERT INTO USER_AUTHORIZATION (USERNAME,AUTHORITY_GROUP,BEGDA) VALUES ('MUSTAFA',   'PURCHASE_ADMIN',    '2018-01-01 00:00:00.000000');
INSERT INTO USER_AUTHORIZATION (USERNAME,AUTHORITY_GROUP,BEGDA) VALUES ('MUSTAFA',   'HELPDESK_ADMIN',    '2018-01-01 00:00:00.000000');

INSERT INTO USER_AUTHORIZATION (USERNAME,AUTHORITY_GROUP,BEGDA) VALUES ('FATIH',   'BUSINESS_ADMIN',    '2018-01-01 00:00:00.000000');
INSERT INTO USER_AUTHORIZATION (USERNAME,AUTHORITY_GROUP,BEGDA) VALUES ('FATIH',   'MATERIAL_ADMIN',    '2018-01-01 00:00:00.000000');
INSERT INTO USER_AUTHORIZATION (USERNAME,AUTHORITY_GROUP,BEGDA) VALUES ('FATIH',   'SALES_ADMIN',       '2018-01-01 00:00:00.000000');
INSERT INTO USER_AUTHORIZATION (USERNAME,AUTHORITY_GROUP,BEGDA) VALUES ('FATIH',   'PURCHASE_ADMIN',    '2018-01-01 00:00:00.000000');
INSERT INTO USER_AUTHORIZATION (USERNAME,AUTHORITY_GROUP,BEGDA) VALUES ('FATIH',   'HELPDESK_ADMIN',    '2018-01-01 00:00:00.000000');

INSERT INTO USER_AUTHORIZATION (USERNAME,AUTHORITY_GROUP,BEGDA) VALUES ('ADMIN',      'PURCHASE_USER',     '2018-01-01 00:00:00.000000');

INSERT INTO MATERIAL_GROUP (MATERIAL_GROUP_ID, OWNER_ID, PARENT_ID, PURPOSE, CAPTION) VALUES (5001, 1, NULL,'CONSPRO','CONSTRUCTION');
INSERT INTO MATERIAL_GROUP (MATERIAL_GROUP_ID, OWNER_ID, PARENT_ID, PURPOSE, CAPTION) VALUES (5002, 1, 5001,'CONSPRO','HEAVY CONSTRUCTION');
INSERT INTO MATERIAL_GROUP (MATERIAL_GROUP_ID, OWNER_ID, PARENT_ID, PURPOSE, CAPTION) VALUES (5003, 1, 5001,'CONSPRO','NICE CONSTRUCTION');
INSERT INTO MATERIAL_GROUP (MATERIAL_GROUP_ID, OWNER_ID, PARENT_ID, PURPOSE, CAPTION) VALUES (5100, 1, NULL,'CONSPRO','ELECTRICS');
INSERT INTO MATERIAL_GROUP (MATERIAL_GROUP_ID, OWNER_ID, PARENT_ID, PURPOSE, CAPTION) VALUES (5101, 1, 5100,'CONSPRO','MEDIUM CURRENT');
INSERT INTO MATERIAL_GROUP (MATERIAL_GROUP_ID, OWNER_ID, PARENT_ID, PURPOSE, CAPTION) VALUES (5102, 1, 5100,'CONSPRO','WEAK CURRENT');
INSERT INTO MATERIAL_GROUP (MATERIAL_GROUP_ID, OWNER_ID, PARENT_ID, PURPOSE, CAPTION) VALUES (5103, 1, 5100,'CONSPRO','ACCESORRIES');
INSERT INTO MATERIAL_GROUP (MATERIAL_GROUP_ID, OWNER_ID, PARENT_ID, PURPOSE, CAPTION) VALUES (5200, 1, NULL,'CONSPRO','MECANIC');
INSERT INTO MATERIAL_GROUP (MATERIAL_GROUP_ID, OWNER_ID, PARENT_ID, PURPOSE, CAPTION) VALUES (5201, 1, 5200,'CONSPRO','PIPELINING');
INSERT INTO MATERIAL_GROUP (MATERIAL_GROUP_ID, OWNER_ID, PARENT_ID, PURPOSE, CAPTION) VALUES (5202, 1, 5200,'CONSPRO','AIR CONDITIONING');
INSERT INTO MATERIAL_GROUP (MATERIAL_GROUP_ID, OWNER_ID, PARENT_ID, PURPOSE, CAPTION) VALUES (5203, 1, 5200,'CONSPRO','FIRE');
INSERT INTO MATERIAL_GROUP (MATERIAL_GROUP_ID, OWNER_ID, PARENT_ID, PURPOSE, CAPTION) VALUES (5204, 1, 5200,'CONSPRO','HEATING AND COOLING');
INSERT INTO MATERIAL_GROUP (MATERIAL_GROUP_ID, OWNER_ID, PARENT_ID, PURPOSE, CAPTION) VALUES (5300, 1, NULL,'CONSPRO','INFRASTRUCTURE');
INSERT INTO MATERIAL_GROUP (MATERIAL_GROUP_ID, OWNER_ID, PARENT_ID, PURPOSE, CAPTION) VALUES (5301, 1, 5300,'CONSPRO','RAIN DECHARGE');
INSERT INTO MATERIAL_GROUP (MATERIAL_GROUP_ID, OWNER_ID, PARENT_ID, PURPOSE, CAPTION) VALUES (5302, 1, 5300,'CONSPRO','INSIDE DECHARGE');
INSERT INTO MATERIAL_GROUP (MATERIAL_GROUP_ID, OWNER_ID, PARENT_ID, PURPOSE, CAPTION) VALUES (5303, 1, 5300,'CONSPRO','WATER SYSTEM');
INSERT INTO MATERIAL_GROUP (MATERIAL_GROUP_ID, OWNER_ID, PARENT_ID, PURPOSE, CAPTION) VALUES (5304, 1, 5300,'CONSPRO','ROADS');


INSERT INTO TREE_DATA (NODE_ID, OWNER_ID, CAPTION, PURPOSE) VALUES (1, 1, 'CONSTRUCTION','VENDOR_BUSINESS');
INSERT INTO TREE_DATA (NODE_ID, OWNER_ID, CAPTION, PURPOSE, PARENT_ID) VALUES (2, 1, 'MECHANIC',    'VENDOR_BUSINESS',1);
INSERT INTO TREE_DATA (NODE_ID, OWNER_ID, CAPTION, PURPOSE, PARENT_ID) VALUES (3, 1, 'ELECTRIC',    'VENDOR_BUSINESS',1);
INSERT INTO TREE_DATA (NODE_ID, OWNER_ID, CAPTION, PURPOSE, PARENT_ID) VALUES (4, 1, 'LIGHT WORKS', 'VENDOR_BUSINESS',1);
INSERT INTO TREE_DATA (NODE_ID, OWNER_ID, CAPTION, PURPOSE, PARENT_ID) VALUES (5, 1, 'ROUGH WORKS', 'VENDOR_BUSINESS',1);
INSERT INTO TREE_DATA (NODE_ID, OWNER_ID, CAPTION, PURPOSE, PARENT_ID) VALUES (6, 1, 'LANDSCAPING', 'VENDOR_BUSINESS',1);

INSERT INTO MATERIAL_TYPE (MATERIAL_TYPE_ID, CAPTION, UNIT, MASTER) VALUES ('PLUMBING',            'PLUMBING',            'EA', 2);
INSERT INTO MATERIAL_TYPE (MATERIAL_TYPE_ID, CAPTION, UNIT, MASTER) VALUES ('FIRE',                'FIRE',                'EA', 2);
INSERT INTO MATERIAL_TYPE (MATERIAL_TYPE_ID, CAPTION, UNIT, MASTER) VALUES ('VENTILATION',         'VENTILATION',         'EA', 2);
INSERT INTO MATERIAL_TYPE (MATERIAL_TYPE_ID, CAPTION, UNIT, MASTER) VALUES ('AIR CONDITIONING',    'AIR CONDITIONING',    'EA', 2);
INSERT INTO MATERIAL_TYPE (MATERIAL_TYPE_ID, CAPTION, UNIT, MASTER) VALUES ('NATURAL GAS',         'NATURAL GAS',         'EA', 2);
INSERT INTO MATERIAL_TYPE (MATERIAL_TYPE_ID, CAPTION, UNIT, MASTER) VALUES ('ISOLATION',           'ISOLATION',           'EA', 2);
INSERT INTO MATERIAL_TYPE (MATERIAL_TYPE_ID, CAPTION, UNIT, MASTER) VALUES ('MECHANIC CONSUMABLE', 'MECHANIC CONSUMABLE', 'EA', 2);

INSERT INTO MATERIAL_TYPE (MATERIAL_TYPE_ID, CAPTION, UNIT, MASTER) VALUES ('HIGH VOLTAGE',        'HIGH VOLTAGE',        'EA', 3);
INSERT INTO MATERIAL_TYPE (MATERIAL_TYPE_ID, CAPTION, UNIT, MASTER) VALUES ('MEDIUM VOLTAGE',      'MEDIUM VOLTAGE',      'EA', 3);
INSERT INTO MATERIAL_TYPE (MATERIAL_TYPE_ID, CAPTION, UNIT, MASTER) VALUES ('LOW VOLTAGE',         'LOW VOLTAGE',         'EA', 3);
INSERT INTO MATERIAL_TYPE (MATERIAL_TYPE_ID, CAPTION, UNIT, MASTER) VALUES ('ELECTRIC CONSUMABLE', 'ELECTRIC CONSUMABLE', 'EA', 3);

INSERT INTO MATERIAL_TYPE (MATERIAL_TYPE_ID, CAPTION, UNIT, MASTER) VALUES ('INSULATION',            'INSULATION',            'EA', 4);
INSERT INTO MATERIAL_TYPE (MATERIAL_TYPE_ID, CAPTION, UNIT, MASTER) VALUES ('WOODWORK',              'WOODWORK',              'EA', 4);
INSERT INTO MATERIAL_TYPE (MATERIAL_TYPE_ID, CAPTION, UNIT, MASTER) VALUES ('PLASTER-ALUM',          'PLASTER-ALUM',          'EA', 4);
INSERT INTO MATERIAL_TYPE (MATERIAL_TYPE_ID, CAPTION, UNIT, MASTER) VALUES ('PAINTING',              'PAINTING',              'EA', 4);
INSERT INTO MATERIAL_TYPE (MATERIAL_TYPE_ID, CAPTION, UNIT, MASTER) VALUES ('WALL FLOOR COVER',      'WALL FLOOR COVER',      'EA', 4);
INSERT INTO MATERIAL_TYPE (MATERIAL_TYPE_ID, CAPTION, UNIT, MASTER) VALUES ('LIGHT WORK CONSUMABLE', 'LIGHT WORK CONSUMABLE', 'EA', 4);

INSERT INTO MATERIAL_TYPE (MATERIAL_TYPE_ID, CAPTION, UNIT, MASTER) VALUES ('IRON',                  'IRON',                  'EA', 5);
INSERT INTO MATERIAL_TYPE (MATERIAL_TYPE_ID, CAPTION, UNIT, MASTER) VALUES ('CONCRETE',              'CONCRETE',              'EA', 5);
INSERT INTO MATERIAL_TYPE (MATERIAL_TYPE_ID, CAPTION, UNIT, MASTER) VALUES ('MOLD',                  'MOLD',                  'EA', 5);
INSERT INTO MATERIAL_TYPE (MATERIAL_TYPE_ID, CAPTION, UNIT, MASTER) VALUES ('SCAFFOLD',              'SCAFFFOLD',             'EA', 5);
INSERT INTO MATERIAL_TYPE (MATERIAL_TYPE_ID, CAPTION, UNIT, MASTER) VALUES ('BASEMENT FILL',         'BASEMENT FILL',         'EA', 5);
INSERT INTO MATERIAL_TYPE (MATERIAL_TYPE_ID, CAPTION, UNIT, MASTER) VALUES ('ROUGH WORK CONSUMABLE', 'ROUGH WORK CONSUMABLE', 'EA', 5);

INSERT INTO MATERIAL_TYPE (MATERIAL_TYPE_ID, CAPTION, UNIT, MASTER) VALUES ('STRUCTURAL LANDSCAPE', 'STRUCTURAL LANDSCAPE',  'EA', 6);
INSERT INTO MATERIAL_TYPE (MATERIAL_TYPE_ID, CAPTION, UNIT, MASTER) VALUES ('HERBAL LANDSCAPE',     'HERBAL LANDSCAPE',      'EA', 6);

INSERT INTO NOTIFICATION_TYPE (NOTIFICATION_TYPE_ID, OWNER_ID, TABLENAME, STATUS_FIELD, STOP_VALUE) VALUES (2, 1, 'REQUEST_FOR_PROPOSAL', 'STATUS',      'C');
INSERT INTO NOTIFICATION_TYPE (NOTIFICATION_TYPE_ID, OWNER_ID, TABLENAME, STATUS_FIELD, STOP_VALUE) VALUES (3, 1, 'PROPOSAL_TO_RFP',      'VALID_UNTIL', 'NOW()');
INSERT INTO NOTIFICATION_TYPE (NOTIFICATION_TYPE_ID, OWNER_ID, TABLENAME, STATUS_FIELD, STOP_VALUE) VALUES (4, 1, 'PURCHASE_ORDER',       'STATUS',      'C');


INSERT INTO NOTIFICATION_RECIPIENT (NOTIFICATION_TYPE_ID, USERNAME, EVENT, ENABLE) VALUES (2, 'MURAT', 'CREATE', 'Y');
INSERT INTO NOTIFICATION_RECIPIENT (NOTIFICATION_TYPE_ID, USERNAME, EVENT, ENABLE) VALUES (2, 'MURAT', 'UPDATE', 'Y');
INSERT INTO NOTIFICATION_RECIPIENT (NOTIFICATION_TYPE_ID, USERNAME, EVENT, ENABLE) VALUES (3, 'MURAT', 'CREATE', 'Y');
INSERT INTO NOTIFICATION_RECIPIENT (NOTIFICATION_TYPE_ID, USERNAME, EVENT, ENABLE) VALUES (3, 'MURAT', 'UPDATE', 'Y');
INSERT INTO NOTIFICATION_RECIPIENT (NOTIFICATION_TYPE_ID, USERNAME, EVENT, ENABLE) VALUES (4, 'MURAT', 'CREATE', 'Y');
INSERT INTO NOTIFICATION_RECIPIENT (NOTIFICATION_TYPE_ID, USERNAME, EVENT, ENABLE) VALUES (4, 'MURAT', 'UPDATE', 'Y');

INSERT INTO NOTIFICATION_RECIPIENT (NOTIFICATION_TYPE_ID, USERNAME, EVENT, ENABLE) VALUES (2, 'GULSEREN', 'CREATE', 'Y');
INSERT INTO NOTIFICATION_RECIPIENT (NOTIFICATION_TYPE_ID, USERNAME, EVENT, ENABLE) VALUES (2, 'GULSEREN', 'UPDATE', 'Y');
INSERT INTO NOTIFICATION_RECIPIENT (NOTIFICATION_TYPE_ID, USERNAME, EVENT, ENABLE) VALUES (3, 'GULSEREN', 'CREATE', 'Y');
INSERT INTO NOTIFICATION_RECIPIENT (NOTIFICATION_TYPE_ID, USERNAME, EVENT, ENABLE) VALUES (3, 'GULSEREN', 'UPDATE', 'Y');
INSERT INTO NOTIFICATION_RECIPIENT (NOTIFICATION_TYPE_ID, USERNAME, EVENT, ENABLE) VALUES (4, 'GULSEREN', 'CREATE', 'Y');
INSERT INTO NOTIFICATION_RECIPIENT (NOTIFICATION_TYPE_ID, USERNAME, EVENT, ENABLE) VALUES (4, 'GULSEREN', 'UPDATE', 'Y');

INSERT INTO NOTIFICATION_RECIPIENT (NOTIFICATION_TYPE_ID, USERNAME, EVENT, ENABLE) VALUES (2, 'MUSTAFA', 'CREATE', 'Y');
INSERT INTO NOTIFICATION_RECIPIENT (NOTIFICATION_TYPE_ID, USERNAME, EVENT, ENABLE) VALUES (2, 'MUSTAFA', 'UPDATE', 'Y');
INSERT INTO NOTIFICATION_RECIPIENT (NOTIFICATION_TYPE_ID, USERNAME, EVENT, ENABLE) VALUES (3, 'MUSTAFA', 'CREATE', 'Y');
INSERT INTO NOTIFICATION_RECIPIENT (NOTIFICATION_TYPE_ID, USERNAME, EVENT, ENABLE) VALUES (3, 'MUSTAFA', 'UPDATE', 'Y');
INSERT INTO NOTIFICATION_RECIPIENT (NOTIFICATION_TYPE_ID, USERNAME, EVENT, ENABLE) VALUES (4, 'MUSTAFA', 'CREATE', 'Y');
INSERT INTO NOTIFICATION_RECIPIENT (NOTIFICATION_TYPE_ID, USERNAME, EVENT, ENABLE) VALUES (4, 'MUSTAFA', 'UPDATE', 'Y');

INSERT INTO NOTIFICATION_RECIPIENT (NOTIFICATION_TYPE_ID, USERNAME, EVENT, ENABLE) VALUES (2, 'MEHMET', 'CREATE', 'Y');
INSERT INTO NOTIFICATION_RECIPIENT (NOTIFICATION_TYPE_ID, USERNAME, EVENT, ENABLE) VALUES (2, 'MEHMET', 'UPDATE', 'Y');
INSERT INTO NOTIFICATION_RECIPIENT (NOTIFICATION_TYPE_ID, USERNAME, EVENT, ENABLE) VALUES (3, 'MEHMET', 'CREATE', 'Y');
INSERT INTO NOTIFICATION_RECIPIENT (NOTIFICATION_TYPE_ID, USERNAME, EVENT, ENABLE) VALUES (3, 'MEHMET', 'UPDATE', 'Y');
INSERT INTO NOTIFICATION_RECIPIENT (NOTIFICATION_TYPE_ID, USERNAME, EVENT, ENABLE) VALUES (4, 'MEHMET', 'CREATE', 'Y');
INSERT INTO NOTIFICATION_RECIPIENT (NOTIFICATION_TYPE_ID, USERNAME, EVENT, ENABLE) VALUES (4, 'MEHMET', 'UPDATE', 'Y');

INSERT INTO NOTIFICATION_RECIPIENT (NOTIFICATION_TYPE_ID, USERNAME, EVENT, ENABLE) VALUES (2, 'FATIH', 'CREATE', 'Y');
INSERT INTO NOTIFICATION_RECIPIENT (NOTIFICATION_TYPE_ID, USERNAME, EVENT, ENABLE) VALUES (2, 'FATIH', 'UPDATE', 'Y');
INSERT INTO NOTIFICATION_RECIPIENT (NOTIFICATION_TYPE_ID, USERNAME, EVENT, ENABLE) VALUES (3, 'FATIH', 'CREATE', 'Y');
INSERT INTO NOTIFICATION_RECIPIENT (NOTIFICATION_TYPE_ID, USERNAME, EVENT, ENABLE) VALUES (3, 'FATIH', 'UPDATE', 'Y');
INSERT INTO NOTIFICATION_RECIPIENT (NOTIFICATION_TYPE_ID, USERNAME, EVENT, ENABLE) VALUES (4, 'FATIH', 'CREATE', 'Y');
INSERT INTO NOTIFICATION_RECIPIENT (NOTIFICATION_TYPE_ID, USERNAME, EVENT, ENABLE) VALUES (4, 'FATIH', 'UPDATE', 'Y');


INSERT INTO BUSINESS_PARTNER (BUSINESS_PARTNER_ID, CAPTION) VALUES (2, 'MEKTEK Enerji ve Isý sistemleri');

INSERT INTO APPLICATION_CONFIG (OWNER_ID, DOMAIN, HOMEPAGE, APPLICATION_TITLE, INITIAL_CONTENT, INITIAL_SKIN) VALUES (2, 'www.mektekenerji.com', 'home/conspro', 'MEKTEK ENERJÝ VE ISI SÝSTEMLERÝ', NULL, NULL);

INSERT INTO BUSINESS_OWNER (BUSINESS_PARTNER_ID, BEGDA) VALUES (2, '2018-01-01 00:00:00.000000');
INSERT INTO CUSTOMER       (BUSINESS_PARTNER_ID, BEGDA) VALUES (2, '2018-01-01 00:00:00.000000');
INSERT INTO VENDOR         (BUSINESS_PARTNER_ID, BEGDA, APPROVED) VALUES (2, '2018-01-01 00:00:00.000000', 'Y');

INSERT INTO PARTNER_ADDRESS (BUSINESS_PARTNER_ID,ADDRESS_ID,ADDRESS_TYPE,STREET,CITY,COUNTRY) VALUES (2, 1, 'H', 'MEKTEK MERKEZ OFÝS', '06', 'TR');
INSERT INTO ORGANIZATION (ORGANIZATION_ID,OWNER_ID,ADDRESS_ID,PARENT_ID,CAPTION,ORGANIZATION_TYPE) VALUES (2, 2, 1, NULL, 'HEAD OFFICE',    'H');
INSERT INTO POSITION_TYPE (OWNER_ID, POSITION, CAPTION) VALUES(2, 'SALES_MANAGER', 'SALES MANAGER');
INSERT INTO POSITION (OWNER_ID, ORGANIZATION_ID, POSITION, BEGDA, ENDDA) VALUES(2, 2, 'SALES_MANAGER', '2018-01-01 00:00:00.000000', '2099-12-31 00:00:00.000000');
INSERT INTO PERSON (PERSON_ID, FIRST_NAME, LAST_NAME, CELL_PHONE, BIRTHDAY, GENDER, NATIONALITY) VALUES (15, 'EMRAH', 'KIVRAK', '+905424942220', '2018-01-01 00:00:00.000000', 'M', 'TR');
INSERT INTO EMPLOYEE (PERSON_ID, EMPLOYMENT, OWNER_ID) VALUES (15, '2018-01-01 00:00:00.000000', 2);
INSERT INTO POSITION_ASSIGNMENT (OWNER_ID, ORGANIZATION_ID, POSITION, PERSON_ID, EMPLOYMENT, BEGDA, ENDDA, REASON, ASSIGNMENT_TYPE) VALUES(2, 2, 'SALES_MANAGER', 15, '2018-01-01 00:00:00.000000', '2018-01-01 00:00:00.000000', '2099-12-31 00:00:00.000000', 'I', 'F');
INSERT INTO USER_ACCOUNT (USERNAME, PASSTEXT, STATUS, EMAIL_ADDRESS, FIRST_NAME, LAST_NAME) VALUES ('EMRAH', '1234', 'A', 'info@mektekenerji.com', 'EMRAH', 'KIVRAK');
INSERT INTO USER_ACCOUNT_OWNER (USERNAME,PERSON_ID, BEGDA) VALUES ('EMRAH',    15, '2018-01-01 00:00:00.000000');

INSERT INTO USER_AUTHORIZATION (USERNAME,AUTHORITY_GROUP,BEGDA) VALUES ('EMRAH', 'BUSINESS_USER',     '2018-01-01 00:00:00.000000');
INSERT INTO USER_AUTHORIZATION (USERNAME,AUTHORITY_GROUP,BEGDA) VALUES ('EMRAH', 'MATERIAL_ADMIN',    '2018-01-01 00:00:00.000000');
INSERT INTO USER_AUTHORIZATION (USERNAME,AUTHORITY_GROUP,BEGDA) VALUES ('EMRAH', 'SALES_ADMIN',       '2018-01-01 00:00:00.000000');
INSERT INTO USER_AUTHORIZATION (USERNAME,AUTHORITY_GROUP,BEGDA) VALUES ('EMRAH', 'PURCHASE_ADMIN',    '2018-01-01 00:00:00.000000');
INSERT INTO USER_AUTHORIZATION (USERNAME,AUTHORITY_GROUP,BEGDA) VALUES ('EMRAH', 'HELPDESK_ADMIN',    '2018-01-01 00:00:00.000000');

INSERT INTO NOTIFICATION_RECIPIENT (NOTIFICATION_TYPE_ID, USERNAME, EVENT, ENABLE) VALUES (2, 'EMRAH', 'CREATE', 'Y');
INSERT INTO NOTIFICATION_RECIPIENT (NOTIFICATION_TYPE_ID, USERNAME, EVENT, ENABLE) VALUES (2, 'EMRAH', 'UPDATE', 'Y');
INSERT INTO NOTIFICATION_RECIPIENT (NOTIFICATION_TYPE_ID, USERNAME, EVENT, ENABLE) VALUES (3, 'EMRAH', 'CREATE', 'Y');
INSERT INTO NOTIFICATION_RECIPIENT (NOTIFICATION_TYPE_ID, USERNAME, EVENT, ENABLE) VALUES (3, 'EMRAH', 'UPDATE', 'Y');
INSERT INTO NOTIFICATION_RECIPIENT (NOTIFICATION_TYPE_ID, USERNAME, EVENT, ENABLE) VALUES (4, 'EMRAH', 'CREATE', 'Y');
INSERT INTO NOTIFICATION_RECIPIENT (NOTIFICATION_TYPE_ID, USERNAME, EVENT, ENABLE) VALUES (4, 'EMRAH', 'UPDATE', 'Y');



INSERT INTO BUSINESS_PARTNER (BUSINESS_PARTNER_ID, CAPTION) VALUES (3, 'Deneme Þirketi ABC');

INSERT INTO APPLICATION_CONFIG (OWNER_ID, DOMAIN, HOMEPAGE, APPLICATION_TITLE, INITIAL_CONTENT, INITIAL_SKIN) VALUES (3, 'www.denemeabc.com', 'home/conspro', 'DENEME ÞÝRKETÝ ABC', NULL, NULL);

INSERT INTO BUSINESS_OWNER (BUSINESS_PARTNER_ID, BEGDA) VALUES (3, '2018-01-01 00:00:00.000000');
INSERT INTO CUSTOMER       (BUSINESS_PARTNER_ID, BEGDA) VALUES (3, '2018-01-01 00:00:00.000000');
INSERT INTO VENDOR         (BUSINESS_PARTNER_ID, BEGDA, APPROVED) VALUES (3, '2018-01-01 00:00:00.000000', 'Y');

INSERT INTO PARTNER_ADDRESS (BUSINESS_PARTNER_ID,ADDRESS_ID,ADDRESS_TYPE,STREET,CITY,COUNTRY) VALUES (3, 1, 'H', 'Merkez ofis adres1', '06', 'TR');
INSERT INTO PARTNER_ADDRESS (BUSINESS_PARTNER_ID,ADDRESS_ID,ADDRESS_TYPE,STREET,CITY,COUNTRY) VALUES (3, 2, 'B', 'Þube adresi 2', '06', 'TR');
INSERT INTO PARTNER_ADDRESS (BUSINESS_PARTNER_ID,ADDRESS_ID,ADDRESS_TYPE,STREET,CITY,COUNTRY) VALUES (3, 3, 'B', 'Þube adresi 3', '06', 'TR');
INSERT INTO ORGANIZATION (ORGANIZATION_ID,OWNER_ID,ADDRESS_ID,PARENT_ID,CAPTION,ORGANIZATION_TYPE) VALUES (3, 3, 1, NULL, 'HEAD OFFICE',    'H');
INSERT INTO POSITION_TYPE (OWNER_ID, POSITION, CAPTION) VALUES(3, 'SALES_MANAGER', 'SALES MANAGER');
INSERT INTO POSITION (OWNER_ID, ORGANIZATION_ID, POSITION, BEGDA, ENDDA) VALUES(3, 3, 'SALES_MANAGER', '2018-01-01 00:00:00.000000', '2099-12-31 00:00:00.000000');
INSERT INTO PERSON (PERSON_ID, FIRST_NAME, LAST_NAME, CELL_PHONE, BIRTHDAY, GENDER, NATIONALITY) VALUES (16, 'DENEME1', 'VORNAME', '+905424354657', '2018-01-01 00:00:00.000000', 'M', 'TR');
INSERT INTO EMPLOYEE (PERSON_ID, EMPLOYMENT, OWNER_ID) VALUES (16, '2018-01-01 00:00:00.000000', 3);
INSERT INTO POSITION_ASSIGNMENT (OWNER_ID, ORGANIZATION_ID, POSITION, PERSON_ID, EMPLOYMENT, BEGDA, ENDDA, REASON, ASSIGNMENT_TYPE) VALUES(3, 3, 'SALES_MANAGER', 16, '2018-01-01 00:00:00.000000', '2018-01-01 00:00:00.000000', '2099-12-31 00:00:00.000000', 'I', 'F');
INSERT INTO USER_ACCOUNT (USERNAME, PASSTEXT, STATUS, EMAIL_ADDRESS, FIRST_NAME, LAST_NAME) VALUES ('DENEME1', '1234', 'A', 'info@denemeabc.com', 'DENEME1', 'VORNAME');
INSERT INTO USER_ACCOUNT_OWNER (USERNAME,PERSON_ID, BEGDA) VALUES ('DENEME1',    16, '2018-01-01 00:00:00.000000');

INSERT INTO USER_AUTHORIZATION (USERNAME,AUTHORITY_GROUP,BEGDA) VALUES ('DENEME1', 'BUSINESS_USER',     '2018-01-01 00:00:00.000000');
INSERT INTO USER_AUTHORIZATION (USERNAME,AUTHORITY_GROUP,BEGDA) VALUES ('DENEME1', 'MATERIAL_ADMIN',    '2018-01-01 00:00:00.000000');
INSERT INTO USER_AUTHORIZATION (USERNAME,AUTHORITY_GROUP,BEGDA) VALUES ('DENEME1', 'SALES_ADMIN',       '2018-01-01 00:00:00.000000');
INSERT INTO USER_AUTHORIZATION (USERNAME,AUTHORITY_GROUP,BEGDA) VALUES ('DENEME1', 'PURCHASE_ADMIN',    '2018-01-01 00:00:00.000000');
INSERT INTO USER_AUTHORIZATION (USERNAME,AUTHORITY_GROUP,BEGDA) VALUES ('DENEME1', 'HELPDESK_ADMIN',    '2018-01-01 00:00:00.000000');

INSERT INTO NOTIFICATION_RECIPIENT (NOTIFICATION_TYPE_ID, USERNAME, EVENT, ENABLE) VALUES (2, 'DENEME1', 'CREATE', 'Y');
INSERT INTO NOTIFICATION_RECIPIENT (NOTIFICATION_TYPE_ID, USERNAME, EVENT, ENABLE) VALUES (2, 'DENEME1', 'UPDATE', 'Y');
INSERT INTO NOTIFICATION_RECIPIENT (NOTIFICATION_TYPE_ID, USERNAME, EVENT, ENABLE) VALUES (3, 'DENEME1', 'CREATE', 'Y');
INSERT INTO NOTIFICATION_RECIPIENT (NOTIFICATION_TYPE_ID, USERNAME, EVENT, ENABLE) VALUES (3, 'DENEME1', 'UPDATE', 'Y');
INSERT INTO NOTIFICATION_RECIPIENT (NOTIFICATION_TYPE_ID, USERNAME, EVENT, ENABLE) VALUES (4, 'DENEME1', 'CREATE', 'Y');
INSERT INTO NOTIFICATION_RECIPIENT (NOTIFICATION_TYPE_ID, USERNAME, EVENT, ENABLE) VALUES (4, 'DENEME1', 'UPDATE', 'Y');



INSERT INTO BUSINESS_PARTNER (BUSINESS_PARTNER_ID, CAPTION) VALUES (4, 'Deneme Þirketi def');

INSERT INTO APPLICATION_CONFIG (OWNER_ID, DOMAIN, HOMEPAGE, APPLICATION_TITLE, INITIAL_CONTENT, INITIAL_SKIN) VALUES (4, 'www.denemedef.com', 'home/conspro', 'DENEME ÞÝRKETÝ def', NULL, NULL);

INSERT INTO BUSINESS_OWNER (BUSINESS_PARTNER_ID, BEGDA) VALUES (4, '2018-01-01 00:00:00.000000');
INSERT INTO CUSTOMER       (BUSINESS_PARTNER_ID, BEGDA) VALUES (4, '2018-01-01 00:00:00.000000');
INSERT INTO VENDOR         (BUSINESS_PARTNER_ID, BEGDA, APPROVED) VALUES (4, '2018-01-01 00:00:00.000000', 'Y');

INSERT INTO PARTNER_ADDRESS (BUSINESS_PARTNER_ID,ADDRESS_ID,ADDRESS_TYPE,STREET,CITY,COUNTRY) VALUES (4, 1, 'H', 'Merkez ofis adres1', '06', 'TR');
INSERT INTO PARTNER_ADDRESS (BUSINESS_PARTNER_ID,ADDRESS_ID,ADDRESS_TYPE,STREET,CITY,COUNTRY) VALUES (4, 2, 'B', 'Þube adresi 2', '06', 'TR');
INSERT INTO PARTNER_ADDRESS (BUSINESS_PARTNER_ID,ADDRESS_ID,ADDRESS_TYPE,STREET,CITY,COUNTRY) VALUES (4, 3, 'B', 'Þube adresi 3', '06', 'TR');
INSERT INTO ORGANIZATION (ORGANIZATION_ID,OWNER_ID,ADDRESS_ID,PARENT_ID,CAPTION,ORGANIZATION_TYPE) VALUES (4, 4, 1, NULL, 'HEAD OFFICE',    'H');
INSERT INTO POSITION_TYPE (OWNER_ID, POSITION, CAPTION) VALUES(4, 'SALES_MANAGER', 'SALES MANAGER');
INSERT INTO POSITION (OWNER_ID, ORGANIZATION_ID, POSITION, BEGDA, ENDDA) VALUES(4, 4, 'SALES_MANAGER', '2018-01-01 00:00:00.000000', '2099-12-31 00:00:00.000000');
INSERT INTO PERSON (PERSON_ID, FIRST_NAME, LAST_NAME, CELL_PHONE, BIRTHDAY, GENDER, NATIONALITY) VALUES (17, 'DENEME2', 'VORNAME', '+905424354657', '2018-01-01 00:00:00.000000', 'M', 'TR');
INSERT INTO EMPLOYEE (PERSON_ID, EMPLOYMENT, OWNER_ID) VALUES (17, '2018-01-01 00:00:00.000000', 4);
INSERT INTO POSITION_ASSIGNMENT (OWNER_ID, ORGANIZATION_ID, POSITION, PERSON_ID, EMPLOYMENT, BEGDA, ENDDA, REASON, ASSIGNMENT_TYPE) VALUES(4, 4, 'SALES_MANAGER', 17, '2018-01-01 00:00:00.000000', '2018-01-01 00:00:00.000000', '2099-12-31 00:00:00.000000', 'I', 'F');
INSERT INTO USER_ACCOUNT (USERNAME, PASSTEXT, STATUS, EMAIL_ADDRESS, FIRST_NAME, LAST_NAME) VALUES ('DENEME2', '1234', 'A', 'info@denemedef.com', 'DENEME2', 'VORNAME');
INSERT INTO USER_ACCOUNT_OWNER (USERNAME,PERSON_ID, BEGDA) VALUES ('DENEME2',    17, '2018-01-01 00:00:00.000000');

INSERT INTO USER_AUTHORIZATION (USERNAME,AUTHORITY_GROUP,BEGDA) VALUES ('DENEME2', 'BUSINESS_USER',     '2018-01-01 00:00:00.000000');
INSERT INTO USER_AUTHORIZATION (USERNAME,AUTHORITY_GROUP,BEGDA) VALUES ('DENEME2', 'MATERIAL_ADMIN',    '2018-01-01 00:00:00.000000');
INSERT INTO USER_AUTHORIZATION (USERNAME,AUTHORITY_GROUP,BEGDA) VALUES ('DENEME2', 'SALES_ADMIN',       '2018-01-01 00:00:00.000000');
INSERT INTO USER_AUTHORIZATION (USERNAME,AUTHORITY_GROUP,BEGDA) VALUES ('DENEME2', 'PURCHASE_ADMIN',    '2018-01-01 00:00:00.000000');
INSERT INTO USER_AUTHORIZATION (USERNAME,AUTHORITY_GROUP,BEGDA) VALUES ('DENEME2', 'HELPDESK_ADMIN',    '2018-01-01 00:00:00.000000');

INSERT INTO NOTIFICATION_RECIPIENT (NOTIFICATION_TYPE_ID, USERNAME, EVENT, ENABLE) VALUES (2, 'DENEME2', 'CREATE', 'Y');
INSERT INTO NOTIFICATION_RECIPIENT (NOTIFICATION_TYPE_ID, USERNAME, EVENT, ENABLE) VALUES (2, 'DENEME2', 'UPDATE', 'Y');
INSERT INTO NOTIFICATION_RECIPIENT (NOTIFICATION_TYPE_ID, USERNAME, EVENT, ENABLE) VALUES (3, 'DENEME2', 'CREATE', 'Y');
INSERT INTO NOTIFICATION_RECIPIENT (NOTIFICATION_TYPE_ID, USERNAME, EVENT, ENABLE) VALUES (3, 'DENEME2', 'UPDATE', 'Y');
INSERT INTO NOTIFICATION_RECIPIENT (NOTIFICATION_TYPE_ID, USERNAME, EVENT, ENABLE) VALUES (4, 'DENEME2', 'CREATE', 'Y');
INSERT INTO NOTIFICATION_RECIPIENT (NOTIFICATION_TYPE_ID, USERNAME, EVENT, ENABLE) VALUES (4, 'DENEME2', 'UPDATE', 'Y');



INSERT INTO BUSINESS_PARTNER (BUSINESS_PARTNER_ID, CAPTION) VALUES (5, 'Deneme Þirketi ghi');

INSERT INTO APPLICATION_CONFIG (OWNER_ID, DOMAIN, HOMEPAGE, APPLICATION_TITLE, INITIAL_CONTENT, INITIAL_SKIN) VALUES (5, 'www.denemeghi.com', 'home/conspro', 'DENEME ÞÝRKETÝ ghi', NULL, NULL);

INSERT INTO BUSINESS_OWNER (BUSINESS_PARTNER_ID, BEGDA) VALUES (5, '2018-01-01 00:00:00.000000');
INSERT INTO CUSTOMER       (BUSINESS_PARTNER_ID, BEGDA) VALUES (5, '2018-01-01 00:00:00.000000');
INSERT INTO VENDOR         (BUSINESS_PARTNER_ID, BEGDA, APPROVED) VALUES (5, '2018-01-01 00:00:00.000000', 'Y');

INSERT INTO PARTNER_ADDRESS (BUSINESS_PARTNER_ID,ADDRESS_ID,ADDRESS_TYPE,STREET,CITY,COUNTRY) VALUES (5, 1, 'H', 'Merkez ofis adres1', '06', 'TR');
INSERT INTO PARTNER_ADDRESS (BUSINESS_PARTNER_ID,ADDRESS_ID,ADDRESS_TYPE,STREET,CITY,COUNTRY) VALUES (5, 2, 'B', 'Þube adresi 2', '06', 'TR');
INSERT INTO PARTNER_ADDRESS (BUSINESS_PARTNER_ID,ADDRESS_ID,ADDRESS_TYPE,STREET,CITY,COUNTRY) VALUES (5, 3, 'B', 'Þube adresi 3', '06', 'TR');
INSERT INTO ORGANIZATION (ORGANIZATION_ID,OWNER_ID,ADDRESS_ID,PARENT_ID,CAPTION,ORGANIZATION_TYPE) VALUES (5, 5, 1, NULL, 'HEAD OFFICE',    'H');
INSERT INTO POSITION_TYPE (OWNER_ID, POSITION, CAPTION) VALUES(5, 'SALES_MANAGER', 'SALES MANAGER');
INSERT INTO POSITION (OWNER_ID, ORGANIZATION_ID, POSITION, BEGDA, ENDDA) VALUES(5, 5, 'SALES_MANAGER', '2018-01-01 00:00:00.000000', '2099-12-31 00:00:00.000000');
INSERT INTO PERSON (PERSON_ID, FIRST_NAME, LAST_NAME, CELL_PHONE, BIRTHDAY, GENDER, NATIONALITY) VALUES (18, 'DENEME3', 'VORNAME', '+905424354657', '2018-01-01 00:00:00.000000', 'M', 'TR');
INSERT INTO EMPLOYEE (PERSON_ID, EMPLOYMENT, OWNER_ID) VALUES (18, '2018-01-01 00:00:00.000000', 5);
INSERT INTO POSITION_ASSIGNMENT (OWNER_ID, ORGANIZATION_ID, POSITION, PERSON_ID, EMPLOYMENT, BEGDA, ENDDA, REASON, ASSIGNMENT_TYPE) VALUES(5, 5, 'SALES_MANAGER', 18, '2018-01-01 00:00:00.000000', '2018-01-01 00:00:00.000000', '2099-12-31 00:00:00.000000', 'I', 'F');
INSERT INTO USER_ACCOUNT (USERNAME, PASSTEXT, STATUS, EMAIL_ADDRESS, FIRST_NAME, LAST_NAME) VALUES ('DENEME3', '1234', 'A', 'info@denemeghi.com', 'DENEME3', 'VORNAME');
INSERT INTO USER_ACCOUNT_OWNER (USERNAME,PERSON_ID, BEGDA) VALUES ('DENEME3',    18, '2018-01-01 00:00:00.000000');

INSERT INTO USER_AUTHORIZATION (USERNAME,AUTHORITY_GROUP,BEGDA) VALUES ('DENEME3', 'BUSINESS_USER',     '2018-01-01 00:00:00.000000');
INSERT INTO USER_AUTHORIZATION (USERNAME,AUTHORITY_GROUP,BEGDA) VALUES ('DENEME3', 'MATERIAL_ADMIN',    '2018-01-01 00:00:00.000000');
INSERT INTO USER_AUTHORIZATION (USERNAME,AUTHORITY_GROUP,BEGDA) VALUES ('DENEME3', 'SALES_ADMIN',       '2018-01-01 00:00:00.000000');
INSERT INTO USER_AUTHORIZATION (USERNAME,AUTHORITY_GROUP,BEGDA) VALUES ('DENEME3', 'PURCHASE_ADMIN',    '2018-01-01 00:00:00.000000');
INSERT INTO USER_AUTHORIZATION (USERNAME,AUTHORITY_GROUP,BEGDA) VALUES ('DENEME3', 'HELPDESK_ADMIN',    '2018-01-01 00:00:00.000000');

INSERT INTO NOTIFICATION_RECIPIENT (NOTIFICATION_TYPE_ID, USERNAME, EVENT, ENABLE) VALUES (2, 'DENEME3', 'CREATE', 'Y');
INSERT INTO NOTIFICATION_RECIPIENT (NOTIFICATION_TYPE_ID, USERNAME, EVENT, ENABLE) VALUES (2, 'DENEME3', 'UPDATE', 'Y');
INSERT INTO NOTIFICATION_RECIPIENT (NOTIFICATION_TYPE_ID, USERNAME, EVENT, ENABLE) VALUES (3, 'DENEME3', 'CREATE', 'Y');
INSERT INTO NOTIFICATION_RECIPIENT (NOTIFICATION_TYPE_ID, USERNAME, EVENT, ENABLE) VALUES (3, 'DENEME3', 'UPDATE', 'Y');
INSERT INTO NOTIFICATION_RECIPIENT (NOTIFICATION_TYPE_ID, USERNAME, EVENT, ENABLE) VALUES (4, 'DENEME3', 'CREATE', 'Y');
INSERT INTO NOTIFICATION_RECIPIENT (NOTIFICATION_TYPE_ID, USERNAME, EVENT, ENABLE) VALUES (4, 'DENEME3', 'UPDATE', 'Y');
