INSERT INTO MANUFACTURER (MANUFACTURER_ID, CAPTION) VALUES ('OSKAR',       'OSKAR');

INSERT INTO MATERIAL_TYPE (MATERIAL_TYPE_ID, CAPTION,UNIT) VALUES ('OZEL_URETIM_PASTA',   'ÖZEL ÜRETÝM PASTA', 'EA');
INSERT INTO MATERIAL_TYPE (MATERIAL_TYPE_ID, CAPTION,UNIT) VALUES ('TATLI_KURABIYE',      'TATLI KURABÝYE',    'EA');
INSERT INTO MATERIAL_TYPE (MATERIAL_TYPE_ID, CAPTION,UNIT) VALUES ('ADET_PASTA',          'ADET PASTA',        'EA');
INSERT INTO MATERIAL_TYPE (MATERIAL_TYPE_ID, CAPTION,UNIT) VALUES ('BEYAZ_TURTA',         'BEYAZ TURTA',       'EA');
INSERT INTO MATERIAL_TYPE (MATERIAL_TYPE_ID, CAPTION,UNIT) VALUES ('SIYAH_TURTA',         'SÝYAH TURTA',       'EA');
INSERT INTO MATERIAL_TYPE (MATERIAL_TYPE_ID, CAPTION,UNIT) VALUES ('SPECIAL',             'TOPLAM SPECIAL(DÝZÝLÝ)TAVA', 'EA');
INSERT INTO MATERIAL_TYPE (MATERIAL_TYPE_ID, CAPTION,UNIT) VALUES ('TATLI_KURUPASTA',     'TATLI KURUPASTA TAVA', 'EA');
INSERT INTO MATERIAL_TYPE (MATERIAL_TYPE_ID, CAPTION,UNIT) VALUES ('HAMURLU_TATLI',       'HAMURLU TATLI',        'EA');
INSERT INTO MATERIAL_TYPE (MATERIAL_TYPE_ID, CAPTION,UNIT) VALUES ('SUTLU_TATLI',         'SÜTLÜ TATLI',          'EA');
INSERT INTO MATERIAL_TYPE (MATERIAL_TYPE_ID, CAPTION,UNIT) VALUES ('KEK',                 'KEK',                  'EA');
INSERT INTO MATERIAL_TYPE (MATERIAL_TYPE_ID, CAPTION,UNIT) VALUES ('PETIFUR',             'PETIFUR',              'EA');
INSERT INTO MATERIAL_TYPE (MATERIAL_TYPE_ID, CAPTION,UNIT) VALUES ('ADET_TATLI_KURABIYE', 'ADET TATLI KURABÝYE',  'EA');
INSERT INTO MATERIAL_TYPE (MATERIAL_TYPE_ID, CAPTION,UNIT) VALUES ('ICLI_TUZLU',          'ÝÇLÝ TUZLU',           'EA');
INSERT INTO MATERIAL_TYPE (MATERIAL_TYPE_ID, CAPTION,UNIT) VALUES ('TUZLU_KURABIYE',      'TUZLU KURABÝYE',       'EA');
INSERT INTO MATERIAL_TYPE (MATERIAL_TYPE_ID, CAPTION,UNIT) VALUES ('SUFLE',               'SUFLE',                'EA');
INSERT INTO MATERIAL_TYPE (MATERIAL_TYPE_ID, CAPTION,UNIT) VALUES ('EKMEK',               'EKMEK',                'EA');
INSERT INTO MATERIAL_TYPE (MATERIAL_TYPE_ID, CAPTION,UNIT) VALUES ('ICECEK',              'ÝÇECEK',               'EA');
INSERT INTO MATERIAL_TYPE (MATERIAL_TYPE_ID, CAPTION,UNIT) VALUES ('MAYALI',              'MAYALI',               'EA');
INSERT INTO MATERIAL_TYPE (MATERIAL_TYPE_ID, CAPTION,UNIT) VALUES ('BOREK',               'BÖREK',                'EA');


INSERT INTO MATERIAL_GROUP (MATERIAL_GROUP_ID, OWNER_ID, CAPTION, PURPOSE,  PARENT_ID)             VALUES (1, 3, 'TATLI KURABÝYELER',      'SALES', NULL);
INSERT INTO MATERIAL_GROUP (MATERIAL_GROUP_ID, OWNER_ID, CAPTION, PURPOSE,  PARENT_ID)             VALUES (2, 3, 'ADET PASTALAR',          'SALES', NULL);
INSERT INTO MATERIAL_GROUP (MATERIAL_GROUP_ID, OWNER_ID, CAPTION, PURPOSE,  PARENT_ID)             VALUES (3, 3, 'BEYAZ TURTALAR',         'SALES', NULL);
INSERT INTO MATERIAL_GROUP (MATERIAL_GROUP_ID, OWNER_ID, CAPTION, PURPOSE,  PARENT_ID)             VALUES (4, 3, 'SÝYAH TURTALAR',         'SALES', NULL);
INSERT INTO MATERIAL_GROUP (MATERIAL_GROUP_ID, OWNER_ID, CAPTION, PURPOSE,  PARENT_ID)             VALUES (5, 3, 'SPECIAL',                'SALES', NULL);
INSERT INTO MATERIAL_GROUP (MATERIAL_GROUP_ID, OWNER_ID, CAPTION, PURPOSE,  PARENT_ID)             VALUES (6, 3, 'TATLI KURUPASTA TAVA',   'SALES', NULL);
INSERT INTO MATERIAL_GROUP (MATERIAL_GROUP_ID, OWNER_ID, CAPTION, PURPOSE,  PARENT_ID)             VALUES (7, 3, 'HAMURLU TATLILAR',       'SALES', NULL);
INSERT INTO MATERIAL_GROUP (MATERIAL_GROUP_ID, OWNER_ID, CAPTION, PURPOSE,  PARENT_ID)             VALUES (8, 3, 'SÜTLÜ TATLILAR',         'SALES', NULL);
INSERT INTO MATERIAL_GROUP (MATERIAL_GROUP_ID, OWNER_ID, CAPTION, PURPOSE,  PARENT_ID)             VALUES (9, 3, 'KEKLER',                 'SALES', NULL);
INSERT INTO MATERIAL_GROUP (MATERIAL_GROUP_ID, OWNER_ID, CAPTION, PURPOSE,  PARENT_ID)             VALUES (10,3, 'PETIFURLER',             'SALES', NULL);
INSERT INTO MATERIAL_GROUP (MATERIAL_GROUP_ID, OWNER_ID, CAPTION, PURPOSE,  PARENT_ID)             VALUES (11,3, 'ADET TATLI KURABÝYE',    'SALES', NULL);
INSERT INTO MATERIAL_GROUP (MATERIAL_GROUP_ID, OWNER_ID, CAPTION, PURPOSE,  PARENT_ID)             VALUES (12,3, 'ÝÇLÝ TUZLULAR',          'SALES', NULL);
INSERT INTO MATERIAL_GROUP (MATERIAL_GROUP_ID, OWNER_ID, CAPTION, PURPOSE,  PARENT_ID)             VALUES (13,3, 'TUZLU KURABÝYELER',      'SALES', NULL);
INSERT INTO MATERIAL_GROUP (MATERIAL_GROUP_ID, OWNER_ID, CAPTION, PURPOSE,  PARENT_ID)             VALUES (14,3, 'SUFLE',                  'SALES', NULL);
INSERT INTO MATERIAL_GROUP (MATERIAL_GROUP_ID, OWNER_ID, CAPTION, PURPOSE,  PARENT_ID)             VALUES (15,3, 'EKMEKLER',               'SALES', NULL);
INSERT INTO MATERIAL_GROUP (MATERIAL_GROUP_ID, OWNER_ID, CAPTION, PURPOSE,  PARENT_ID)             VALUES (16,3, 'ÝÇECEKLER',              'SALES', NULL);
INSERT INTO MATERIAL_GROUP (MATERIAL_GROUP_ID, OWNER_ID, CAPTION, PURPOSE,  PARENT_ID)             VALUES (17,3, 'MAYALILAR',              'SALES', NULL);
INSERT INTO MATERIAL_GROUP (MATERIAL_GROUP_ID, OWNER_ID, CAPTION, PURPOSE,  PARENT_ID)             VALUES (18,3, 'BÖREKLER',               'SALES', NULL);
INSERT INTO MATERIAL_GROUP (MATERIAL_GROUP_ID, OWNER_ID, CAPTION, PURPOSE,  PARENT_ID)             VALUES (19,3, 'BÖREKLER (ÇÝÐ)',         'SALES', 18);
INSERT INTO MATERIAL_GROUP (MATERIAL_GROUP_ID, OWNER_ID, CAPTION, PURPOSE,  PARENT_ID)             VALUES (20,3, 'BÖREKLER (PÝÞMÝÞ)',      'SALES', 18);
INSERT INTO MATERIAL_GROUP (MATERIAL_GROUP_ID, OWNER_ID, CAPTION, PURPOSE,  PARENT_ID)             VALUES (21,3, 'BEYAZ TURTALAR (KÜÇÜK)', 'SALES', 3);
INSERT INTO MATERIAL_GROUP (MATERIAL_GROUP_ID, OWNER_ID, CAPTION, PURPOSE,  PARENT_ID)             VALUES (22,3, 'BEYAZ TURTALAR (ORTA)',  'SALES', 3);
INSERT INTO MATERIAL_GROUP (MATERIAL_GROUP_ID, OWNER_ID, CAPTION, PURPOSE,  PARENT_ID)             VALUES (23,3, 'BEYAZ TURTALAR (BÜYÜK)', 'SALES', 3);
INSERT INTO MATERIAL_GROUP (MATERIAL_GROUP_ID, OWNER_ID, CAPTION, PURPOSE,  PARENT_ID)             VALUES (24,3, 'SÝYAH TURTALAR (KÜÇÜK)', 'SALES', 4);
INSERT INTO MATERIAL_GROUP (MATERIAL_GROUP_ID, OWNER_ID, CAPTION, PURPOSE,  PARENT_ID)             VALUES (25,3, 'SÝYAH TURTALAR (ORTA)',  'SALES', 4);
INSERT INTO MATERIAL_GROUP (MATERIAL_GROUP_ID, OWNER_ID, CAPTION, PURPOSE,  PARENT_ID)             VALUES (26,3, 'SÝYAH TURTALAR (BÜYÜK)', 'SALES', 4);
INSERT INTO MATERIAL_GROUP (MATERIAL_GROUP_ID, OWNER_ID, CAPTION, PURPOSE,  PARENT_ID)             VALUES (27,3, 'MAYALILAR (ÇÝÐ)',        'SALES', 17);
INSERT INTO MATERIAL_GROUP (MATERIAL_GROUP_ID, OWNER_ID, CAPTION, PURPOSE,  PARENT_ID)             VALUES (28,3, 'MAYALILAR (PÝÞMÝÞ)',     'SALES', 17);
INSERT INTO MATERIAL_GROUP (MATERIAL_GROUP_ID, OWNER_ID, CAPTION, PURPOSE,  PARENT_ID)             VALUES (29,3, 'ÖZEL ÜRETÝM',            'SALES', NULL);

INSERT INTO MATERIAL (MATERIAL_ID,OWNER_ID,MATERIAL_TYPE_ID,MANUFACTURER_ID,CAPTION,DEFAULT_UNIT) VALUES (1,3,'HAMURLU_TATLI','OSKAR','CEVÝZLÝ DÜRÜM ','EA');
INSERT INTO MATERIAL (MATERIAL_ID,OWNER_ID,MATERIAL_TYPE_ID,MANUFACTURER_ID,CAPTION,DEFAULT_UNIT) VALUES (2,3,'HAMURLU_TATLI','OSKAR','CEVÝZLÝ ÖZEL','EA');
INSERT INTO MATERIAL (MATERIAL_ID,OWNER_ID,MATERIAL_TYPE_ID,MANUFACTURER_ID,CAPTION,DEFAULT_UNIT) VALUES (3,3,'HAMURLU_TATLI','OSKAR','CEVÝZLÝ EV BAKLAVASI ','EA');
INSERT INTO MATERIAL (MATERIAL_ID,OWNER_ID,MATERIAL_TYPE_ID,MANUFACTURER_ID,CAPTION,DEFAULT_UNIT) VALUES (4,3,'HAMURLU_TATLI','OSKAR','CEVÝZLÝ GELÝN BOHÇASI','EA');
INSERT INTO MATERIAL (MATERIAL_ID,OWNER_ID,MATERIAL_TYPE_ID,MANUFACTURER_ID,CAPTION,DEFAULT_UNIT) VALUES (5,3,'HAMURLU_TATLI','OSKAR','CEVÝZLÝ GÜL BAKLAVASI ','EA');
INSERT INTO MATERIAL (MATERIAL_ID,OWNER_ID,MATERIAL_TYPE_ID,MANUFACTURER_ID,CAPTION,DEFAULT_UNIT) VALUES (6,3,'HAMURLU_TATLI','OSKAR','CEVÝZLÝ SÜTLÜ NURÝYE KÜÇÜK TEPSÝ ','EA');
INSERT INTO MATERIAL (MATERIAL_ID,OWNER_ID,MATERIAL_TYPE_ID,MANUFACTURER_ID,CAPTION,DEFAULT_UNIT) VALUES (7,3,'HAMURLU_TATLI','OSKAR','FISTIKLI BAKLAVA','EA');
INSERT INTO MATERIAL (MATERIAL_ID,OWNER_ID,MATERIAL_TYPE_ID,MANUFACTURER_ID,CAPTION,DEFAULT_UNIT) VALUES (8,3,'HAMURLU_TATLI','OSKAR','FISTIKLI PADÝÞAH','EA');
INSERT INTO MATERIAL (MATERIAL_ID,OWNER_ID,MATERIAL_TYPE_ID,MANUFACTURER_ID,CAPTION,DEFAULT_UNIT) VALUES (9,3,'HAMURLU_TATLI','OSKAR','KAYMAKLI ÞÖBÝYET','EA');
INSERT INTO MATERIAL (MATERIAL_ID,OWNER_ID,MATERIAL_TYPE_ID,MANUFACTURER_ID,CAPTION,DEFAULT_UNIT) VALUES (10,3,'HAMURLU_TATLI','OSKAR','FISTIKLI ÞÖBÝYET ','EA');
INSERT INTO MATERIAL (MATERIAL_ID,OWNER_ID,MATERIAL_TYPE_ID,MANUFACTURER_ID,CAPTION,DEFAULT_UNIT) VALUES (11,3,'HAMURLU_TATLI','OSKAR','FISTIKLI DÜRÜM ','EA');
INSERT INTO MATERIAL (MATERIAL_ID,OWNER_ID,MATERIAL_TYPE_ID,MANUFACTURER_ID,CAPTION,DEFAULT_UNIT) VALUES (12,3,'HAMURLU_TATLI','OSKAR','FISTIK SARMASI','EA');
INSERT INTO MATERIAL (MATERIAL_ID,OWNER_ID,MATERIAL_TYPE_ID,MANUFACTURER_ID,CAPTION,DEFAULT_UNIT) VALUES (13,3,'HAMURLU_TATLI','OSKAR','FISTIKLI BURMALI KADAYIF','EA');
INSERT INTO MATERIAL (MATERIAL_ID,OWNER_ID,MATERIAL_TYPE_ID,MANUFACTURER_ID,CAPTION,DEFAULT_UNIT) VALUES (14,3,'HAMURLU_TATLI','OSKAR','FISTIKLI SARAYKESME','EA');
INSERT INTO MATERIAL (MATERIAL_ID,OWNER_ID,MATERIAL_TYPE_ID,MANUFACTURER_ID,CAPTION,DEFAULT_UNIT) VALUES (15,3,'HAMURLU_TATLI','OSKAR','FISTIKLI KURU BAKLAVA ','EA');
INSERT INTO MATERIAL (MATERIAL_ID,OWNER_ID,MATERIAL_TYPE_ID,MANUFACTURER_ID,CAPTION,DEFAULT_UNIT) VALUES (16,3,'HAMURLU_TATLI','OSKAR','FISTIKLI DÝLBER DUDAÐI ','EA');
INSERT INTO MATERIAL (MATERIAL_ID,OWNER_ID,MATERIAL_TYPE_ID,MANUFACTURER_ID,CAPTION,DEFAULT_UNIT) VALUES (17,3,'HAMURLU_TATLI','OSKAR','FISTIKLI ÖZEL ','EA');
INSERT INTO MATERIAL (MATERIAL_ID,OWNER_ID,MATERIAL_TYPE_ID,MANUFACTURER_ID,CAPTION,DEFAULT_UNIT) VALUES (18,3,'HAMURLU_TATLI','OSKAR','FISTIKLI HAVUÇ DÝLÝMÝ','EA');
INSERT INTO MATERIAL (MATERIAL_ID,OWNER_ID,MATERIAL_TYPE_ID,MANUFACTURER_ID,CAPTION,DEFAULT_UNIT) VALUES (19,3,'HAMURLU_TATLI','OSKAR','FISTIKLI KÜÇÜK KESÝM','EA');
INSERT INTO MATERIAL (MATERIAL_ID,OWNER_ID,MATERIAL_TYPE_ID,MANUFACTURER_ID,CAPTION,DEFAULT_UNIT) VALUES (20,3,'HAMURLU_TATLI','OSKAR','FISTIKLI SARI BURMA','EA');
INSERT INTO MATERIAL (MATERIAL_ID,OWNER_ID,MATERIAL_TYPE_ID,MANUFACTURER_ID,CAPTION,DEFAULT_UNIT) VALUES (21,3,'HAMURLU_TATLI','OSKAR','DÜZ KADAYIF','EA');
INSERT INTO MATERIAL (MATERIAL_ID,OWNER_ID,MATERIAL_TYPE_ID,MANUFACTURER_ID,CAPTION,DEFAULT_UNIT) VALUES (22,3,'ADET_PASTA','OSKAR','MALAGA- ÇÝKOLATA','EA');
INSERT INTO MATERIAL (MATERIAL_ID,OWNER_ID,MATERIAL_TYPE_ID,MANUFACTURER_ID,CAPTION,DEFAULT_UNIT) VALUES (23,3,'ADET_PASTA','OSKAR','STÝCK-KARAMEL','EA');
INSERT INTO MATERIAL (MATERIAL_ID,OWNER_ID,MATERIAL_TYPE_ID,MANUFACTURER_ID,CAPTION,DEFAULT_UNIT) VALUES (24,3,'ADET_PASTA','OSKAR','STÝCK -FISTIK','EA');
INSERT INTO MATERIAL (MATERIAL_ID,OWNER_ID,MATERIAL_TYPE_ID,MANUFACTURER_ID,CAPTION,DEFAULT_UNIT) VALUES (25,3,'ADET_PASTA','OSKAR','PAÞA-FISTIK & PROFÝTROL SOS','EA');
INSERT INTO MATERIAL (MATERIAL_ID,OWNER_ID,MATERIAL_TYPE_ID,MANUFACTURER_ID,CAPTION,DEFAULT_UNIT) VALUES (26,3,'ADET_PASTA','OSKAR','KARAMELLÝ KARE','EA');
INSERT INTO MATERIAL (MATERIAL_ID,OWNER_ID,MATERIAL_TYPE_ID,MANUFACTURER_ID,CAPTION,DEFAULT_UNIT) VALUES (27,3,'ADET_PASTA','OSKAR','ÇÝKOLATALI KARE','EA');
INSERT INTO MATERIAL (MATERIAL_ID,OWNER_ID,MATERIAL_TYPE_ID,MANUFACTURER_ID,CAPTION,DEFAULT_UNIT) VALUES (28,3,'ADET_PASTA','OSKAR','CHEESE CAKE-FRANBUAZ','EA');
INSERT INTO MATERIAL (MATERIAL_ID,OWNER_ID,MATERIAL_TYPE_ID,MANUFACTURER_ID,CAPTION,DEFAULT_UNIT) VALUES (29,3,'ADET_PASTA','OSKAR','CHEESE CAKE-LÝMON','EA');
INSERT INTO MATERIAL (MATERIAL_ID,OWNER_ID,MATERIAL_TYPE_ID,MANUFACTURER_ID,CAPTION,DEFAULT_UNIT) VALUES (30,3,'ADET_PASTA','OSKAR','TRAMÝSU','EA');
INSERT INTO MATERIAL (MATERIAL_ID,OWNER_ID,MATERIAL_TYPE_ID,MANUFACTURER_ID,CAPTION,DEFAULT_UNIT) VALUES (31,3,'ADET_PASTA','OSKAR','PROFÝTEROLLÜ ADET','EA');
INSERT INTO MATERIAL (MATERIAL_ID,OWNER_ID,MATERIAL_TYPE_ID,MANUFACTURER_ID,CAPTION,DEFAULT_UNIT) VALUES (32,3,'ADET_PASTA','OSKAR','MOZAÝK','EA');
INSERT INTO MATERIAL (MATERIAL_ID,OWNER_ID,MATERIAL_TYPE_ID,MANUFACTURER_ID,CAPTION,DEFAULT_UNIT) VALUES (33,3,'ADET_PASTA','OSKAR','MEYVELÝ BEYAZ','EA');
INSERT INTO MATERIAL (MATERIAL_ID,OWNER_ID,MATERIAL_TYPE_ID,MANUFACTURER_ID,CAPTION,DEFAULT_UNIT) VALUES (34,3,'ADET_PASTA','OSKAR','FRAMBUAZLI','EA');
INSERT INTO MATERIAL (MATERIAL_ID,OWNER_ID,MATERIAL_TYPE_ID,MANUFACTURER_ID,CAPTION,DEFAULT_UNIT) VALUES (35,3,'ADET_PASTA','OSKAR','MÝLFÖY ÇÝLEKLÝ ADET','EA');
INSERT INTO MATERIAL (MATERIAL_ID,OWNER_ID,MATERIAL_TYPE_ID,MANUFACTURER_ID,CAPTION,DEFAULT_UNIT) VALUES (36,3,'ADET_PASTA','OSKAR','FISTIKLI ÇÝKOLATALI','EA');
INSERT INTO MATERIAL (MATERIAL_ID,OWNER_ID,MATERIAL_TYPE_ID,MANUFACTURER_ID,CAPTION,DEFAULT_UNIT) VALUES (37,3,'ADET_PASTA','OSKAR','PARÇA ÇÝKOLATALI','EA');
INSERT INTO MATERIAL (MATERIAL_ID,OWNER_ID,MATERIAL_TYPE_ID,MANUFACTURER_ID,CAPTION,DEFAULT_UNIT) VALUES (38,3,'ADET_PASTA','OSKAR','ÇÝKOLATALI MUZLU ADET','EA');
INSERT INTO MATERIAL (MATERIAL_ID,OWNER_ID,MATERIAL_TYPE_ID,MANUFACTURER_ID,CAPTION,DEFAULT_UNIT) VALUES (39,3,'ADET_PASTA','OSKAR','ÇÝKOLATALI-MEYVELÝ','EA');
INSERT INTO MATERIAL (MATERIAL_ID,OWNER_ID,MATERIAL_TYPE_ID,MANUFACTURER_ID,CAPTION,DEFAULT_UNIT) VALUES (40,3,'ADET_PASTA','OSKAR','ANKARA SARMASI','EA');
INSERT INTO MATERIAL (MATERIAL_ID,OWNER_ID,MATERIAL_TYPE_ID,MANUFACTURER_ID,CAPTION,DEFAULT_UNIT) VALUES (41,3,'ADET_PASTA','OSKAR','KÝRPÝ ADET','EA');
INSERT INTO MATERIAL (MATERIAL_ID,OWNER_ID,MATERIAL_TYPE_ID,MANUFACTURER_ID,CAPTION,DEFAULT_UNIT) VALUES (42,3,'ADET_PASTA','OSKAR','ALMAN PASTASI ','EA');
INSERT INTO MATERIAL (MATERIAL_ID,OWNER_ID,MATERIAL_TYPE_ID,MANUFACTURER_ID,CAPTION,DEFAULT_UNIT) VALUES (43,3,'ADET_PASTA','OSKAR','ADET EKLER ÇÝKOLALI','EA');
INSERT INTO MATERIAL (MATERIAL_ID,OWNER_ID,MATERIAL_TYPE_ID,MANUFACTURER_ID,CAPTION,DEFAULT_UNIT) VALUES (44,3,'ADET_PASTA','OSKAR','HAMUR ADET- PARÇA ÇÝKOLATALI','EA');
INSERT INTO MATERIAL (MATERIAL_ID,OWNER_ID,MATERIAL_TYPE_ID,MANUFACTURER_ID,CAPTION,DEFAULT_UNIT) VALUES (45,3,'PETIFUR','OSKAR','KÜÇÜK EKLER BEYAZ','EA');
INSERT INTO MATERIAL (MATERIAL_ID,OWNER_ID,MATERIAL_TYPE_ID,MANUFACTURER_ID,CAPTION,DEFAULT_UNIT) VALUES (46,3,'PETIFUR','OSKAR','KÜÇÜK EKLER SÝYAH','EA');
INSERT INTO MATERIAL (MATERIAL_ID,OWNER_ID,MATERIAL_TYPE_ID,MANUFACTURER_ID,CAPTION,DEFAULT_UNIT) VALUES (47,3,'PETIFUR','OSKAR','KÜÇÜK EKLER LÝMONLU','EA');
INSERT INTO MATERIAL (MATERIAL_ID,OWNER_ID,MATERIAL_TYPE_ID,MANUFACTURER_ID,CAPTION,DEFAULT_UNIT) VALUES (48,3,'PETIFUR','OSKAR','LEZZET TOPLARI','EA');
INSERT INTO MATERIAL (MATERIAL_ID,OWNER_ID,MATERIAL_TYPE_ID,MANUFACTURER_ID,CAPTION,DEFAULT_UNIT) VALUES (49,3,'PETIFUR','OSKAR','KESME KLASÝK BEYAZ','EA');
INSERT INTO MATERIAL (MATERIAL_ID,OWNER_ID,MATERIAL_TYPE_ID,MANUFACTURER_ID,CAPTION,DEFAULT_UNIT) VALUES (50,3,'PETIFUR','OSKAR','KESME KLASÝK SÝYAH','EA');
INSERT INTO MATERIAL (MATERIAL_ID,OWNER_ID,MATERIAL_TYPE_ID,MANUFACTURER_ID,CAPTION,DEFAULT_UNIT) VALUES (51,3,'PETIFUR','OSKAR','CHEESE CAKE - FRAMBUAZ&LÝMON','EA');
INSERT INTO MATERIAL (MATERIAL_ID,OWNER_ID,MATERIAL_TYPE_ID,MANUFACTURER_ID,CAPTION,DEFAULT_UNIT) VALUES (52,3,'PETIFUR','OSKAR','ÇÝKOLATA VÝÞNELÝ TARTELAT','EA');
INSERT INTO MATERIAL (MATERIAL_ID,OWNER_ID,MATERIAL_TYPE_ID,MANUFACTURER_ID,CAPTION,DEFAULT_UNIT) VALUES (53,3,'PETIFUR','OSKAR','TARTELET ÇÝLEKLÝ','EA');
INSERT INTO MATERIAL (MATERIAL_ID,OWNER_ID,MATERIAL_TYPE_ID,MANUFACTURER_ID,CAPTION,DEFAULT_UNIT) VALUES (54,3,'PETIFUR','OSKAR','TARTELET KÝVÝLÝ','EA');
INSERT INTO MATERIAL (MATERIAL_ID,OWNER_ID,MATERIAL_TYPE_ID,MANUFACTURER_ID,CAPTION,DEFAULT_UNIT) VALUES (55,3,'PETIFUR','OSKAR','TARTELET ÇÝKOLATA & MUZ','EA');
INSERT INTO MATERIAL (MATERIAL_ID,OWNER_ID,MATERIAL_TYPE_ID,MANUFACTURER_ID,CAPTION,DEFAULT_UNIT) VALUES (56,3,'PETIFUR','OSKAR','UFAK ANKARA SARMALAR','EA');
INSERT INTO MATERIAL (MATERIAL_ID,OWNER_ID,MATERIAL_TYPE_ID,MANUFACTURER_ID,CAPTION,DEFAULT_UNIT) VALUES (57,3,'ADET_TATLI_KURABIYE','OSKAR','LOR ADET','EA');
INSERT INTO MATERIAL (MATERIAL_ID,OWNER_ID,MATERIAL_TYPE_ID,MANUFACTURER_ID,CAPTION,DEFAULT_UNIT) VALUES (58,3,'ADET_TATLI_KURABIYE','OSKAR','ELMA ÞEKERÝ','EA');
INSERT INTO MATERIAL (MATERIAL_ID,OWNER_ID,MATERIAL_TYPE_ID,MANUFACTURER_ID,CAPTION,DEFAULT_UNIT) VALUES (59,3,'ADET_TATLI_KURABIYE','OSKAR','ÞAM ADET','EA');
INSERT INTO MATERIAL (MATERIAL_ID,OWNER_ID,MATERIAL_TYPE_ID,MANUFACTURER_ID,CAPTION,DEFAULT_UNIT) VALUES (60,3,'ADET_TATLI_KURABIYE','OSKAR','FÝGÜRLÜ AD KURABÝYE','EA');
INSERT INTO MATERIAL (MATERIAL_ID,OWNER_ID,MATERIAL_TYPE_ID,MANUFACTURER_ID,CAPTION,DEFAULT_UNIT) VALUES (61,3,'ADET_TATLI_KURABIYE','OSKAR','CUP CAKE FÝGÜRLÜ','EA');
INSERT INTO MATERIAL (MATERIAL_ID,OWNER_ID,MATERIAL_TYPE_ID,MANUFACTURER_ID,CAPTION,DEFAULT_UNIT) VALUES (62,3,'ADET_TATLI_KURABIYE','OSKAR','FÝÞEK KEK','EA');
INSERT INTO MATERIAL (MATERIAL_ID,OWNER_ID,MATERIAL_TYPE_ID,MANUFACTURER_ID,CAPTION,DEFAULT_UNIT) VALUES (63,3,'ADET_TATLI_KURABIYE','OSKAR','MUFFÝN','EA');
INSERT INTO MATERIAL (MATERIAL_ID,OWNER_ID,MATERIAL_TYPE_ID,MANUFACTURER_ID,CAPTION,DEFAULT_UNIT) VALUES (64,3,'ICLI_TUZLU','OSKAR','SEFA - DEREOTLU PEYNÝRLÝ','EA');
INSERT INTO MATERIAL (MATERIAL_ID,OWNER_ID,MATERIAL_TYPE_ID,MANUFACTURER_ID,CAPTION,DEFAULT_UNIT) VALUES (65,3,'ICLI_TUZLU','OSKAR','SEFA - PEYNÝR','EA');
INSERT INTO MATERIAL (MATERIAL_ID,OWNER_ID,MATERIAL_TYPE_ID,MANUFACTURER_ID,CAPTION,DEFAULT_UNIT) VALUES (66,3,'ICLI_TUZLU','OSKAR','SEFA - PATATESLÝ','EA');
INSERT INTO MATERIAL (MATERIAL_ID,OWNER_ID,MATERIAL_TYPE_ID,MANUFACTURER_ID,CAPTION,DEFAULT_UNIT) VALUES (67,3,'ICLI_TUZLU','OSKAR','SEFA - KEKÝKLÝ YEÞÝL ZEYTÝNLÝ','EA');
INSERT INTO MATERIAL (MATERIAL_ID,OWNER_ID,MATERIAL_TYPE_ID,MANUFACTURER_ID,CAPTION,DEFAULT_UNIT) VALUES (68,3,'BEYAZ_TURTA','OSKAR','FRAMBUAZLI-1','EA');
INSERT INTO MATERIAL (MATERIAL_ID,OWNER_ID,MATERIAL_TYPE_ID,MANUFACTURER_ID,CAPTION,DEFAULT_UNIT) VALUES (69,3,'BEYAZ_TURTA','OSKAR','TROPÝKAL - FRAMBUAZ & BÖÐÜRTLEN & ÇÝLEK-1','EA');
INSERT INTO MATERIAL (MATERIAL_ID,OWNER_ID,MATERIAL_TYPE_ID,MANUFACTURER_ID,CAPTION,DEFAULT_UNIT) VALUES (70,3,'BEYAZ_TURTA','OSKAR','LÝMON & FRAMBUAZ-1','EA');
INSERT INTO MATERIAL (MATERIAL_ID,OWNER_ID,MATERIAL_TYPE_ID,MANUFACTURER_ID,CAPTION,DEFAULT_UNIT) VALUES (71,3,'BEYAZ_TURTA','OSKAR','KARIÞIK MEYVELÝ-1','EA');
INSERT INTO MATERIAL (MATERIAL_ID,OWNER_ID,MATERIAL_TYPE_ID,MANUFACTURER_ID,CAPTION,DEFAULT_UNIT) VALUES (72,3,'BEYAZ_TURTA','OSKAR','ÞEFFAF KARIÞIK MEYVELÝ-1','EA');
INSERT INTO MATERIAL (MATERIAL_ID,OWNER_ID,MATERIAL_TYPE_ID,MANUFACTURER_ID,CAPTION,DEFAULT_UNIT) VALUES (73,3,'BEYAZ_TURTA','OSKAR','ÞEFFAF ÇÝLEKLÝ-1','EA');
INSERT INTO MATERIAL (MATERIAL_ID,OWNER_ID,MATERIAL_TYPE_ID,MANUFACTURER_ID,CAPTION,DEFAULT_UNIT) VALUES (74,3,'BEYAZ_TURTA','OSKAR','OSKAR SPECÝAL BEYAZ-1','EA');
INSERT INTO MATERIAL (MATERIAL_ID,OWNER_ID,MATERIAL_TYPE_ID,MANUFACTURER_ID,CAPTION,DEFAULT_UNIT) VALUES (75,3,'BEYAZ_TURTA','OSKAR','FRAMBUAZLI-2','EA');
INSERT INTO MATERIAL (MATERIAL_ID,OWNER_ID,MATERIAL_TYPE_ID,MANUFACTURER_ID,CAPTION,DEFAULT_UNIT) VALUES (76,3,'BEYAZ_TURTA','OSKAR','TROPÝKAL - FRAMBUAZ & BÖÐÜRTLEN & ÇÝLEK-2','EA');
INSERT INTO MATERIAL (MATERIAL_ID,OWNER_ID,MATERIAL_TYPE_ID,MANUFACTURER_ID,CAPTION,DEFAULT_UNIT) VALUES (77,3,'BEYAZ_TURTA','OSKAR','LÝMON & FRAMBUAZ-2','EA');
INSERT INTO MATERIAL (MATERIAL_ID,OWNER_ID,MATERIAL_TYPE_ID,MANUFACTURER_ID,CAPTION,DEFAULT_UNIT) VALUES (78,3,'BEYAZ_TURTA','OSKAR','KARIÞIK MEYVELÝ-2','EA');
INSERT INTO MATERIAL (MATERIAL_ID,OWNER_ID,MATERIAL_TYPE_ID,MANUFACTURER_ID,CAPTION,DEFAULT_UNIT) VALUES (79,3,'BEYAZ_TURTA','OSKAR','ÞEFFAF KARIÞIK MEYVELÝ-2','EA');
INSERT INTO MATERIAL (MATERIAL_ID,OWNER_ID,MATERIAL_TYPE_ID,MANUFACTURER_ID,CAPTION,DEFAULT_UNIT) VALUES (80,3,'BEYAZ_TURTA','OSKAR','ÞEFFAF ÇÝLEKLÝ-2','EA');
INSERT INTO MATERIAL (MATERIAL_ID,OWNER_ID,MATERIAL_TYPE_ID,MANUFACTURER_ID,CAPTION,DEFAULT_UNIT) VALUES (81,3,'BEYAZ_TURTA','OSKAR','OSKAR SPECÝAL BEYAZ-2','EA');
INSERT INTO MATERIAL (MATERIAL_ID,OWNER_ID,MATERIAL_TYPE_ID,MANUFACTURER_ID,CAPTION,DEFAULT_UNIT) VALUES (82,3,'BEYAZ_TURTA','OSKAR','FRAMBUAZLI-3','EA');
INSERT INTO MATERIAL (MATERIAL_ID,OWNER_ID,MATERIAL_TYPE_ID,MANUFACTURER_ID,CAPTION,DEFAULT_UNIT) VALUES (83,3,'BEYAZ_TURTA','OSKAR','TROPÝKAL - FRAMBUAZ & BÖÐÜRTLEN & ÇÝLEK-3','EA');
INSERT INTO MATERIAL (MATERIAL_ID,OWNER_ID,MATERIAL_TYPE_ID,MANUFACTURER_ID,CAPTION,DEFAULT_UNIT) VALUES (84,3,'BEYAZ_TURTA','OSKAR','LÝMON & FRAMBUAZ-3','EA');
INSERT INTO MATERIAL (MATERIAL_ID,OWNER_ID,MATERIAL_TYPE_ID,MANUFACTURER_ID,CAPTION,DEFAULT_UNIT) VALUES (85,3,'BEYAZ_TURTA','OSKAR','KARIÞIK MEYVELÝ-3','EA');
INSERT INTO MATERIAL (MATERIAL_ID,OWNER_ID,MATERIAL_TYPE_ID,MANUFACTURER_ID,CAPTION,DEFAULT_UNIT) VALUES (86,3,'BEYAZ_TURTA','OSKAR','ÞEFFAF KARIÞIK MEYVELÝ-3','EA');
INSERT INTO MATERIAL (MATERIAL_ID,OWNER_ID,MATERIAL_TYPE_ID,MANUFACTURER_ID,CAPTION,DEFAULT_UNIT) VALUES (87,3,'BEYAZ_TURTA','OSKAR','ÞEFFAF ÇÝLEKLÝ-3','EA');
INSERT INTO MATERIAL (MATERIAL_ID,OWNER_ID,MATERIAL_TYPE_ID,MANUFACTURER_ID,CAPTION,DEFAULT_UNIT) VALUES (88,3,'BEYAZ_TURTA','OSKAR','OSKAR SPECÝAL BEYAZ-3','EA');
INSERT INTO MATERIAL (MATERIAL_ID,OWNER_ID,MATERIAL_TYPE_ID,MANUFACTURER_ID,CAPTION,DEFAULT_UNIT) VALUES (89,3,'SIYAH_TURTA','OSKAR','ÇÝKOLATALI MUZLU-1','EA');
INSERT INTO MATERIAL (MATERIAL_ID,OWNER_ID,MATERIAL_TYPE_ID,MANUFACTURER_ID,CAPTION,DEFAULT_UNIT) VALUES (90,3,'SIYAH_TURTA','OSKAR','ÇÝKOLATA KROKANTLI-1','EA');
INSERT INTO MATERIAL (MATERIAL_ID,OWNER_ID,MATERIAL_TYPE_ID,MANUFACTURER_ID,CAPTION,DEFAULT_UNIT) VALUES (91,3,'SIYAH_TURTA','OSKAR','PARÇA ÇÝKOLATALI-1','EA');
INSERT INTO MATERIAL (MATERIAL_ID,OWNER_ID,MATERIAL_TYPE_ID,MANUFACTURER_ID,CAPTION,DEFAULT_UNIT) VALUES (92,3,'SIYAH_TURTA','OSKAR','ÇÝKOLATA MEYVELÝ-1','EA');
INSERT INTO MATERIAL (MATERIAL_ID,OWNER_ID,MATERIAL_TYPE_ID,MANUFACTURER_ID,CAPTION,DEFAULT_UNIT) VALUES (93,3,'SIYAH_TURTA','OSKAR','KESTANELÝ-1','EA');
INSERT INTO MATERIAL (MATERIAL_ID,OWNER_ID,MATERIAL_TYPE_ID,MANUFACTURER_ID,CAPTION,DEFAULT_UNIT) VALUES (94,3,'SIYAH_TURTA','OSKAR','ÇÝKOLATA FISTIKLI-1','EA');
INSERT INTO MATERIAL (MATERIAL_ID,OWNER_ID,MATERIAL_TYPE_ID,MANUFACTURER_ID,CAPTION,DEFAULT_UNIT) VALUES (95,3,'SIYAH_TURTA','OSKAR','ÇÝKOLATA VÝÞNELÝ-1','EA');
INSERT INTO MATERIAL (MATERIAL_ID,OWNER_ID,MATERIAL_TYPE_ID,MANUFACTURER_ID,CAPTION,DEFAULT_UNIT) VALUES (96,3,'SIYAH_TURTA','OSKAR','OSKAR SPECÝAL ÇÝKOLATALI-1','EA');
INSERT INTO MATERIAL (MATERIAL_ID,OWNER_ID,MATERIAL_TYPE_ID,MANUFACTURER_ID,CAPTION,DEFAULT_UNIT) VALUES (97,3,'SIYAH_TURTA','OSKAR','KÝRPÝ - FISTIKLI-1','EA');
INSERT INTO MATERIAL (MATERIAL_ID,OWNER_ID,MATERIAL_TYPE_ID,MANUFACTURER_ID,CAPTION,DEFAULT_UNIT) VALUES (98,3,'SIYAH_TURTA','OSKAR','CEVÝZLÝ PASTA-1','EA');
INSERT INTO MATERIAL (MATERIAL_ID,OWNER_ID,MATERIAL_TYPE_ID,MANUFACTURER_ID,CAPTION,DEFAULT_UNIT) VALUES (99,3,'SIYAH_TURTA','OSKAR','NEWYORK -1','EA');
INSERT INTO MATERIAL (MATERIAL_ID,OWNER_ID,MATERIAL_TYPE_ID,MANUFACTURER_ID,CAPTION,DEFAULT_UNIT) VALUES (100,3,'SIYAH_TURTA','OSKAR','GÝZEM-1','EA');
INSERT INTO MATERIAL (MATERIAL_ID,OWNER_ID,MATERIAL_TYPE_ID,MANUFACTURER_ID,CAPTION,DEFAULT_UNIT) VALUES (101,3,'SIYAH_TURTA','OSKAR','PROFÝTROL PASTA-1','EA');
INSERT INTO MATERIAL (MATERIAL_ID,OWNER_ID,MATERIAL_TYPE_ID,MANUFACTURER_ID,CAPTION,DEFAULT_UNIT) VALUES (102,3,'SIYAH_TURTA','OSKAR','PÝKOLA ÇÝLEKLÝ -1','EA');
INSERT INTO MATERIAL (MATERIAL_ID,OWNER_ID,MATERIAL_TYPE_ID,MANUFACTURER_ID,CAPTION,DEFAULT_UNIT) VALUES (103,3,'SIYAH_TURTA','OSKAR','ÇÝKOLATALI MUZLU-2','EA');
INSERT INTO MATERIAL (MATERIAL_ID,OWNER_ID,MATERIAL_TYPE_ID,MANUFACTURER_ID,CAPTION,DEFAULT_UNIT) VALUES (104,3,'SIYAH_TURTA','OSKAR','ÇÝKOLATA KROKANTLI-2','EA');
INSERT INTO MATERIAL (MATERIAL_ID,OWNER_ID,MATERIAL_TYPE_ID,MANUFACTURER_ID,CAPTION,DEFAULT_UNIT) VALUES (105,3,'SIYAH_TURTA','OSKAR','PARÇA ÇÝKOLATALI-2','EA');
INSERT INTO MATERIAL (MATERIAL_ID,OWNER_ID,MATERIAL_TYPE_ID,MANUFACTURER_ID,CAPTION,DEFAULT_UNIT) VALUES (106,3,'SIYAH_TURTA','OSKAR','ÇÝKOLATA MEYVELÝ-2','EA');
INSERT INTO MATERIAL (MATERIAL_ID,OWNER_ID,MATERIAL_TYPE_ID,MANUFACTURER_ID,CAPTION,DEFAULT_UNIT) VALUES (107,3,'SIYAH_TURTA','OSKAR','KESTANELÝ-2','EA');
INSERT INTO MATERIAL (MATERIAL_ID,OWNER_ID,MATERIAL_TYPE_ID,MANUFACTURER_ID,CAPTION,DEFAULT_UNIT) VALUES (108,3,'SIYAH_TURTA','OSKAR','ÇÝKOLATA FISTIKLI-2','EA');
INSERT INTO MATERIAL (MATERIAL_ID,OWNER_ID,MATERIAL_TYPE_ID,MANUFACTURER_ID,CAPTION,DEFAULT_UNIT) VALUES (109,3,'SIYAH_TURTA','OSKAR','ÇÝKOLATA VÝÞNELÝ-2','EA');
INSERT INTO MATERIAL (MATERIAL_ID,OWNER_ID,MATERIAL_TYPE_ID,MANUFACTURER_ID,CAPTION,DEFAULT_UNIT) VALUES (110,3,'SIYAH_TURTA','OSKAR','OSKAR SPECÝAL ÇÝKOLATALI-2','EA');
INSERT INTO MATERIAL (MATERIAL_ID,OWNER_ID,MATERIAL_TYPE_ID,MANUFACTURER_ID,CAPTION,DEFAULT_UNIT) VALUES (111,3,'SIYAH_TURTA','OSKAR','KÝRPÝ - FISTIKLI-2','EA');
INSERT INTO MATERIAL (MATERIAL_ID,OWNER_ID,MATERIAL_TYPE_ID,MANUFACTURER_ID,CAPTION,DEFAULT_UNIT) VALUES (112,3,'SIYAH_TURTA','OSKAR','CEVÝZLÝ PASTA-2','EA');
INSERT INTO MATERIAL (MATERIAL_ID,OWNER_ID,MATERIAL_TYPE_ID,MANUFACTURER_ID,CAPTION,DEFAULT_UNIT) VALUES (113,3,'SIYAH_TURTA','OSKAR','NEWYORK -2','EA');
INSERT INTO MATERIAL (MATERIAL_ID,OWNER_ID,MATERIAL_TYPE_ID,MANUFACTURER_ID,CAPTION,DEFAULT_UNIT) VALUES (114,3,'SIYAH_TURTA','OSKAR','GÝZEM-2','EA');
INSERT INTO MATERIAL (MATERIAL_ID,OWNER_ID,MATERIAL_TYPE_ID,MANUFACTURER_ID,CAPTION,DEFAULT_UNIT) VALUES (115,3,'SIYAH_TURTA','OSKAR','PROFÝTROL PASTA-2','EA');
INSERT INTO MATERIAL (MATERIAL_ID,OWNER_ID,MATERIAL_TYPE_ID,MANUFACTURER_ID,CAPTION,DEFAULT_UNIT) VALUES (116,3,'SIYAH_TURTA','OSKAR','PÝKOLA ÇÝLEKLÝ -2','EA');
INSERT INTO MATERIAL (MATERIAL_ID,OWNER_ID,MATERIAL_TYPE_ID,MANUFACTURER_ID,CAPTION,DEFAULT_UNIT) VALUES (117,3,'SIYAH_TURTA','OSKAR','ÇÝKOLATALI MUZLU-3','EA');
INSERT INTO MATERIAL (MATERIAL_ID,OWNER_ID,MATERIAL_TYPE_ID,MANUFACTURER_ID,CAPTION,DEFAULT_UNIT) VALUES (118,3,'SIYAH_TURTA','OSKAR','ÇÝKOLATA KROKANTLI-3','EA');
INSERT INTO MATERIAL (MATERIAL_ID,OWNER_ID,MATERIAL_TYPE_ID,MANUFACTURER_ID,CAPTION,DEFAULT_UNIT) VALUES (119,3,'SIYAH_TURTA','OSKAR','PARÇA ÇÝKOLATALI-3','EA');
INSERT INTO MATERIAL (MATERIAL_ID,OWNER_ID,MATERIAL_TYPE_ID,MANUFACTURER_ID,CAPTION,DEFAULT_UNIT) VALUES (120,3,'SIYAH_TURTA','OSKAR','ÇÝKOLATA MEYVELÝ-3','EA');
INSERT INTO MATERIAL (MATERIAL_ID,OWNER_ID,MATERIAL_TYPE_ID,MANUFACTURER_ID,CAPTION,DEFAULT_UNIT) VALUES (121,3,'SIYAH_TURTA','OSKAR','KESTANELÝ-3','EA');
INSERT INTO MATERIAL (MATERIAL_ID,OWNER_ID,MATERIAL_TYPE_ID,MANUFACTURER_ID,CAPTION,DEFAULT_UNIT) VALUES (122,3,'SIYAH_TURTA','OSKAR','ÇÝKOLATA FISTIKLI-3','EA');
INSERT INTO MATERIAL (MATERIAL_ID,OWNER_ID,MATERIAL_TYPE_ID,MANUFACTURER_ID,CAPTION,DEFAULT_UNIT) VALUES (123,3,'SIYAH_TURTA','OSKAR','ÇÝKOLATA VÝÞNELÝ-3','EA');
INSERT INTO MATERIAL (MATERIAL_ID,OWNER_ID,MATERIAL_TYPE_ID,MANUFACTURER_ID,CAPTION,DEFAULT_UNIT) VALUES (124,3,'SIYAH_TURTA','OSKAR','OSKAR SPECÝAL ÇÝKOLATALI-3','EA');
INSERT INTO MATERIAL (MATERIAL_ID,OWNER_ID,MATERIAL_TYPE_ID,MANUFACTURER_ID,CAPTION,DEFAULT_UNIT) VALUES (125,3,'SIYAH_TURTA','OSKAR','KÝRPÝ - FISTIKLI-3','EA');
INSERT INTO MATERIAL (MATERIAL_ID,OWNER_ID,MATERIAL_TYPE_ID,MANUFACTURER_ID,CAPTION,DEFAULT_UNIT) VALUES (126,3,'SIYAH_TURTA','OSKAR','CEVÝZLÝ PASTA-3','EA');
INSERT INTO MATERIAL (MATERIAL_ID,OWNER_ID,MATERIAL_TYPE_ID,MANUFACTURER_ID,CAPTION,DEFAULT_UNIT) VALUES (127,3,'SIYAH_TURTA','OSKAR','NEWYORK -3','EA');
INSERT INTO MATERIAL (MATERIAL_ID,OWNER_ID,MATERIAL_TYPE_ID,MANUFACTURER_ID,CAPTION,DEFAULT_UNIT) VALUES (128,3,'SIYAH_TURTA','OSKAR','GÝZEM-3','EA');
INSERT INTO MATERIAL (MATERIAL_ID,OWNER_ID,MATERIAL_TYPE_ID,MANUFACTURER_ID,CAPTION,DEFAULT_UNIT) VALUES (129,3,'SIYAH_TURTA','OSKAR','PROFÝTROL PASTA-3','EA');
INSERT INTO MATERIAL (MATERIAL_ID,OWNER_ID,MATERIAL_TYPE_ID,MANUFACTURER_ID,CAPTION,DEFAULT_UNIT) VALUES (130,3,'SIYAH_TURTA','OSKAR','PÝKOLA ÇÝLEKLÝ -3','EA');
INSERT INTO MATERIAL (MATERIAL_ID,OWNER_ID,MATERIAL_TYPE_ID,MANUFACTURER_ID,CAPTION,DEFAULT_UNIT) VALUES (131,3,'HAMURLU_TATLI','OSKAR','TULUMBA','EA');
INSERT INTO MATERIAL (MATERIAL_ID,OWNER_ID,MATERIAL_TYPE_ID,MANUFACTURER_ID,CAPTION,DEFAULT_UNIT) VALUES (132,3,'HAMURLU_TATLI','OSKAR','LOKMA','EA');
INSERT INTO MATERIAL (MATERIAL_ID,OWNER_ID,MATERIAL_TYPE_ID,MANUFACTURER_ID,CAPTION,DEFAULT_UNIT) VALUES (133,3,'HAMURLU_TATLI','OSKAR','ÞEKERPARE','EA');
INSERT INTO MATERIAL (MATERIAL_ID,OWNER_ID,MATERIAL_TYPE_ID,MANUFACTURER_ID,CAPTION,DEFAULT_UNIT) VALUES (134,3,'HAMURLU_TATLI','OSKAR','KALBURA BASTI','EA');
INSERT INTO MATERIAL (MATERIAL_ID,OWNER_ID,MATERIAL_TYPE_ID,MANUFACTURER_ID,CAPTION,DEFAULT_UNIT) VALUES (135,3,'HAMURLU_TATLI','OSKAR','EKMEK KADAYIFI','EA');
INSERT INTO MATERIAL (MATERIAL_ID,OWNER_ID,MATERIAL_TYPE_ID,MANUFACTURER_ID,CAPTION,DEFAULT_UNIT) VALUES (136,3,'HAMURLU_TATLI','OSKAR','TAHÝNLÝ PÝDE ','EA');
INSERT INTO MATERIAL (MATERIAL_ID,OWNER_ID,MATERIAL_TYPE_ID,MANUFACTURER_ID,CAPTION,DEFAULT_UNIT) VALUES (137,3,'SUTLU_TATLI','OSKAR','PROFÝTEROL','EA');
INSERT INTO MATERIAL (MATERIAL_ID,OWNER_ID,MATERIAL_TYPE_ID,MANUFACTURER_ID,CAPTION,DEFAULT_UNIT) VALUES (138,3,'SUTLU_TATLI','OSKAR','SUPANGLE','EA');
INSERT INTO MATERIAL (MATERIAL_ID,OWNER_ID,MATERIAL_TYPE_ID,MANUFACTURER_ID,CAPTION,DEFAULT_UNIT) VALUES (139,3,'SUTLU_TATLI','OSKAR','TRÝLEÇE - KARAMELLÝ','EA');
INSERT INTO MATERIAL (MATERIAL_ID,OWNER_ID,MATERIAL_TYPE_ID,MANUFACTURER_ID,CAPTION,DEFAULT_UNIT) VALUES (140,3,'SUTLU_TATLI','OSKAR','TRÝLEÇE - FRAMBUAZ','EA');
INSERT INTO MATERIAL (MATERIAL_ID,OWNER_ID,MATERIAL_TYPE_ID,MANUFACTURER_ID,CAPTION,DEFAULT_UNIT) VALUES (141,3,'SUTLU_TATLI','OSKAR','KAZANDÝBÝ','EA');
INSERT INTO MATERIAL (MATERIAL_ID,OWNER_ID,MATERIAL_TYPE_ID,MANUFACTURER_ID,CAPTION,DEFAULT_UNIT) VALUES (142,3,'SUTLU_TATLI','OSKAR','SÜTLAÇ','EA');
INSERT INTO MATERIAL (MATERIAL_ID,OWNER_ID,MATERIAL_TYPE_ID,MANUFACTURER_ID,CAPTION,DEFAULT_UNIT) VALUES (143,3,'SUTLU_TATLI','OSKAR','CHARLOT MEYVELÝ','EA');
INSERT INTO MATERIAL (MATERIAL_ID,OWNER_ID,MATERIAL_TYPE_ID,MANUFACTURER_ID,CAPTION,DEFAULT_UNIT) VALUES (144,3,'SUTLU_TATLI','OSKAR','CHARLOT ÇÝLEKLÝ','EA');
INSERT INTO MATERIAL (MATERIAL_ID,OWNER_ID,MATERIAL_TYPE_ID,MANUFACTURER_ID,CAPTION,DEFAULT_UNIT) VALUES (145,3,'SUTLU_TATLI','OSKAR','AÞURE','EA');
INSERT INTO MATERIAL (MATERIAL_ID,OWNER_ID,MATERIAL_TYPE_ID,MANUFACTURER_ID,CAPTION,DEFAULT_UNIT) VALUES (146,3,'SUTLU_TATLI','OSKAR','OREOLU PUDÝNG','EA');
INSERT INTO MATERIAL (MATERIAL_ID,OWNER_ID,MATERIAL_TYPE_ID,MANUFACTURER_ID,CAPTION,DEFAULT_UNIT) VALUES (147,3,'SUTLU_TATLI','OSKAR','DENÝZ KÖPÜÐÜ','EA');
INSERT INTO MATERIAL (MATERIAL_ID,OWNER_ID,MATERIAL_TYPE_ID,MANUFACTURER_ID,CAPTION,DEFAULT_UNIT) VALUES (148,3,'SUTLU_TATLI','OSKAR','GÜLLAÇ, MUZLU','EA');
INSERT INTO MATERIAL (MATERIAL_ID,OWNER_ID,MATERIAL_TYPE_ID,MANUFACTURER_ID,CAPTION,DEFAULT_UNIT) VALUES (149,3,'SUTLU_TATLI','OSKAR','GÜLLAÇ,  CEVÝZLÝ','EA');
INSERT INTO MATERIAL (MATERIAL_ID,OWNER_ID,MATERIAL_TYPE_ID,MANUFACTURER_ID,CAPTION,DEFAULT_UNIT) VALUES (150,3,'SUTLU_TATLI','OSKAR','GÜLAÇ CÝLEK','EA');
INSERT INTO MATERIAL (MATERIAL_ID,OWNER_ID,MATERIAL_TYPE_ID,MANUFACTURER_ID,CAPTION,DEFAULT_UNIT) VALUES (151,3,'EKMEK','OSKAR','BÜYÜK PÝDE ','EA');
INSERT INTO MATERIAL (MATERIAL_ID,OWNER_ID,MATERIAL_TYPE_ID,MANUFACTURER_ID,CAPTION,DEFAULT_UNIT) VALUES (152,3,'EKMEK','OSKAR','KÜÇÜK PÝDE ','EA');
INSERT INTO MATERIAL (MATERIAL_ID,OWNER_ID,MATERIAL_TYPE_ID,MANUFACTURER_ID,CAPTION,DEFAULT_UNIT) VALUES (153,3,'EKMEK','OSKAR','ÇABATA EKMEK','EA');
INSERT INTO MATERIAL (MATERIAL_ID,OWNER_ID,MATERIAL_TYPE_ID,MANUFACTURER_ID,CAPTION,DEFAULT_UNIT) VALUES (154,3,'EKMEK','OSKAR','KEPEK EKMEK ','EA');
INSERT INTO MATERIAL (MATERIAL_ID,OWNER_ID,MATERIAL_TYPE_ID,MANUFACTURER_ID,CAPTION,DEFAULT_UNIT) VALUES (155,3,'EKMEK','OSKAR','SANDAVÝÇ EKMEK ','EA');
INSERT INTO MATERIAL (MATERIAL_ID,OWNER_ID,MATERIAL_TYPE_ID,MANUFACTURER_ID,CAPTION,DEFAULT_UNIT) VALUES (156,3,'EKMEK','OSKAR','ÇAVDAR EKMEK','EA');
INSERT INTO MATERIAL (MATERIAL_ID,OWNER_ID,MATERIAL_TYPE_ID,MANUFACTURER_ID,CAPTION,DEFAULT_UNIT) VALUES (157,3,'EKMEK','OSKAR','TAM BUÐDAY','EA');
INSERT INTO MATERIAL (MATERIAL_ID,OWNER_ID,MATERIAL_TYPE_ID,MANUFACTURER_ID,CAPTION,DEFAULT_UNIT) VALUES (158,3,'EKMEK','OSKAR','ROL EKMEK','EA');
INSERT INTO MATERIAL (MATERIAL_ID,OWNER_ID,MATERIAL_TYPE_ID,MANUFACTURER_ID,CAPTION,DEFAULT_UNIT) VALUES (159,3,'TUZLU_KURABIYE','OSKAR','EL ÝÞÝ-Sekiz','EA');
INSERT INTO MATERIAL (MATERIAL_ID,OWNER_ID,MATERIAL_TYPE_ID,MANUFACTURER_ID,CAPTION,DEFAULT_UNIT) VALUES (160,3,'TUZLU_KURABIYE','OSKAR','EL ÝÞÝ-Simit','EA');
INSERT INTO MATERIAL (MATERIAL_ID,OWNER_ID,MATERIAL_TYPE_ID,MANUFACTURER_ID,CAPTION,DEFAULT_UNIT) VALUES (161,3,'TUZLU_KURABIYE','OSKAR','EL ÝÞÝ-Burgu','EA');
INSERT INTO MATERIAL (MATERIAL_ID,OWNER_ID,MATERIAL_TYPE_ID,MANUFACTURER_ID,CAPTION,DEFAULT_UNIT) VALUES (162,3,'TUZLU_KURABIYE','OSKAR','EL ÝÞÝ-B Þekilli ','EA');
INSERT INTO MATERIAL (MATERIAL_ID,OWNER_ID,MATERIAL_TYPE_ID,MANUFACTURER_ID,CAPTION,DEFAULT_UNIT) VALUES (163,3,'TUZLU_KURABIYE','OSKAR','KAHKE- Haþhaþ ezmeli, Uzun','EA');
INSERT INTO MATERIAL (MATERIAL_ID,OWNER_ID,MATERIAL_TYPE_ID,MANUFACTURER_ID,CAPTION,DEFAULT_UNIT) VALUES (164,3,'TUZLU_KURABIYE','OSKAR','KAHKE- Haþhaþ ezmeli, Simit','EA');
INSERT INTO MATERIAL (MATERIAL_ID,OWNER_ID,MATERIAL_TYPE_ID,MANUFACTURER_ID,CAPTION,DEFAULT_UNIT) VALUES (165,3,'TUZLU_KURABIYE','OSKAR','KAHKE-Simit','EA');
INSERT INTO MATERIAL (MATERIAL_ID,OWNER_ID,MATERIAL_TYPE_ID,MANUFACTURER_ID,CAPTION,DEFAULT_UNIT) VALUES (166,3,'TUZLU_KURABIYE','OSKAR','KAHKE-Uzun','EA');
INSERT INTO MATERIAL (MATERIAL_ID,OWNER_ID,MATERIAL_TYPE_ID,MANUFACTURER_ID,CAPTION,DEFAULT_UNIT) VALUES (167,3,'TUZLU_KURABIYE','OSKAR','KAHKE-Susamlý','EA');
INSERT INTO MATERIAL (MATERIAL_ID,OWNER_ID,MATERIAL_TYPE_ID,MANUFACTURER_ID,CAPTION,DEFAULT_UNIT) VALUES (168,3,'MAYALI','OSKAR','PEYNÝRLÝ POÐÇA (ÇÝÐ)','EA');
INSERT INTO MATERIAL (MATERIAL_ID,OWNER_ID,MATERIAL_TYPE_ID,MANUFACTURER_ID,CAPTION,DEFAULT_UNIT) VALUES (169,3,'MAYALI','OSKAR','SADE POÐÇA (ÇÝÐ)','EA');
INSERT INTO MATERIAL (MATERIAL_ID,OWNER_ID,MATERIAL_TYPE_ID,MANUFACTURER_ID,CAPTION,DEFAULT_UNIT) VALUES (170,3,'MAYALI','OSKAR','DEREOTLU POÐÇA (ÇÝÐ)','EA');
INSERT INTO MATERIAL (MATERIAL_ID,OWNER_ID,MATERIAL_TYPE_ID,MANUFACTURER_ID,CAPTION,DEFAULT_UNIT) VALUES (171,3,'MAYALI','OSKAR','CEVÝZLÝ POÐÇA (ÇÝÐ)','EA');
INSERT INTO MATERIAL (MATERIAL_ID,OWNER_ID,MATERIAL_TYPE_ID,MANUFACTURER_ID,CAPTION,DEFAULT_UNIT) VALUES (172,3,'MAYALI','OSKAR','PATATESLÝ POÐÇA (ÇÝÐ)','EA');
INSERT INTO MATERIAL (MATERIAL_ID,OWNER_ID,MATERIAL_TYPE_ID,MANUFACTURER_ID,CAPTION,DEFAULT_UNIT) VALUES (173,3,'MAYALI','OSKAR','KIYMALI POÐÇA (ÇÝÐ)','EA');
INSERT INTO MATERIAL (MATERIAL_ID,OWNER_ID,MATERIAL_TYPE_ID,MANUFACTURER_ID,CAPTION,DEFAULT_UNIT) VALUES (174,3,'MAYALI','OSKAR','ZEYTÝNLÝ POÐÇA (ÇÝÐ)','EA');
INSERT INTO MATERIAL (MATERIAL_ID,OWNER_ID,MATERIAL_TYPE_ID,MANUFACTURER_ID,CAPTION,DEFAULT_UNIT) VALUES (175,3,'MAYALI','OSKAR','KAÞARLI POÐÇA (ÇÝÐ)','EA');
INSERT INTO MATERIAL (MATERIAL_ID,OWNER_ID,MATERIAL_TYPE_ID,MANUFACTURER_ID,CAPTION,DEFAULT_UNIT) VALUES (176,3,'MAYALI','OSKAR','PASKALYA (ÇÝÐ)','EA');
INSERT INTO MATERIAL (MATERIAL_ID,OWNER_ID,MATERIAL_TYPE_ID,MANUFACTURER_ID,CAPTION,DEFAULT_UNIT) VALUES (177,3,'MAYALI','OSKAR','AY ÇÖREÐÝ (ÇÝÐ)','EA');
INSERT INTO MATERIAL (MATERIAL_ID,OWNER_ID,MATERIAL_TYPE_ID,MANUFACTURER_ID,CAPTION,DEFAULT_UNIT) VALUES (178,3,'MAYALI','OSKAR','ADET PÝZZA (ÇÝÐ)','EA');
INSERT INTO MATERIAL (MATERIAL_ID,OWNER_ID,MATERIAL_TYPE_ID,MANUFACTURER_ID,CAPTION,DEFAULT_UNIT) VALUES (179,3,'MAYALI','OSKAR','SANDVÝÇ  KARIÞIK  (ÇÝÐ)','EA');
INSERT INTO MATERIAL (MATERIAL_ID,OWNER_ID,MATERIAL_TYPE_ID,MANUFACTURER_ID,CAPTION,DEFAULT_UNIT) VALUES (180,3,'MAYALI','OSKAR','SAKALLI (ÇÝÐ)','EA');
INSERT INTO MATERIAL (MATERIAL_ID,OWNER_ID,MATERIAL_TYPE_ID,MANUFACTURER_ID,CAPTION,DEFAULT_UNIT) VALUES (181,3,'MAYALI','OSKAR','PEYNÝRLÝ POÐÇA (PÝÞMÝÞ)','EA');
INSERT INTO MATERIAL (MATERIAL_ID,OWNER_ID,MATERIAL_TYPE_ID,MANUFACTURER_ID,CAPTION,DEFAULT_UNIT) VALUES (182,3,'MAYALI','OSKAR','SADE POÐÇA (PÝÞMÝÞ)','EA');
INSERT INTO MATERIAL (MATERIAL_ID,OWNER_ID,MATERIAL_TYPE_ID,MANUFACTURER_ID,CAPTION,DEFAULT_UNIT) VALUES (183,3,'MAYALI','OSKAR','DEREOTLU POÐÇA (PÝÞMÝÞ)','EA');
INSERT INTO MATERIAL (MATERIAL_ID,OWNER_ID,MATERIAL_TYPE_ID,MANUFACTURER_ID,CAPTION,DEFAULT_UNIT) VALUES (184,3,'MAYALI','OSKAR','CEVÝZLÝ POÐÇA (PÝÞMÝÞ)','EA');
INSERT INTO MATERIAL (MATERIAL_ID,OWNER_ID,MATERIAL_TYPE_ID,MANUFACTURER_ID,CAPTION,DEFAULT_UNIT) VALUES (185,3,'MAYALI','OSKAR','PATATESLÝ POÐÇA (PÝÞMÝÞ)','EA');
INSERT INTO MATERIAL (MATERIAL_ID,OWNER_ID,MATERIAL_TYPE_ID,MANUFACTURER_ID,CAPTION,DEFAULT_UNIT) VALUES (186,3,'MAYALI','OSKAR','KIYMALI POÐÇA (PÝÞMÝÞ)','EA');
INSERT INTO MATERIAL (MATERIAL_ID,OWNER_ID,MATERIAL_TYPE_ID,MANUFACTURER_ID,CAPTION,DEFAULT_UNIT) VALUES (187,3,'MAYALI','OSKAR','ZEYTÝNLÝ POÐÇA (PÝÞMÝÞ)','EA');
INSERT INTO MATERIAL (MATERIAL_ID,OWNER_ID,MATERIAL_TYPE_ID,MANUFACTURER_ID,CAPTION,DEFAULT_UNIT) VALUES (188,3,'MAYALI','OSKAR','KAÞARLI POÐÇA (PÝÞMÝÞ)','EA');
INSERT INTO MATERIAL (MATERIAL_ID,OWNER_ID,MATERIAL_TYPE_ID,MANUFACTURER_ID,CAPTION,DEFAULT_UNIT) VALUES (189,3,'MAYALI','OSKAR','PASKALYA (PÝÞMÝÞ)','EA');
INSERT INTO MATERIAL (MATERIAL_ID,OWNER_ID,MATERIAL_TYPE_ID,MANUFACTURER_ID,CAPTION,DEFAULT_UNIT) VALUES (190,3,'MAYALI','OSKAR','AY ÇÖREÐÝ (PÝÞMÝÞ)','EA');
INSERT INTO MATERIAL (MATERIAL_ID,OWNER_ID,MATERIAL_TYPE_ID,MANUFACTURER_ID,CAPTION,DEFAULT_UNIT) VALUES (191,3,'MAYALI','OSKAR','ADET PÝZZA (PÝÞMÝÞ)','EA');
INSERT INTO MATERIAL (MATERIAL_ID,OWNER_ID,MATERIAL_TYPE_ID,MANUFACTURER_ID,CAPTION,DEFAULT_UNIT) VALUES (192,3,'MAYALI','OSKAR','SANDVÝÇ  KARIÞIK  (PÝÞMÝÞ)','EA');
INSERT INTO MATERIAL (MATERIAL_ID,OWNER_ID,MATERIAL_TYPE_ID,MANUFACTURER_ID,CAPTION,DEFAULT_UNIT) VALUES (193,3,'MAYALI','OSKAR','SAKALLI (PÝÞMÝÞ)','EA');
INSERT INTO MATERIAL (MATERIAL_ID,OWNER_ID,MATERIAL_TYPE_ID,MANUFACTURER_ID,CAPTION,DEFAULT_UNIT) VALUES (194,3,'BOREK','OSKAR','PEYNÝRLÝ SU BÖREÐÝ (ÇÝÐ)','EA');
INSERT INTO MATERIAL (MATERIAL_ID,OWNER_ID,MATERIAL_TYPE_ID,MANUFACTURER_ID,CAPTION,DEFAULT_UNIT) VALUES (195,3,'BOREK','OSKAR','EV BÖREÐÝ KARIÞIK  (ÇÝÐ)','EA');
INSERT INTO MATERIAL (MATERIAL_ID,OWNER_ID,MATERIAL_TYPE_ID,MANUFACTURER_ID,CAPTION,DEFAULT_UNIT) VALUES (196,3,'BOREK','OSKAR','GÜL BÖREÐÝ KARIÞIK  (ÇÝÐ)','EA');
INSERT INTO MATERIAL (MATERIAL_ID,OWNER_ID,MATERIAL_TYPE_ID,MANUFACTURER_ID,CAPTION,DEFAULT_UNIT) VALUES (197,3,'BOREK','OSKAR','PEYNÝRLÝ SU BÖREÐÝ (PÝÞMÝÞ)','EA');
INSERT INTO MATERIAL (MATERIAL_ID,OWNER_ID,MATERIAL_TYPE_ID,MANUFACTURER_ID,CAPTION,DEFAULT_UNIT) VALUES (198,3,'BOREK','OSKAR','EV BÖREÐÝ KARIÞIK  (PÝÞMÝÞ)','EA');
INSERT INTO MATERIAL (MATERIAL_ID,OWNER_ID,MATERIAL_TYPE_ID,MANUFACTURER_ID,CAPTION,DEFAULT_UNIT) VALUES (199,3,'BOREK','OSKAR','GÜL BÖREÐÝ KARIÞIK  (PÝÞMÝÞ)','EA');

INSERT INTO MATERIAL (MATERIAL_ID,OWNER_ID,MATERIAL_TYPE_ID,MANUFACTURER_ID,CAPTION,DEFAULT_UNIT) VALUES (200,3,'OZEL_URETIM_PASTA','OSKAR','ÖZEL ÜRETÝM RESÝMLÝ','EA');
INSERT INTO MATERIAL (MATERIAL_ID,OWNER_ID,MATERIAL_TYPE_ID,MANUFACTURER_ID,CAPTION,DEFAULT_UNIT) VALUES (201,3,'OZEL_URETIM_PASTA','OSKAR','ÖZEL ÜRETÝM ÞEKERLÝ','EA');
INSERT INTO MATERIAL (MATERIAL_ID,OWNER_ID,MATERIAL_TYPE_ID,MANUFACTURER_ID,CAPTION,DEFAULT_UNIT) VALUES (202,3,'OZEL_URETIM_PASTA','OSKAR','ÖZEL ÜRETÝM','EA');

INSERT INTO MATERIAL_GROUP_ASSIGNMENT (MATERIAL_GROUP_ID,MATERIAL_ID,BEGDA) VALUES (29,200,'2018-03-01 00:00:00.000000');
INSERT INTO MATERIAL_GROUP_ASSIGNMENT (MATERIAL_GROUP_ID,MATERIAL_ID,BEGDA) VALUES (29,201,'2018-03-01 00:00:00.000000');
INSERT INTO MATERIAL_GROUP_ASSIGNMENT (MATERIAL_GROUP_ID,MATERIAL_ID,BEGDA) VALUES (29,202,'2018-03-01 00:00:00.000000');

INSERT INTO MATERIAL_GROUP_ASSIGNMENT (MATERIAL_GROUP_ID,MATERIAL_ID,BEGDA) VALUES (7,1,'2018-03-01 00:00:00.000000');
INSERT INTO MATERIAL_GROUP_ASSIGNMENT (MATERIAL_GROUP_ID,MATERIAL_ID,BEGDA) VALUES (7,2,'2018-03-01 00:00:00.000000');
INSERT INTO MATERIAL_GROUP_ASSIGNMENT (MATERIAL_GROUP_ID,MATERIAL_ID,BEGDA) VALUES (7,3,'2018-03-01 00:00:00.000000');
INSERT INTO MATERIAL_GROUP_ASSIGNMENT (MATERIAL_GROUP_ID,MATERIAL_ID,BEGDA) VALUES (7,4,'2018-03-01 00:00:00.000000');
INSERT INTO MATERIAL_GROUP_ASSIGNMENT (MATERIAL_GROUP_ID,MATERIAL_ID,BEGDA) VALUES (7,5,'2018-03-01 00:00:00.000000');
INSERT INTO MATERIAL_GROUP_ASSIGNMENT (MATERIAL_GROUP_ID,MATERIAL_ID,BEGDA) VALUES (7,6,'2018-03-01 00:00:00.000000');
INSERT INTO MATERIAL_GROUP_ASSIGNMENT (MATERIAL_GROUP_ID,MATERIAL_ID,BEGDA) VALUES (7,7,'2018-03-01 00:00:00.000000');
INSERT INTO MATERIAL_GROUP_ASSIGNMENT (MATERIAL_GROUP_ID,MATERIAL_ID,BEGDA) VALUES (7,8,'2018-03-01 00:00:00.000000');
INSERT INTO MATERIAL_GROUP_ASSIGNMENT (MATERIAL_GROUP_ID,MATERIAL_ID,BEGDA) VALUES (7,9,'2018-03-01 00:00:00.000000');
INSERT INTO MATERIAL_GROUP_ASSIGNMENT (MATERIAL_GROUP_ID,MATERIAL_ID,BEGDA) VALUES (7,10,'2018-03-01 00:00:00.000000');
INSERT INTO MATERIAL_GROUP_ASSIGNMENT (MATERIAL_GROUP_ID,MATERIAL_ID,BEGDA) VALUES (7,11,'2018-03-01 00:00:00.000000');
INSERT INTO MATERIAL_GROUP_ASSIGNMENT (MATERIAL_GROUP_ID,MATERIAL_ID,BEGDA) VALUES (7,12,'2018-03-01 00:00:00.000000');
INSERT INTO MATERIAL_GROUP_ASSIGNMENT (MATERIAL_GROUP_ID,MATERIAL_ID,BEGDA) VALUES (7,13,'2018-03-01 00:00:00.000000');
INSERT INTO MATERIAL_GROUP_ASSIGNMENT (MATERIAL_GROUP_ID,MATERIAL_ID,BEGDA) VALUES (7,14,'2018-03-01 00:00:00.000000');
INSERT INTO MATERIAL_GROUP_ASSIGNMENT (MATERIAL_GROUP_ID,MATERIAL_ID,BEGDA) VALUES (7,15,'2018-03-01 00:00:00.000000');
INSERT INTO MATERIAL_GROUP_ASSIGNMENT (MATERIAL_GROUP_ID,MATERIAL_ID,BEGDA) VALUES (7,16,'2018-03-01 00:00:00.000000');
INSERT INTO MATERIAL_GROUP_ASSIGNMENT (MATERIAL_GROUP_ID,MATERIAL_ID,BEGDA) VALUES (7,17,'2018-03-01 00:00:00.000000');
INSERT INTO MATERIAL_GROUP_ASSIGNMENT (MATERIAL_GROUP_ID,MATERIAL_ID,BEGDA) VALUES (7,18,'2018-03-01 00:00:00.000000');
INSERT INTO MATERIAL_GROUP_ASSIGNMENT (MATERIAL_GROUP_ID,MATERIAL_ID,BEGDA) VALUES (7,19,'2018-03-01 00:00:00.000000');
INSERT INTO MATERIAL_GROUP_ASSIGNMENT (MATERIAL_GROUP_ID,MATERIAL_ID,BEGDA) VALUES (7,20,'2018-03-01 00:00:00.000000');
INSERT INTO MATERIAL_GROUP_ASSIGNMENT (MATERIAL_GROUP_ID,MATERIAL_ID,BEGDA) VALUES (7,21,'2018-03-01 00:00:00.000000');
INSERT INTO MATERIAL_GROUP_ASSIGNMENT (MATERIAL_GROUP_ID,MATERIAL_ID,BEGDA) VALUES (2,22,'2018-03-01 00:00:00.000000');
INSERT INTO MATERIAL_GROUP_ASSIGNMENT (MATERIAL_GROUP_ID,MATERIAL_ID,BEGDA) VALUES (2,23,'2018-03-01 00:00:00.000000');
INSERT INTO MATERIAL_GROUP_ASSIGNMENT (MATERIAL_GROUP_ID,MATERIAL_ID,BEGDA) VALUES (2,24,'2018-03-01 00:00:00.000000');
INSERT INTO MATERIAL_GROUP_ASSIGNMENT (MATERIAL_GROUP_ID,MATERIAL_ID,BEGDA) VALUES (2,25,'2018-03-01 00:00:00.000000');
INSERT INTO MATERIAL_GROUP_ASSIGNMENT (MATERIAL_GROUP_ID,MATERIAL_ID,BEGDA) VALUES (2,26,'2018-03-01 00:00:00.000000');
INSERT INTO MATERIAL_GROUP_ASSIGNMENT (MATERIAL_GROUP_ID,MATERIAL_ID,BEGDA) VALUES (2,27,'2018-03-01 00:00:00.000000');
INSERT INTO MATERIAL_GROUP_ASSIGNMENT (MATERIAL_GROUP_ID,MATERIAL_ID,BEGDA) VALUES (2,28,'2018-03-01 00:00:00.000000');
INSERT INTO MATERIAL_GROUP_ASSIGNMENT (MATERIAL_GROUP_ID,MATERIAL_ID,BEGDA) VALUES (2,29,'2018-03-01 00:00:00.000000');
INSERT INTO MATERIAL_GROUP_ASSIGNMENT (MATERIAL_GROUP_ID,MATERIAL_ID,BEGDA) VALUES (2,30,'2018-03-01 00:00:00.000000');
INSERT INTO MATERIAL_GROUP_ASSIGNMENT (MATERIAL_GROUP_ID,MATERIAL_ID,BEGDA) VALUES (2,31,'2018-03-01 00:00:00.000000');
INSERT INTO MATERIAL_GROUP_ASSIGNMENT (MATERIAL_GROUP_ID,MATERIAL_ID,BEGDA) VALUES (2,32,'2018-03-01 00:00:00.000000');
INSERT INTO MATERIAL_GROUP_ASSIGNMENT (MATERIAL_GROUP_ID,MATERIAL_ID,BEGDA) VALUES (2,33,'2018-03-01 00:00:00.000000');
INSERT INTO MATERIAL_GROUP_ASSIGNMENT (MATERIAL_GROUP_ID,MATERIAL_ID,BEGDA) VALUES (2,34,'2018-03-01 00:00:00.000000');
INSERT INTO MATERIAL_GROUP_ASSIGNMENT (MATERIAL_GROUP_ID,MATERIAL_ID,BEGDA) VALUES (2,35,'2018-03-01 00:00:00.000000');
INSERT INTO MATERIAL_GROUP_ASSIGNMENT (MATERIAL_GROUP_ID,MATERIAL_ID,BEGDA) VALUES (2,36,'2018-03-01 00:00:00.000000');
INSERT INTO MATERIAL_GROUP_ASSIGNMENT (MATERIAL_GROUP_ID,MATERIAL_ID,BEGDA) VALUES (2,37,'2018-03-01 00:00:00.000000');
INSERT INTO MATERIAL_GROUP_ASSIGNMENT (MATERIAL_GROUP_ID,MATERIAL_ID,BEGDA) VALUES (2,38,'2018-03-01 00:00:00.000000');
INSERT INTO MATERIAL_GROUP_ASSIGNMENT (MATERIAL_GROUP_ID,MATERIAL_ID,BEGDA) VALUES (2,39,'2018-03-01 00:00:00.000000');
INSERT INTO MATERIAL_GROUP_ASSIGNMENT (MATERIAL_GROUP_ID,MATERIAL_ID,BEGDA) VALUES (2,40,'2018-03-01 00:00:00.000000');
INSERT INTO MATERIAL_GROUP_ASSIGNMENT (MATERIAL_GROUP_ID,MATERIAL_ID,BEGDA) VALUES (2,41,'2018-03-01 00:00:00.000000');
INSERT INTO MATERIAL_GROUP_ASSIGNMENT (MATERIAL_GROUP_ID,MATERIAL_ID,BEGDA) VALUES (2,42,'2018-03-01 00:00:00.000000');
INSERT INTO MATERIAL_GROUP_ASSIGNMENT (MATERIAL_GROUP_ID,MATERIAL_ID,BEGDA) VALUES (2,43,'2018-03-01 00:00:00.000000');
INSERT INTO MATERIAL_GROUP_ASSIGNMENT (MATERIAL_GROUP_ID,MATERIAL_ID,BEGDA) VALUES (2,44,'2018-03-01 00:00:00.000000');
INSERT INTO MATERIAL_GROUP_ASSIGNMENT (MATERIAL_GROUP_ID,MATERIAL_ID,BEGDA) VALUES (10,45,'2018-03-01 00:00:00.000000');
INSERT INTO MATERIAL_GROUP_ASSIGNMENT (MATERIAL_GROUP_ID,MATERIAL_ID,BEGDA) VALUES (10,46,'2018-03-01 00:00:00.000000');
INSERT INTO MATERIAL_GROUP_ASSIGNMENT (MATERIAL_GROUP_ID,MATERIAL_ID,BEGDA) VALUES (10,47,'2018-03-01 00:00:00.000000');
INSERT INTO MATERIAL_GROUP_ASSIGNMENT (MATERIAL_GROUP_ID,MATERIAL_ID,BEGDA) VALUES (10,48,'2018-03-01 00:00:00.000000');
INSERT INTO MATERIAL_GROUP_ASSIGNMENT (MATERIAL_GROUP_ID,MATERIAL_ID,BEGDA) VALUES (10,49,'2018-03-01 00:00:00.000000');
INSERT INTO MATERIAL_GROUP_ASSIGNMENT (MATERIAL_GROUP_ID,MATERIAL_ID,BEGDA) VALUES (10,50,'2018-03-01 00:00:00.000000');
INSERT INTO MATERIAL_GROUP_ASSIGNMENT (MATERIAL_GROUP_ID,MATERIAL_ID,BEGDA) VALUES (10,51,'2018-03-01 00:00:00.000000');
INSERT INTO MATERIAL_GROUP_ASSIGNMENT (MATERIAL_GROUP_ID,MATERIAL_ID,BEGDA) VALUES (10,52,'2018-03-01 00:00:00.000000');
INSERT INTO MATERIAL_GROUP_ASSIGNMENT (MATERIAL_GROUP_ID,MATERIAL_ID,BEGDA) VALUES (10,53,'2018-03-01 00:00:00.000000');
INSERT INTO MATERIAL_GROUP_ASSIGNMENT (MATERIAL_GROUP_ID,MATERIAL_ID,BEGDA) VALUES (10,54,'2018-03-01 00:00:00.000000');
INSERT INTO MATERIAL_GROUP_ASSIGNMENT (MATERIAL_GROUP_ID,MATERIAL_ID,BEGDA) VALUES (10,55,'2018-03-01 00:00:00.000000');
INSERT INTO MATERIAL_GROUP_ASSIGNMENT (MATERIAL_GROUP_ID,MATERIAL_ID,BEGDA) VALUES (10,56,'2018-03-01 00:00:00.000000');
INSERT INTO MATERIAL_GROUP_ASSIGNMENT (MATERIAL_GROUP_ID,MATERIAL_ID,BEGDA) VALUES (11,57,'2018-03-01 00:00:00.000000');
INSERT INTO MATERIAL_GROUP_ASSIGNMENT (MATERIAL_GROUP_ID,MATERIAL_ID,BEGDA) VALUES (11,58,'2018-03-01 00:00:00.000000');
INSERT INTO MATERIAL_GROUP_ASSIGNMENT (MATERIAL_GROUP_ID,MATERIAL_ID,BEGDA) VALUES (11,59,'2018-03-01 00:00:00.000000');
INSERT INTO MATERIAL_GROUP_ASSIGNMENT (MATERIAL_GROUP_ID,MATERIAL_ID,BEGDA) VALUES (11,60,'2018-03-01 00:00:00.000000');
INSERT INTO MATERIAL_GROUP_ASSIGNMENT (MATERIAL_GROUP_ID,MATERIAL_ID,BEGDA) VALUES (11,61,'2018-03-01 00:00:00.000000');
INSERT INTO MATERIAL_GROUP_ASSIGNMENT (MATERIAL_GROUP_ID,MATERIAL_ID,BEGDA) VALUES (11,62,'2018-03-01 00:00:00.000000');
INSERT INTO MATERIAL_GROUP_ASSIGNMENT (MATERIAL_GROUP_ID,MATERIAL_ID,BEGDA) VALUES (11,63,'2018-03-01 00:00:00.000000');
INSERT INTO MATERIAL_GROUP_ASSIGNMENT (MATERIAL_GROUP_ID,MATERIAL_ID,BEGDA) VALUES (12,64,'2018-03-01 00:00:00.000000');
INSERT INTO MATERIAL_GROUP_ASSIGNMENT (MATERIAL_GROUP_ID,MATERIAL_ID,BEGDA) VALUES (12,65,'2018-03-01 00:00:00.000000');
INSERT INTO MATERIAL_GROUP_ASSIGNMENT (MATERIAL_GROUP_ID,MATERIAL_ID,BEGDA) VALUES (12,66,'2018-03-01 00:00:00.000000');
INSERT INTO MATERIAL_GROUP_ASSIGNMENT (MATERIAL_GROUP_ID,MATERIAL_ID,BEGDA) VALUES (12,67,'2018-03-01 00:00:00.000000');
INSERT INTO MATERIAL_GROUP_ASSIGNMENT (MATERIAL_GROUP_ID,MATERIAL_ID,BEGDA) VALUES (21,68,'2018-03-01 00:00:00.000000');
INSERT INTO MATERIAL_GROUP_ASSIGNMENT (MATERIAL_GROUP_ID,MATERIAL_ID,BEGDA) VALUES (21,69,'2018-03-01 00:00:00.000000');
INSERT INTO MATERIAL_GROUP_ASSIGNMENT (MATERIAL_GROUP_ID,MATERIAL_ID,BEGDA) VALUES (21,70,'2018-03-01 00:00:00.000000');
INSERT INTO MATERIAL_GROUP_ASSIGNMENT (MATERIAL_GROUP_ID,MATERIAL_ID,BEGDA) VALUES (21,71,'2018-03-01 00:00:00.000000');
INSERT INTO MATERIAL_GROUP_ASSIGNMENT (MATERIAL_GROUP_ID,MATERIAL_ID,BEGDA) VALUES (21,72,'2018-03-01 00:00:00.000000');
INSERT INTO MATERIAL_GROUP_ASSIGNMENT (MATERIAL_GROUP_ID,MATERIAL_ID,BEGDA) VALUES (21,73,'2018-03-01 00:00:00.000000');
INSERT INTO MATERIAL_GROUP_ASSIGNMENT (MATERIAL_GROUP_ID,MATERIAL_ID,BEGDA) VALUES (21,74,'2018-03-01 00:00:00.000000');
INSERT INTO MATERIAL_GROUP_ASSIGNMENT (MATERIAL_GROUP_ID,MATERIAL_ID,BEGDA) VALUES (22,75,'2018-03-01 00:00:00.000000');
INSERT INTO MATERIAL_GROUP_ASSIGNMENT (MATERIAL_GROUP_ID,MATERIAL_ID,BEGDA) VALUES (22,76,'2018-03-01 00:00:00.000000');
INSERT INTO MATERIAL_GROUP_ASSIGNMENT (MATERIAL_GROUP_ID,MATERIAL_ID,BEGDA) VALUES (22,77,'2018-03-01 00:00:00.000000');
INSERT INTO MATERIAL_GROUP_ASSIGNMENT (MATERIAL_GROUP_ID,MATERIAL_ID,BEGDA) VALUES (22,78,'2018-03-01 00:00:00.000000');
INSERT INTO MATERIAL_GROUP_ASSIGNMENT (MATERIAL_GROUP_ID,MATERIAL_ID,BEGDA) VALUES (22,79,'2018-03-01 00:00:00.000000');
INSERT INTO MATERIAL_GROUP_ASSIGNMENT (MATERIAL_GROUP_ID,MATERIAL_ID,BEGDA) VALUES (22,80,'2018-03-01 00:00:00.000000');
INSERT INTO MATERIAL_GROUP_ASSIGNMENT (MATERIAL_GROUP_ID,MATERIAL_ID,BEGDA) VALUES (22,81,'2018-03-01 00:00:00.000000');
INSERT INTO MATERIAL_GROUP_ASSIGNMENT (MATERIAL_GROUP_ID,MATERIAL_ID,BEGDA) VALUES (23,82,'2018-03-01 00:00:00.000000');
INSERT INTO MATERIAL_GROUP_ASSIGNMENT (MATERIAL_GROUP_ID,MATERIAL_ID,BEGDA) VALUES (23,83,'2018-03-01 00:00:00.000000');
INSERT INTO MATERIAL_GROUP_ASSIGNMENT (MATERIAL_GROUP_ID,MATERIAL_ID,BEGDA) VALUES (23,84,'2018-03-01 00:00:00.000000');
INSERT INTO MATERIAL_GROUP_ASSIGNMENT (MATERIAL_GROUP_ID,MATERIAL_ID,BEGDA) VALUES (23,85,'2018-03-01 00:00:00.000000');
INSERT INTO MATERIAL_GROUP_ASSIGNMENT (MATERIAL_GROUP_ID,MATERIAL_ID,BEGDA) VALUES (23,86,'2018-03-01 00:00:00.000000');
INSERT INTO MATERIAL_GROUP_ASSIGNMENT (MATERIAL_GROUP_ID,MATERIAL_ID,BEGDA) VALUES (23,87,'2018-03-01 00:00:00.000000');
INSERT INTO MATERIAL_GROUP_ASSIGNMENT (MATERIAL_GROUP_ID,MATERIAL_ID,BEGDA) VALUES (23,88,'2018-03-01 00:00:00.000000');
INSERT INTO MATERIAL_GROUP_ASSIGNMENT (MATERIAL_GROUP_ID,MATERIAL_ID,BEGDA) VALUES (24,89,'2018-03-01 00:00:00.000000');
INSERT INTO MATERIAL_GROUP_ASSIGNMENT (MATERIAL_GROUP_ID,MATERIAL_ID,BEGDA) VALUES (24,90,'2018-03-01 00:00:00.000000');
INSERT INTO MATERIAL_GROUP_ASSIGNMENT (MATERIAL_GROUP_ID,MATERIAL_ID,BEGDA) VALUES (24,91,'2018-03-01 00:00:00.000000');
INSERT INTO MATERIAL_GROUP_ASSIGNMENT (MATERIAL_GROUP_ID,MATERIAL_ID,BEGDA) VALUES (24,92,'2018-03-01 00:00:00.000000');
INSERT INTO MATERIAL_GROUP_ASSIGNMENT (MATERIAL_GROUP_ID,MATERIAL_ID,BEGDA) VALUES (24,93,'2018-03-01 00:00:00.000000');
INSERT INTO MATERIAL_GROUP_ASSIGNMENT (MATERIAL_GROUP_ID,MATERIAL_ID,BEGDA) VALUES (24,94,'2018-03-01 00:00:00.000000');
INSERT INTO MATERIAL_GROUP_ASSIGNMENT (MATERIAL_GROUP_ID,MATERIAL_ID,BEGDA) VALUES (24,95,'2018-03-01 00:00:00.000000');
INSERT INTO MATERIAL_GROUP_ASSIGNMENT (MATERIAL_GROUP_ID,MATERIAL_ID,BEGDA) VALUES (24,96,'2018-03-01 00:00:00.000000');
INSERT INTO MATERIAL_GROUP_ASSIGNMENT (MATERIAL_GROUP_ID,MATERIAL_ID,BEGDA) VALUES (24,97,'2018-03-01 00:00:00.000000');
INSERT INTO MATERIAL_GROUP_ASSIGNMENT (MATERIAL_GROUP_ID,MATERIAL_ID,BEGDA) VALUES (24,98,'2018-03-01 00:00:00.000000');
INSERT INTO MATERIAL_GROUP_ASSIGNMENT (MATERIAL_GROUP_ID,MATERIAL_ID,BEGDA) VALUES (24,99,'2018-03-01 00:00:00.000000');
INSERT INTO MATERIAL_GROUP_ASSIGNMENT (MATERIAL_GROUP_ID,MATERIAL_ID,BEGDA) VALUES (24,100,'2018-03-01 00:00:00.000000');
INSERT INTO MATERIAL_GROUP_ASSIGNMENT (MATERIAL_GROUP_ID,MATERIAL_ID,BEGDA) VALUES (25,101,'2018-03-01 00:00:00.000000');
INSERT INTO MATERIAL_GROUP_ASSIGNMENT (MATERIAL_GROUP_ID,MATERIAL_ID,BEGDA) VALUES (25,102,'2018-03-01 00:00:00.000000');
INSERT INTO MATERIAL_GROUP_ASSIGNMENT (MATERIAL_GROUP_ID,MATERIAL_ID,BEGDA) VALUES (25,103,'2018-03-01 00:00:00.000000');
INSERT INTO MATERIAL_GROUP_ASSIGNMENT (MATERIAL_GROUP_ID,MATERIAL_ID,BEGDA) VALUES (25,104,'2018-03-01 00:00:00.000000');
INSERT INTO MATERIAL_GROUP_ASSIGNMENT (MATERIAL_GROUP_ID,MATERIAL_ID,BEGDA) VALUES (25,105,'2018-03-01 00:00:00.000000');
INSERT INTO MATERIAL_GROUP_ASSIGNMENT (MATERIAL_GROUP_ID,MATERIAL_ID,BEGDA) VALUES (25,106,'2018-03-01 00:00:00.000000');
INSERT INTO MATERIAL_GROUP_ASSIGNMENT (MATERIAL_GROUP_ID,MATERIAL_ID,BEGDA) VALUES (25,107,'2018-03-01 00:00:00.000000');
INSERT INTO MATERIAL_GROUP_ASSIGNMENT (MATERIAL_GROUP_ID,MATERIAL_ID,BEGDA) VALUES (25,108,'2018-03-01 00:00:00.000000');
INSERT INTO MATERIAL_GROUP_ASSIGNMENT (MATERIAL_GROUP_ID,MATERIAL_ID,BEGDA) VALUES (25,109,'2018-03-01 00:00:00.000000');
INSERT INTO MATERIAL_GROUP_ASSIGNMENT (MATERIAL_GROUP_ID,MATERIAL_ID,BEGDA) VALUES (25,110,'2018-03-01 00:00:00.000000');
INSERT INTO MATERIAL_GROUP_ASSIGNMENT (MATERIAL_GROUP_ID,MATERIAL_ID,BEGDA) VALUES (25,111,'2018-03-01 00:00:00.000000');
INSERT INTO MATERIAL_GROUP_ASSIGNMENT (MATERIAL_GROUP_ID,MATERIAL_ID,BEGDA) VALUES (25,112,'2018-03-01 00:00:00.000000');
INSERT INTO MATERIAL_GROUP_ASSIGNMENT (MATERIAL_GROUP_ID,MATERIAL_ID,BEGDA) VALUES (25,113,'2018-03-01 00:00:00.000000');
INSERT INTO MATERIAL_GROUP_ASSIGNMENT (MATERIAL_GROUP_ID,MATERIAL_ID,BEGDA) VALUES (25,114,'2018-03-01 00:00:00.000000');
INSERT INTO MATERIAL_GROUP_ASSIGNMENT (MATERIAL_GROUP_ID,MATERIAL_ID,BEGDA) VALUES (25,115,'2018-03-01 00:00:00.000000');
INSERT INTO MATERIAL_GROUP_ASSIGNMENT (MATERIAL_GROUP_ID,MATERIAL_ID,BEGDA) VALUES (25,116,'2018-03-01 00:00:00.000000');
INSERT INTO MATERIAL_GROUP_ASSIGNMENT (MATERIAL_GROUP_ID,MATERIAL_ID,BEGDA) VALUES (26,117,'2018-03-01 00:00:00.000000');
INSERT INTO MATERIAL_GROUP_ASSIGNMENT (MATERIAL_GROUP_ID,MATERIAL_ID,BEGDA) VALUES (26,118,'2018-03-01 00:00:00.000000');
INSERT INTO MATERIAL_GROUP_ASSIGNMENT (MATERIAL_GROUP_ID,MATERIAL_ID,BEGDA) VALUES (26,119,'2018-03-01 00:00:00.000000');
INSERT INTO MATERIAL_GROUP_ASSIGNMENT (MATERIAL_GROUP_ID,MATERIAL_ID,BEGDA) VALUES (26,120,'2018-03-01 00:00:00.000000');
INSERT INTO MATERIAL_GROUP_ASSIGNMENT (MATERIAL_GROUP_ID,MATERIAL_ID,BEGDA) VALUES (26,121,'2018-03-01 00:00:00.000000');
INSERT INTO MATERIAL_GROUP_ASSIGNMENT (MATERIAL_GROUP_ID,MATERIAL_ID,BEGDA) VALUES (26,122,'2018-03-01 00:00:00.000000');
INSERT INTO MATERIAL_GROUP_ASSIGNMENT (MATERIAL_GROUP_ID,MATERIAL_ID,BEGDA) VALUES (26,123,'2018-03-01 00:00:00.000000');
INSERT INTO MATERIAL_GROUP_ASSIGNMENT (MATERIAL_GROUP_ID,MATERIAL_ID,BEGDA) VALUES (26,124,'2018-03-01 00:00:00.000000');
INSERT INTO MATERIAL_GROUP_ASSIGNMENT (MATERIAL_GROUP_ID,MATERIAL_ID,BEGDA) VALUES (26,125,'2018-03-01 00:00:00.000000');
INSERT INTO MATERIAL_GROUP_ASSIGNMENT (MATERIAL_GROUP_ID,MATERIAL_ID,BEGDA) VALUES (26,126,'2018-03-01 00:00:00.000000');
INSERT INTO MATERIAL_GROUP_ASSIGNMENT (MATERIAL_GROUP_ID,MATERIAL_ID,BEGDA) VALUES (26,127,'2018-03-01 00:00:00.000000');
INSERT INTO MATERIAL_GROUP_ASSIGNMENT (MATERIAL_GROUP_ID,MATERIAL_ID,BEGDA) VALUES (26,128,'2018-03-01 00:00:00.000000');
INSERT INTO MATERIAL_GROUP_ASSIGNMENT (MATERIAL_GROUP_ID,MATERIAL_ID,BEGDA) VALUES (26,129,'2018-03-01 00:00:00.000000');
INSERT INTO MATERIAL_GROUP_ASSIGNMENT (MATERIAL_GROUP_ID,MATERIAL_ID,BEGDA) VALUES (26,130,'2018-03-01 00:00:00.000000');
INSERT INTO MATERIAL_GROUP_ASSIGNMENT (MATERIAL_GROUP_ID,MATERIAL_ID,BEGDA) VALUES (7,131,'2018-03-01 00:00:00.000000');
INSERT INTO MATERIAL_GROUP_ASSIGNMENT (MATERIAL_GROUP_ID,MATERIAL_ID,BEGDA) VALUES (7,132,'2018-03-01 00:00:00.000000');
INSERT INTO MATERIAL_GROUP_ASSIGNMENT (MATERIAL_GROUP_ID,MATERIAL_ID,BEGDA) VALUES (7,133,'2018-03-01 00:00:00.000000');
INSERT INTO MATERIAL_GROUP_ASSIGNMENT (MATERIAL_GROUP_ID,MATERIAL_ID,BEGDA) VALUES (7,134,'2018-03-01 00:00:00.000000');
INSERT INTO MATERIAL_GROUP_ASSIGNMENT (MATERIAL_GROUP_ID,MATERIAL_ID,BEGDA) VALUES (7,135,'2018-03-01 00:00:00.000000');
INSERT INTO MATERIAL_GROUP_ASSIGNMENT (MATERIAL_GROUP_ID,MATERIAL_ID,BEGDA) VALUES (7,136,'2018-03-01 00:00:00.000000');
INSERT INTO MATERIAL_GROUP_ASSIGNMENT (MATERIAL_GROUP_ID,MATERIAL_ID,BEGDA) VALUES (8,137,'2018-03-01 00:00:00.000000');
INSERT INTO MATERIAL_GROUP_ASSIGNMENT (MATERIAL_GROUP_ID,MATERIAL_ID,BEGDA) VALUES (8,138,'2018-03-01 00:00:00.000000');
INSERT INTO MATERIAL_GROUP_ASSIGNMENT (MATERIAL_GROUP_ID,MATERIAL_ID,BEGDA) VALUES (8,139,'2018-03-01 00:00:00.000000');
INSERT INTO MATERIAL_GROUP_ASSIGNMENT (MATERIAL_GROUP_ID,MATERIAL_ID,BEGDA) VALUES (8,140,'2018-03-01 00:00:00.000000');
INSERT INTO MATERIAL_GROUP_ASSIGNMENT (MATERIAL_GROUP_ID,MATERIAL_ID,BEGDA) VALUES (8,141,'2018-03-01 00:00:00.000000');
INSERT INTO MATERIAL_GROUP_ASSIGNMENT (MATERIAL_GROUP_ID,MATERIAL_ID,BEGDA) VALUES (8,142,'2018-03-01 00:00:00.000000');
INSERT INTO MATERIAL_GROUP_ASSIGNMENT (MATERIAL_GROUP_ID,MATERIAL_ID,BEGDA) VALUES (8,143,'2018-03-01 00:00:00.000000');
INSERT INTO MATERIAL_GROUP_ASSIGNMENT (MATERIAL_GROUP_ID,MATERIAL_ID,BEGDA) VALUES (8,144,'2018-03-01 00:00:00.000000');
INSERT INTO MATERIAL_GROUP_ASSIGNMENT (MATERIAL_GROUP_ID,MATERIAL_ID,BEGDA) VALUES (8,145,'2018-03-01 00:00:00.000000');
INSERT INTO MATERIAL_GROUP_ASSIGNMENT (MATERIAL_GROUP_ID,MATERIAL_ID,BEGDA) VALUES (8,146,'2018-03-01 00:00:00.000000');
INSERT INTO MATERIAL_GROUP_ASSIGNMENT (MATERIAL_GROUP_ID,MATERIAL_ID,BEGDA) VALUES (8,147,'2018-03-01 00:00:00.000000');
INSERT INTO MATERIAL_GROUP_ASSIGNMENT (MATERIAL_GROUP_ID,MATERIAL_ID,BEGDA) VALUES (8,148,'2018-03-01 00:00:00.000000');
INSERT INTO MATERIAL_GROUP_ASSIGNMENT (MATERIAL_GROUP_ID,MATERIAL_ID,BEGDA) VALUES (8,149,'2018-03-01 00:00:00.000000');
INSERT INTO MATERIAL_GROUP_ASSIGNMENT (MATERIAL_GROUP_ID,MATERIAL_ID,BEGDA) VALUES (8,150,'2018-03-01 00:00:00.000000');
INSERT INTO MATERIAL_GROUP_ASSIGNMENT (MATERIAL_GROUP_ID,MATERIAL_ID,BEGDA) VALUES (15,151,'2018-03-01 00:00:00.000000');
INSERT INTO MATERIAL_GROUP_ASSIGNMENT (MATERIAL_GROUP_ID,MATERIAL_ID,BEGDA) VALUES (15,152,'2018-03-01 00:00:00.000000');
INSERT INTO MATERIAL_GROUP_ASSIGNMENT (MATERIAL_GROUP_ID,MATERIAL_ID,BEGDA) VALUES (15,153,'2018-03-01 00:00:00.000000');
INSERT INTO MATERIAL_GROUP_ASSIGNMENT (MATERIAL_GROUP_ID,MATERIAL_ID,BEGDA) VALUES (15,154,'2018-03-01 00:00:00.000000');
INSERT INTO MATERIAL_GROUP_ASSIGNMENT (MATERIAL_GROUP_ID,MATERIAL_ID,BEGDA) VALUES (15,155,'2018-03-01 00:00:00.000000');
INSERT INTO MATERIAL_GROUP_ASSIGNMENT (MATERIAL_GROUP_ID,MATERIAL_ID,BEGDA) VALUES (15,156,'2018-03-01 00:00:00.000000');
INSERT INTO MATERIAL_GROUP_ASSIGNMENT (MATERIAL_GROUP_ID,MATERIAL_ID,BEGDA) VALUES (15,157,'2018-03-01 00:00:00.000000');
INSERT INTO MATERIAL_GROUP_ASSIGNMENT (MATERIAL_GROUP_ID,MATERIAL_ID,BEGDA) VALUES (15,158,'2018-03-01 00:00:00.000000');
INSERT INTO MATERIAL_GROUP_ASSIGNMENT (MATERIAL_GROUP_ID,MATERIAL_ID,BEGDA) VALUES (13,159,'2018-03-01 00:00:00.000000');
INSERT INTO MATERIAL_GROUP_ASSIGNMENT (MATERIAL_GROUP_ID,MATERIAL_ID,BEGDA) VALUES (13,160,'2018-03-01 00:00:00.000000');
INSERT INTO MATERIAL_GROUP_ASSIGNMENT (MATERIAL_GROUP_ID,MATERIAL_ID,BEGDA) VALUES (13,161,'2018-03-01 00:00:00.000000');
INSERT INTO MATERIAL_GROUP_ASSIGNMENT (MATERIAL_GROUP_ID,MATERIAL_ID,BEGDA) VALUES (13,162,'2018-03-01 00:00:00.000000');
INSERT INTO MATERIAL_GROUP_ASSIGNMENT (MATERIAL_GROUP_ID,MATERIAL_ID,BEGDA) VALUES (13,163,'2018-03-01 00:00:00.000000');
INSERT INTO MATERIAL_GROUP_ASSIGNMENT (MATERIAL_GROUP_ID,MATERIAL_ID,BEGDA) VALUES (13,164,'2018-03-01 00:00:00.000000');
INSERT INTO MATERIAL_GROUP_ASSIGNMENT (MATERIAL_GROUP_ID,MATERIAL_ID,BEGDA) VALUES (13,165,'2018-03-01 00:00:00.000000');
INSERT INTO MATERIAL_GROUP_ASSIGNMENT (MATERIAL_GROUP_ID,MATERIAL_ID,BEGDA) VALUES (13,166,'2018-03-01 00:00:00.000000');
INSERT INTO MATERIAL_GROUP_ASSIGNMENT (MATERIAL_GROUP_ID,MATERIAL_ID,BEGDA) VALUES (13,167,'2018-03-01 00:00:00.000000');
INSERT INTO MATERIAL_GROUP_ASSIGNMENT (MATERIAL_GROUP_ID,MATERIAL_ID,BEGDA) VALUES (27,168,'2018-03-01 00:00:00.000000');
INSERT INTO MATERIAL_GROUP_ASSIGNMENT (MATERIAL_GROUP_ID,MATERIAL_ID,BEGDA) VALUES (27,169,'2018-03-01 00:00:00.000000');
INSERT INTO MATERIAL_GROUP_ASSIGNMENT (MATERIAL_GROUP_ID,MATERIAL_ID,BEGDA) VALUES (27,170,'2018-03-01 00:00:00.000000');
INSERT INTO MATERIAL_GROUP_ASSIGNMENT (MATERIAL_GROUP_ID,MATERIAL_ID,BEGDA) VALUES (27,171,'2018-03-01 00:00:00.000000');
INSERT INTO MATERIAL_GROUP_ASSIGNMENT (MATERIAL_GROUP_ID,MATERIAL_ID,BEGDA) VALUES (27,172,'2018-03-01 00:00:00.000000');
INSERT INTO MATERIAL_GROUP_ASSIGNMENT (MATERIAL_GROUP_ID,MATERIAL_ID,BEGDA) VALUES (27,173,'2018-03-01 00:00:00.000000');
INSERT INTO MATERIAL_GROUP_ASSIGNMENT (MATERIAL_GROUP_ID,MATERIAL_ID,BEGDA) VALUES (27,174,'2018-03-01 00:00:00.000000');
INSERT INTO MATERIAL_GROUP_ASSIGNMENT (MATERIAL_GROUP_ID,MATERIAL_ID,BEGDA) VALUES (27,175,'2018-03-01 00:00:00.000000');
INSERT INTO MATERIAL_GROUP_ASSIGNMENT (MATERIAL_GROUP_ID,MATERIAL_ID,BEGDA) VALUES (27,176,'2018-03-01 00:00:00.000000');
INSERT INTO MATERIAL_GROUP_ASSIGNMENT (MATERIAL_GROUP_ID,MATERIAL_ID,BEGDA) VALUES (27,177,'2018-03-01 00:00:00.000000');
INSERT INTO MATERIAL_GROUP_ASSIGNMENT (MATERIAL_GROUP_ID,MATERIAL_ID,BEGDA) VALUES (27,178,'2018-03-01 00:00:00.000000');
INSERT INTO MATERIAL_GROUP_ASSIGNMENT (MATERIAL_GROUP_ID,MATERIAL_ID,BEGDA) VALUES (27,179,'2018-03-01 00:00:00.000000');
INSERT INTO MATERIAL_GROUP_ASSIGNMENT (MATERIAL_GROUP_ID,MATERIAL_ID,BEGDA) VALUES (27,180,'2018-03-01 00:00:00.000000');
INSERT INTO MATERIAL_GROUP_ASSIGNMENT (MATERIAL_GROUP_ID,MATERIAL_ID,BEGDA) VALUES (28,181,'2018-03-01 00:00:00.000000');
INSERT INTO MATERIAL_GROUP_ASSIGNMENT (MATERIAL_GROUP_ID,MATERIAL_ID,BEGDA) VALUES (28,182,'2018-03-01 00:00:00.000000');
INSERT INTO MATERIAL_GROUP_ASSIGNMENT (MATERIAL_GROUP_ID,MATERIAL_ID,BEGDA) VALUES (28,183,'2018-03-01 00:00:00.000000');
INSERT INTO MATERIAL_GROUP_ASSIGNMENT (MATERIAL_GROUP_ID,MATERIAL_ID,BEGDA) VALUES (28,184,'2018-03-01 00:00:00.000000');
INSERT INTO MATERIAL_GROUP_ASSIGNMENT (MATERIAL_GROUP_ID,MATERIAL_ID,BEGDA) VALUES (28,185,'2018-03-01 00:00:00.000000');
INSERT INTO MATERIAL_GROUP_ASSIGNMENT (MATERIAL_GROUP_ID,MATERIAL_ID,BEGDA) VALUES (28,186,'2018-03-01 00:00:00.000000');
INSERT INTO MATERIAL_GROUP_ASSIGNMENT (MATERIAL_GROUP_ID,MATERIAL_ID,BEGDA) VALUES (28,187,'2018-03-01 00:00:00.000000');
INSERT INTO MATERIAL_GROUP_ASSIGNMENT (MATERIAL_GROUP_ID,MATERIAL_ID,BEGDA) VALUES (28,188,'2018-03-01 00:00:00.000000');
INSERT INTO MATERIAL_GROUP_ASSIGNMENT (MATERIAL_GROUP_ID,MATERIAL_ID,BEGDA) VALUES (28,189,'2018-03-01 00:00:00.000000');
INSERT INTO MATERIAL_GROUP_ASSIGNMENT (MATERIAL_GROUP_ID,MATERIAL_ID,BEGDA) VALUES (28,190,'2018-03-01 00:00:00.000000');
INSERT INTO MATERIAL_GROUP_ASSIGNMENT (MATERIAL_GROUP_ID,MATERIAL_ID,BEGDA) VALUES (28,191,'2018-03-01 00:00:00.000000');
INSERT INTO MATERIAL_GROUP_ASSIGNMENT (MATERIAL_GROUP_ID,MATERIAL_ID,BEGDA) VALUES (28,192,'2018-03-01 00:00:00.000000');
INSERT INTO MATERIAL_GROUP_ASSIGNMENT (MATERIAL_GROUP_ID,MATERIAL_ID,BEGDA) VALUES (28,193,'2018-03-01 00:00:00.000000');
INSERT INTO MATERIAL_GROUP_ASSIGNMENT (MATERIAL_GROUP_ID,MATERIAL_ID,BEGDA) VALUES (19,194,'2018-03-01 00:00:00.000000');
INSERT INTO MATERIAL_GROUP_ASSIGNMENT (MATERIAL_GROUP_ID,MATERIAL_ID,BEGDA) VALUES (19,195,'2018-03-01 00:00:00.000000');
INSERT INTO MATERIAL_GROUP_ASSIGNMENT (MATERIAL_GROUP_ID,MATERIAL_ID,BEGDA) VALUES (19,196,'2018-03-01 00:00:00.000000');
INSERT INTO MATERIAL_GROUP_ASSIGNMENT (MATERIAL_GROUP_ID,MATERIAL_ID,BEGDA) VALUES (20,197,'2018-03-01 00:00:00.000000');
INSERT INTO MATERIAL_GROUP_ASSIGNMENT (MATERIAL_GROUP_ID,MATERIAL_ID,BEGDA) VALUES (20,198,'2018-03-01 00:00:00.000000');
INSERT INTO MATERIAL_GROUP_ASSIGNMENT (MATERIAL_GROUP_ID,MATERIAL_ID,BEGDA) VALUES (20,199,'2018-03-01 00:00:00.000000');


INSERT INTO MATERIAL_SALE_PRICE  (MATERIAL_ID, BEGDA, ENDDA, PRICE) Values ( 1,'2018-01-01 00:00:00.000000', '3000-01-01 00:00:00.000000',1);
INSERT INTO MATERIAL_SALE_PRICE  (MATERIAL_ID, BEGDA, ENDDA, PRICE) Values ( 2,'2018-01-01 00:00:00.000000', '3000-01-01 00:00:00.000000',2);
INSERT INTO MATERIAL_SALE_PRICE  (MATERIAL_ID, BEGDA, ENDDA, PRICE) Values ( 3,'2018-01-01 00:00:00.000000', '3000-01-01 00:00:00.000000',3);
INSERT INTO MATERIAL_SALE_PRICE  (MATERIAL_ID, BEGDA, ENDDA, PRICE) Values ( 4,'2018-01-01 00:00:00.000000', '3000-01-01 00:00:00.000000',4);
INSERT INTO MATERIAL_SALE_PRICE  (MATERIAL_ID, BEGDA, ENDDA, PRICE) Values ( 5,'2018-01-01 00:00:00.000000', '3000-01-01 00:00:00.000000',5);
INSERT INTO MATERIAL_SALE_PRICE  (MATERIAL_ID, BEGDA, ENDDA, PRICE) Values ( 6,'2018-01-01 00:00:00.000000', '3000-01-01 00:00:00.000000',6);
INSERT INTO MATERIAL_SALE_PRICE  (MATERIAL_ID, BEGDA, ENDDA, PRICE) Values ( 7,'2018-01-01 00:00:00.000000', '3000-01-01 00:00:00.000000',7);
INSERT INTO MATERIAL_SALE_PRICE  (MATERIAL_ID, BEGDA, ENDDA, PRICE) Values ( 8,'2018-01-01 00:00:00.000000', '3000-01-01 00:00:00.000000',8);
INSERT INTO MATERIAL_SALE_PRICE  (MATERIAL_ID, BEGDA, ENDDA, PRICE) Values ( 9,'2018-01-01 00:00:00.000000', '3000-01-01 00:00:00.000000',9);
INSERT INTO MATERIAL_SALE_PRICE  (MATERIAL_ID, BEGDA, ENDDA, PRICE) Values ( 10,'2018-01-01 00:00:00.000000', '3000-01-01 00:00:00.000000',10);
INSERT INTO MATERIAL_SALE_PRICE  (MATERIAL_ID, BEGDA, ENDDA, PRICE) Values ( 11,'2018-01-01 00:00:00.000000', '3000-01-01 00:00:00.000000',11);
INSERT INTO MATERIAL_SALE_PRICE  (MATERIAL_ID, BEGDA, ENDDA, PRICE) Values ( 12,'2018-01-01 00:00:00.000000', '3000-01-01 00:00:00.000000',12);
INSERT INTO MATERIAL_SALE_PRICE  (MATERIAL_ID, BEGDA, ENDDA, PRICE) Values ( 13,'2018-01-01 00:00:00.000000', '3000-01-01 00:00:00.000000',13);
INSERT INTO MATERIAL_SALE_PRICE  (MATERIAL_ID, BEGDA, ENDDA, PRICE) Values ( 14,'2018-01-01 00:00:00.000000', '3000-01-01 00:00:00.000000',14);
INSERT INTO MATERIAL_SALE_PRICE  (MATERIAL_ID, BEGDA, ENDDA, PRICE) Values ( 15,'2018-01-01 00:00:00.000000', '3000-01-01 00:00:00.000000',15);
INSERT INTO MATERIAL_SALE_PRICE  (MATERIAL_ID, BEGDA, ENDDA, PRICE) Values ( 16,'2018-01-01 00:00:00.000000', '3000-01-01 00:00:00.000000',16);
INSERT INTO MATERIAL_SALE_PRICE  (MATERIAL_ID, BEGDA, ENDDA, PRICE) Values ( 17,'2018-01-01 00:00:00.000000', '3000-01-01 00:00:00.000000',17);
INSERT INTO MATERIAL_SALE_PRICE  (MATERIAL_ID, BEGDA, ENDDA, PRICE) Values ( 18,'2018-01-01 00:00:00.000000', '3000-01-01 00:00:00.000000',18);
INSERT INTO MATERIAL_SALE_PRICE  (MATERIAL_ID, BEGDA, ENDDA, PRICE) Values ( 19,'2018-01-01 00:00:00.000000', '3000-01-01 00:00:00.000000',19);
INSERT INTO MATERIAL_SALE_PRICE  (MATERIAL_ID, BEGDA, ENDDA, PRICE) Values ( 20,'2018-01-01 00:00:00.000000', '3000-01-01 00:00:00.000000',20);
INSERT INTO MATERIAL_SALE_PRICE  (MATERIAL_ID, BEGDA, ENDDA, PRICE) Values ( 21,'2018-01-01 00:00:00.000000', '3000-01-01 00:00:00.000000',21);
INSERT INTO MATERIAL_SALE_PRICE  (MATERIAL_ID, BEGDA, ENDDA, PRICE) Values ( 22,'2018-01-01 00:00:00.000000', '3000-01-01 00:00:00.000000',22);
INSERT INTO MATERIAL_SALE_PRICE  (MATERIAL_ID, BEGDA, ENDDA, PRICE) Values ( 23,'2018-01-01 00:00:00.000000', '3000-01-01 00:00:00.000000',23);
INSERT INTO MATERIAL_SALE_PRICE  (MATERIAL_ID, BEGDA, ENDDA, PRICE) Values ( 24,'2018-01-01 00:00:00.000000', '3000-01-01 00:00:00.000000',24);
INSERT INTO MATERIAL_SALE_PRICE  (MATERIAL_ID, BEGDA, ENDDA, PRICE) Values ( 25,'2018-01-01 00:00:00.000000', '3000-01-01 00:00:00.000000',25);
INSERT INTO MATERIAL_SALE_PRICE  (MATERIAL_ID, BEGDA, ENDDA, PRICE) Values ( 26,'2018-01-01 00:00:00.000000', '3000-01-01 00:00:00.000000',26);
INSERT INTO MATERIAL_SALE_PRICE  (MATERIAL_ID, BEGDA, ENDDA, PRICE) Values ( 27,'2018-01-01 00:00:00.000000', '3000-01-01 00:00:00.000000',27);
INSERT INTO MATERIAL_SALE_PRICE  (MATERIAL_ID, BEGDA, ENDDA, PRICE) Values ( 28,'2018-01-01 00:00:00.000000', '3000-01-01 00:00:00.000000',28);
INSERT INTO MATERIAL_SALE_PRICE  (MATERIAL_ID, BEGDA, ENDDA, PRICE) Values ( 29,'2018-01-01 00:00:00.000000', '3000-01-01 00:00:00.000000',29);
INSERT INTO MATERIAL_SALE_PRICE  (MATERIAL_ID, BEGDA, ENDDA, PRICE) Values ( 30,'2018-01-01 00:00:00.000000', '3000-01-01 00:00:00.000000',30);
INSERT INTO MATERIAL_SALE_PRICE  (MATERIAL_ID, BEGDA, ENDDA, PRICE) Values ( 31,'2018-01-01 00:00:00.000000', '3000-01-01 00:00:00.000000',31);
INSERT INTO MATERIAL_SALE_PRICE  (MATERIAL_ID, BEGDA, ENDDA, PRICE) Values ( 32,'2018-01-01 00:00:00.000000', '3000-01-01 00:00:00.000000',32);
INSERT INTO MATERIAL_SALE_PRICE  (MATERIAL_ID, BEGDA, ENDDA, PRICE) Values ( 33,'2018-01-01 00:00:00.000000', '3000-01-01 00:00:00.000000',33);
INSERT INTO MATERIAL_SALE_PRICE  (MATERIAL_ID, BEGDA, ENDDA, PRICE) Values ( 34,'2018-01-01 00:00:00.000000', '3000-01-01 00:00:00.000000',34);
INSERT INTO MATERIAL_SALE_PRICE  (MATERIAL_ID, BEGDA, ENDDA, PRICE) Values ( 35,'2018-01-01 00:00:00.000000', '3000-01-01 00:00:00.000000',35);
INSERT INTO MATERIAL_SALE_PRICE  (MATERIAL_ID, BEGDA, ENDDA, PRICE) Values ( 36,'2018-01-01 00:00:00.000000', '3000-01-01 00:00:00.000000',36);
INSERT INTO MATERIAL_SALE_PRICE  (MATERIAL_ID, BEGDA, ENDDA, PRICE) Values ( 37,'2018-01-01 00:00:00.000000', '3000-01-01 00:00:00.000000',37);
INSERT INTO MATERIAL_SALE_PRICE  (MATERIAL_ID, BEGDA, ENDDA, PRICE) Values ( 38,'2018-01-01 00:00:00.000000', '3000-01-01 00:00:00.000000',38);
INSERT INTO MATERIAL_SALE_PRICE  (MATERIAL_ID, BEGDA, ENDDA, PRICE) Values ( 39,'2018-01-01 00:00:00.000000', '3000-01-01 00:00:00.000000',39);
INSERT INTO MATERIAL_SALE_PRICE  (MATERIAL_ID, BEGDA, ENDDA, PRICE) Values ( 40,'2018-01-01 00:00:00.000000', '3000-01-01 00:00:00.000000',40);
INSERT INTO MATERIAL_SALE_PRICE  (MATERIAL_ID, BEGDA, ENDDA, PRICE) Values ( 41,'2018-01-01 00:00:00.000000', '3000-01-01 00:00:00.000000',41);
INSERT INTO MATERIAL_SALE_PRICE  (MATERIAL_ID, BEGDA, ENDDA, PRICE) Values ( 42,'2018-01-01 00:00:00.000000', '3000-01-01 00:00:00.000000',42);
INSERT INTO MATERIAL_SALE_PRICE  (MATERIAL_ID, BEGDA, ENDDA, PRICE) Values ( 43,'2018-01-01 00:00:00.000000', '3000-01-01 00:00:00.000000',43);
INSERT INTO MATERIAL_SALE_PRICE  (MATERIAL_ID, BEGDA, ENDDA, PRICE) Values ( 44,'2018-01-01 00:00:00.000000', '3000-01-01 00:00:00.000000',44);
INSERT INTO MATERIAL_SALE_PRICE  (MATERIAL_ID, BEGDA, ENDDA, PRICE) Values ( 45,'2018-01-01 00:00:00.000000', '3000-01-01 00:00:00.000000',45);
INSERT INTO MATERIAL_SALE_PRICE  (MATERIAL_ID, BEGDA, ENDDA, PRICE) Values ( 46,'2018-01-01 00:00:00.000000', '3000-01-01 00:00:00.000000',46);
INSERT INTO MATERIAL_SALE_PRICE  (MATERIAL_ID, BEGDA, ENDDA, PRICE) Values ( 47,'2018-01-01 00:00:00.000000', '3000-01-01 00:00:00.000000',47);
INSERT INTO MATERIAL_SALE_PRICE  (MATERIAL_ID, BEGDA, ENDDA, PRICE) Values ( 48,'2018-01-01 00:00:00.000000', '3000-01-01 00:00:00.000000',48);
INSERT INTO MATERIAL_SALE_PRICE  (MATERIAL_ID, BEGDA, ENDDA, PRICE) Values ( 49,'2018-01-01 00:00:00.000000', '3000-01-01 00:00:00.000000',49);
INSERT INTO MATERIAL_SALE_PRICE  (MATERIAL_ID, BEGDA, ENDDA, PRICE) Values ( 50,'2018-01-01 00:00:00.000000', '3000-01-01 00:00:00.000000',50);
INSERT INTO MATERIAL_SALE_PRICE  (MATERIAL_ID, BEGDA, ENDDA, PRICE) Values ( 51,'2018-01-01 00:00:00.000000', '3000-01-01 00:00:00.000000',51);
INSERT INTO MATERIAL_SALE_PRICE  (MATERIAL_ID, BEGDA, ENDDA, PRICE) Values ( 52,'2018-01-01 00:00:00.000000', '3000-01-01 00:00:00.000000',52);
INSERT INTO MATERIAL_SALE_PRICE  (MATERIAL_ID, BEGDA, ENDDA, PRICE) Values ( 53,'2018-01-01 00:00:00.000000', '3000-01-01 00:00:00.000000',53);
INSERT INTO MATERIAL_SALE_PRICE  (MATERIAL_ID, BEGDA, ENDDA, PRICE) Values ( 54,'2018-01-01 00:00:00.000000', '3000-01-01 00:00:00.000000',54);
INSERT INTO MATERIAL_SALE_PRICE  (MATERIAL_ID, BEGDA, ENDDA, PRICE) Values ( 55,'2018-01-01 00:00:00.000000', '3000-01-01 00:00:00.000000',55);
INSERT INTO MATERIAL_SALE_PRICE  (MATERIAL_ID, BEGDA, ENDDA, PRICE) Values ( 56,'2018-01-01 00:00:00.000000', '3000-01-01 00:00:00.000000',56);
INSERT INTO MATERIAL_SALE_PRICE  (MATERIAL_ID, BEGDA, ENDDA, PRICE) Values ( 57,'2018-01-01 00:00:00.000000', '3000-01-01 00:00:00.000000',57);
INSERT INTO MATERIAL_SALE_PRICE  (MATERIAL_ID, BEGDA, ENDDA, PRICE) Values ( 58,'2018-01-01 00:00:00.000000', '3000-01-01 00:00:00.000000',58);
INSERT INTO MATERIAL_SALE_PRICE  (MATERIAL_ID, BEGDA, ENDDA, PRICE) Values ( 59,'2018-01-01 00:00:00.000000', '3000-01-01 00:00:00.000000',59);
INSERT INTO MATERIAL_SALE_PRICE  (MATERIAL_ID, BEGDA, ENDDA, PRICE) Values ( 60,'2018-01-01 00:00:00.000000', '3000-01-01 00:00:00.000000',60);
INSERT INTO MATERIAL_SALE_PRICE  (MATERIAL_ID, BEGDA, ENDDA, PRICE) Values ( 61,'2018-01-01 00:00:00.000000', '3000-01-01 00:00:00.000000',61);
INSERT INTO MATERIAL_SALE_PRICE  (MATERIAL_ID, BEGDA, ENDDA, PRICE) Values ( 62,'2018-01-01 00:00:00.000000', '3000-01-01 00:00:00.000000',62);
INSERT INTO MATERIAL_SALE_PRICE  (MATERIAL_ID, BEGDA, ENDDA, PRICE) Values ( 63,'2018-01-01 00:00:00.000000', '3000-01-01 00:00:00.000000',63);
INSERT INTO MATERIAL_SALE_PRICE  (MATERIAL_ID, BEGDA, ENDDA, PRICE) Values ( 64,'2018-01-01 00:00:00.000000', '3000-01-01 00:00:00.000000',64);
INSERT INTO MATERIAL_SALE_PRICE  (MATERIAL_ID, BEGDA, ENDDA, PRICE) Values ( 65,'2018-01-01 00:00:00.000000', '3000-01-01 00:00:00.000000',65);
INSERT INTO MATERIAL_SALE_PRICE  (MATERIAL_ID, BEGDA, ENDDA, PRICE) Values ( 66,'2018-01-01 00:00:00.000000', '3000-01-01 00:00:00.000000',66);
INSERT INTO MATERIAL_SALE_PRICE  (MATERIAL_ID, BEGDA, ENDDA, PRICE) Values ( 67,'2018-01-01 00:00:00.000000', '3000-01-01 00:00:00.000000',67);
INSERT INTO MATERIAL_SALE_PRICE  (MATERIAL_ID, BEGDA, ENDDA, PRICE) Values ( 68,'2018-01-01 00:00:00.000000', '3000-01-01 00:00:00.000000',68);
INSERT INTO MATERIAL_SALE_PRICE  (MATERIAL_ID, BEGDA, ENDDA, PRICE) Values ( 69,'2018-01-01 00:00:00.000000', '3000-01-01 00:00:00.000000',69);
INSERT INTO MATERIAL_SALE_PRICE  (MATERIAL_ID, BEGDA, ENDDA, PRICE) Values ( 70,'2018-01-01 00:00:00.000000', '3000-01-01 00:00:00.000000',70);
INSERT INTO MATERIAL_SALE_PRICE  (MATERIAL_ID, BEGDA, ENDDA, PRICE) Values ( 71,'2018-01-01 00:00:00.000000', '3000-01-01 00:00:00.000000',71);
INSERT INTO MATERIAL_SALE_PRICE  (MATERIAL_ID, BEGDA, ENDDA, PRICE) Values ( 72,'2018-01-01 00:00:00.000000', '3000-01-01 00:00:00.000000',72);
INSERT INTO MATERIAL_SALE_PRICE  (MATERIAL_ID, BEGDA, ENDDA, PRICE) Values ( 73,'2018-01-01 00:00:00.000000', '3000-01-01 00:00:00.000000',73);
INSERT INTO MATERIAL_SALE_PRICE  (MATERIAL_ID, BEGDA, ENDDA, PRICE) Values ( 74,'2018-01-01 00:00:00.000000', '3000-01-01 00:00:00.000000',74);
INSERT INTO MATERIAL_SALE_PRICE  (MATERIAL_ID, BEGDA, ENDDA, PRICE) Values ( 75,'2018-01-01 00:00:00.000000', '3000-01-01 00:00:00.000000',75);
INSERT INTO MATERIAL_SALE_PRICE  (MATERIAL_ID, BEGDA, ENDDA, PRICE) Values ( 76,'2018-01-01 00:00:00.000000', '3000-01-01 00:00:00.000000',76);
INSERT INTO MATERIAL_SALE_PRICE  (MATERIAL_ID, BEGDA, ENDDA, PRICE) Values ( 77,'2018-01-01 00:00:00.000000', '3000-01-01 00:00:00.000000',77);
INSERT INTO MATERIAL_SALE_PRICE  (MATERIAL_ID, BEGDA, ENDDA, PRICE) Values ( 78,'2018-01-01 00:00:00.000000', '3000-01-01 00:00:00.000000',78);
INSERT INTO MATERIAL_SALE_PRICE  (MATERIAL_ID, BEGDA, ENDDA, PRICE) Values ( 79,'2018-01-01 00:00:00.000000', '3000-01-01 00:00:00.000000',79);
INSERT INTO MATERIAL_SALE_PRICE  (MATERIAL_ID, BEGDA, ENDDA, PRICE) Values ( 80,'2018-01-01 00:00:00.000000', '3000-01-01 00:00:00.000000',80);
INSERT INTO MATERIAL_SALE_PRICE  (MATERIAL_ID, BEGDA, ENDDA, PRICE) Values ( 81,'2018-01-01 00:00:00.000000', '3000-01-01 00:00:00.000000',81);
INSERT INTO MATERIAL_SALE_PRICE  (MATERIAL_ID, BEGDA, ENDDA, PRICE) Values ( 82,'2018-01-01 00:00:00.000000', '3000-01-01 00:00:00.000000',82);
INSERT INTO MATERIAL_SALE_PRICE  (MATERIAL_ID, BEGDA, ENDDA, PRICE) Values ( 83,'2018-01-01 00:00:00.000000', '3000-01-01 00:00:00.000000',83);
INSERT INTO MATERIAL_SALE_PRICE  (MATERIAL_ID, BEGDA, ENDDA, PRICE) Values ( 84,'2018-01-01 00:00:00.000000', '3000-01-01 00:00:00.000000',84);
INSERT INTO MATERIAL_SALE_PRICE  (MATERIAL_ID, BEGDA, ENDDA, PRICE) Values ( 85,'2018-01-01 00:00:00.000000', '3000-01-01 00:00:00.000000',85);
INSERT INTO MATERIAL_SALE_PRICE  (MATERIAL_ID, BEGDA, ENDDA, PRICE) Values ( 86,'2018-01-01 00:00:00.000000', '3000-01-01 00:00:00.000000',86);
INSERT INTO MATERIAL_SALE_PRICE  (MATERIAL_ID, BEGDA, ENDDA, PRICE) Values ( 87,'2018-01-01 00:00:00.000000', '3000-01-01 00:00:00.000000',87);
INSERT INTO MATERIAL_SALE_PRICE  (MATERIAL_ID, BEGDA, ENDDA, PRICE) Values ( 88,'2018-01-01 00:00:00.000000', '3000-01-01 00:00:00.000000',88);
INSERT INTO MATERIAL_SALE_PRICE  (MATERIAL_ID, BEGDA, ENDDA, PRICE) Values ( 89,'2018-01-01 00:00:00.000000', '3000-01-01 00:00:00.000000',89);
INSERT INTO MATERIAL_SALE_PRICE  (MATERIAL_ID, BEGDA, ENDDA, PRICE) Values ( 90,'2018-01-01 00:00:00.000000', '3000-01-01 00:00:00.000000',90);
INSERT INTO MATERIAL_SALE_PRICE  (MATERIAL_ID, BEGDA, ENDDA, PRICE) Values ( 91,'2018-01-01 00:00:00.000000', '3000-01-01 00:00:00.000000',91);
INSERT INTO MATERIAL_SALE_PRICE  (MATERIAL_ID, BEGDA, ENDDA, PRICE) Values ( 92,'2018-01-01 00:00:00.000000', '3000-01-01 00:00:00.000000',92);
INSERT INTO MATERIAL_SALE_PRICE  (MATERIAL_ID, BEGDA, ENDDA, PRICE) Values ( 93,'2018-01-01 00:00:00.000000', '3000-01-01 00:00:00.000000',93);
INSERT INTO MATERIAL_SALE_PRICE  (MATERIAL_ID, BEGDA, ENDDA, PRICE) Values ( 94,'2018-01-01 00:00:00.000000', '3000-01-01 00:00:00.000000',94);
INSERT INTO MATERIAL_SALE_PRICE  (MATERIAL_ID, BEGDA, ENDDA, PRICE) Values ( 95,'2018-01-01 00:00:00.000000', '3000-01-01 00:00:00.000000',95);
INSERT INTO MATERIAL_SALE_PRICE  (MATERIAL_ID, BEGDA, ENDDA, PRICE) Values ( 96,'2018-01-01 00:00:00.000000', '3000-01-01 00:00:00.000000',96);
INSERT INTO MATERIAL_SALE_PRICE  (MATERIAL_ID, BEGDA, ENDDA, PRICE) Values ( 97,'2018-01-01 00:00:00.000000', '3000-01-01 00:00:00.000000',97);
INSERT INTO MATERIAL_SALE_PRICE  (MATERIAL_ID, BEGDA, ENDDA, PRICE) Values ( 98,'2018-01-01 00:00:00.000000', '3000-01-01 00:00:00.000000',98);
INSERT INTO MATERIAL_SALE_PRICE  (MATERIAL_ID, BEGDA, ENDDA, PRICE) Values ( 99,'2018-01-01 00:00:00.000000', '3000-01-01 00:00:00.000000',99);
INSERT INTO MATERIAL_SALE_PRICE  (MATERIAL_ID, BEGDA, ENDDA, PRICE) Values ( 100,'2018-01-01 00:00:00.000000', '3000-01-01 00:00:00.000000',100);
INSERT INTO MATERIAL_SALE_PRICE  (MATERIAL_ID, BEGDA, ENDDA, PRICE) Values ( 101,'2018-01-01 00:00:00.000000', '3000-01-01 00:00:00.000000',101);
INSERT INTO MATERIAL_SALE_PRICE  (MATERIAL_ID, BEGDA, ENDDA, PRICE) Values ( 102,'2018-01-01 00:00:00.000000', '3000-01-01 00:00:00.000000',102);
INSERT INTO MATERIAL_SALE_PRICE  (MATERIAL_ID, BEGDA, ENDDA, PRICE) Values ( 103,'2018-01-01 00:00:00.000000', '3000-01-01 00:00:00.000000',103);
INSERT INTO MATERIAL_SALE_PRICE  (MATERIAL_ID, BEGDA, ENDDA, PRICE) Values ( 104,'2018-01-01 00:00:00.000000', '3000-01-01 00:00:00.000000',104);
INSERT INTO MATERIAL_SALE_PRICE  (MATERIAL_ID, BEGDA, ENDDA, PRICE) Values ( 105,'2018-01-01 00:00:00.000000', '3000-01-01 00:00:00.000000',105);
INSERT INTO MATERIAL_SALE_PRICE  (MATERIAL_ID, BEGDA, ENDDA, PRICE) Values ( 106,'2018-01-01 00:00:00.000000', '3000-01-01 00:00:00.000000',106);
INSERT INTO MATERIAL_SALE_PRICE  (MATERIAL_ID, BEGDA, ENDDA, PRICE) Values ( 107,'2018-01-01 00:00:00.000000', '3000-01-01 00:00:00.000000',107);
INSERT INTO MATERIAL_SALE_PRICE  (MATERIAL_ID, BEGDA, ENDDA, PRICE) Values ( 108,'2018-01-01 00:00:00.000000', '3000-01-01 00:00:00.000000',108);
INSERT INTO MATERIAL_SALE_PRICE  (MATERIAL_ID, BEGDA, ENDDA, PRICE) Values ( 109,'2018-01-01 00:00:00.000000', '3000-01-01 00:00:00.000000',109);
INSERT INTO MATERIAL_SALE_PRICE  (MATERIAL_ID, BEGDA, ENDDA, PRICE) Values ( 110,'2018-01-01 00:00:00.000000', '3000-01-01 00:00:00.000000',110);
INSERT INTO MATERIAL_SALE_PRICE  (MATERIAL_ID, BEGDA, ENDDA, PRICE) Values ( 111,'2018-01-01 00:00:00.000000', '3000-01-01 00:00:00.000000',111);
INSERT INTO MATERIAL_SALE_PRICE  (MATERIAL_ID, BEGDA, ENDDA, PRICE) Values ( 112,'2018-01-01 00:00:00.000000', '3000-01-01 00:00:00.000000',112);
INSERT INTO MATERIAL_SALE_PRICE  (MATERIAL_ID, BEGDA, ENDDA, PRICE) Values ( 113,'2018-01-01 00:00:00.000000', '3000-01-01 00:00:00.000000',113);
INSERT INTO MATERIAL_SALE_PRICE  (MATERIAL_ID, BEGDA, ENDDA, PRICE) Values ( 114,'2018-01-01 00:00:00.000000', '3000-01-01 00:00:00.000000',114);
INSERT INTO MATERIAL_SALE_PRICE  (MATERIAL_ID, BEGDA, ENDDA, PRICE) Values ( 115,'2018-01-01 00:00:00.000000', '3000-01-01 00:00:00.000000',115);
INSERT INTO MATERIAL_SALE_PRICE  (MATERIAL_ID, BEGDA, ENDDA, PRICE) Values ( 116,'2018-01-01 00:00:00.000000', '3000-01-01 00:00:00.000000',116);
INSERT INTO MATERIAL_SALE_PRICE  (MATERIAL_ID, BEGDA, ENDDA, PRICE) Values ( 117,'2018-01-01 00:00:00.000000', '3000-01-01 00:00:00.000000',117);
INSERT INTO MATERIAL_SALE_PRICE  (MATERIAL_ID, BEGDA, ENDDA, PRICE) Values ( 118,'2018-01-01 00:00:00.000000', '3000-01-01 00:00:00.000000',118);
INSERT INTO MATERIAL_SALE_PRICE  (MATERIAL_ID, BEGDA, ENDDA, PRICE) Values ( 119,'2018-01-01 00:00:00.000000', '3000-01-01 00:00:00.000000',119);
INSERT INTO MATERIAL_SALE_PRICE  (MATERIAL_ID, BEGDA, ENDDA, PRICE) Values ( 120,'2018-01-01 00:00:00.000000', '3000-01-01 00:00:00.000000',120);
INSERT INTO MATERIAL_SALE_PRICE  (MATERIAL_ID, BEGDA, ENDDA, PRICE) Values ( 121,'2018-01-01 00:00:00.000000', '3000-01-01 00:00:00.000000',121);
INSERT INTO MATERIAL_SALE_PRICE  (MATERIAL_ID, BEGDA, ENDDA, PRICE) Values ( 122,'2018-01-01 00:00:00.000000', '3000-01-01 00:00:00.000000',122);
INSERT INTO MATERIAL_SALE_PRICE  (MATERIAL_ID, BEGDA, ENDDA, PRICE) Values ( 123,'2018-01-01 00:00:00.000000', '3000-01-01 00:00:00.000000',123);
INSERT INTO MATERIAL_SALE_PRICE  (MATERIAL_ID, BEGDA, ENDDA, PRICE) Values ( 124,'2018-01-01 00:00:00.000000', '3000-01-01 00:00:00.000000',124);
INSERT INTO MATERIAL_SALE_PRICE  (MATERIAL_ID, BEGDA, ENDDA, PRICE) Values ( 125,'2018-01-01 00:00:00.000000', '3000-01-01 00:00:00.000000',125);
INSERT INTO MATERIAL_SALE_PRICE  (MATERIAL_ID, BEGDA, ENDDA, PRICE) Values ( 126,'2018-01-01 00:00:00.000000', '3000-01-01 00:00:00.000000',126);
INSERT INTO MATERIAL_SALE_PRICE  (MATERIAL_ID, BEGDA, ENDDA, PRICE) Values ( 127,'2018-01-01 00:00:00.000000', '3000-01-01 00:00:00.000000',127);
INSERT INTO MATERIAL_SALE_PRICE  (MATERIAL_ID, BEGDA, ENDDA, PRICE) Values ( 128,'2018-01-01 00:00:00.000000', '3000-01-01 00:00:00.000000',128);
INSERT INTO MATERIAL_SALE_PRICE  (MATERIAL_ID, BEGDA, ENDDA, PRICE) Values ( 129,'2018-01-01 00:00:00.000000', '3000-01-01 00:00:00.000000',129);
INSERT INTO MATERIAL_SALE_PRICE  (MATERIAL_ID, BEGDA, ENDDA, PRICE) Values ( 130,'2018-01-01 00:00:00.000000', '3000-01-01 00:00:00.000000',130);
INSERT INTO MATERIAL_SALE_PRICE  (MATERIAL_ID, BEGDA, ENDDA, PRICE) Values ( 131,'2018-01-01 00:00:00.000000', '3000-01-01 00:00:00.000000',131);
INSERT INTO MATERIAL_SALE_PRICE  (MATERIAL_ID, BEGDA, ENDDA, PRICE) Values ( 132,'2018-01-01 00:00:00.000000', '3000-01-01 00:00:00.000000',132);
INSERT INTO MATERIAL_SALE_PRICE  (MATERIAL_ID, BEGDA, ENDDA, PRICE) Values ( 133,'2018-01-01 00:00:00.000000', '3000-01-01 00:00:00.000000',133);
INSERT INTO MATERIAL_SALE_PRICE  (MATERIAL_ID, BEGDA, ENDDA, PRICE) Values ( 134,'2018-01-01 00:00:00.000000', '3000-01-01 00:00:00.000000',134);
INSERT INTO MATERIAL_SALE_PRICE  (MATERIAL_ID, BEGDA, ENDDA, PRICE) Values ( 135,'2018-01-01 00:00:00.000000', '3000-01-01 00:00:00.000000',135);
INSERT INTO MATERIAL_SALE_PRICE  (MATERIAL_ID, BEGDA, ENDDA, PRICE) Values ( 136,'2018-01-01 00:00:00.000000', '3000-01-01 00:00:00.000000',136);
INSERT INTO MATERIAL_SALE_PRICE  (MATERIAL_ID, BEGDA, ENDDA, PRICE) Values ( 137,'2018-01-01 00:00:00.000000', '3000-01-01 00:00:00.000000',137);
INSERT INTO MATERIAL_SALE_PRICE  (MATERIAL_ID, BEGDA, ENDDA, PRICE) Values ( 138,'2018-01-01 00:00:00.000000', '3000-01-01 00:00:00.000000',138);
INSERT INTO MATERIAL_SALE_PRICE  (MATERIAL_ID, BEGDA, ENDDA, PRICE) Values ( 139,'2018-01-01 00:00:00.000000', '3000-01-01 00:00:00.000000',139);
INSERT INTO MATERIAL_SALE_PRICE  (MATERIAL_ID, BEGDA, ENDDA, PRICE) Values ( 140,'2018-01-01 00:00:00.000000', '3000-01-01 00:00:00.000000',140);
INSERT INTO MATERIAL_SALE_PRICE  (MATERIAL_ID, BEGDA, ENDDA, PRICE) Values ( 141,'2018-01-01 00:00:00.000000', '3000-01-01 00:00:00.000000',141);
INSERT INTO MATERIAL_SALE_PRICE  (MATERIAL_ID, BEGDA, ENDDA, PRICE) Values ( 142,'2018-01-01 00:00:00.000000', '3000-01-01 00:00:00.000000',142);
INSERT INTO MATERIAL_SALE_PRICE  (MATERIAL_ID, BEGDA, ENDDA, PRICE) Values ( 143,'2018-01-01 00:00:00.000000', '3000-01-01 00:00:00.000000',143);
INSERT INTO MATERIAL_SALE_PRICE  (MATERIAL_ID, BEGDA, ENDDA, PRICE) Values ( 144,'2018-01-01 00:00:00.000000', '3000-01-01 00:00:00.000000',144);
INSERT INTO MATERIAL_SALE_PRICE  (MATERIAL_ID, BEGDA, ENDDA, PRICE) Values ( 145,'2018-01-01 00:00:00.000000', '3000-01-01 00:00:00.000000',145);
INSERT INTO MATERIAL_SALE_PRICE  (MATERIAL_ID, BEGDA, ENDDA, PRICE) Values ( 146,'2018-01-01 00:00:00.000000', '3000-01-01 00:00:00.000000',146);
INSERT INTO MATERIAL_SALE_PRICE  (MATERIAL_ID, BEGDA, ENDDA, PRICE) Values ( 147,'2018-01-01 00:00:00.000000', '3000-01-01 00:00:00.000000',147);
INSERT INTO MATERIAL_SALE_PRICE  (MATERIAL_ID, BEGDA, ENDDA, PRICE) Values ( 148,'2018-01-01 00:00:00.000000', '3000-01-01 00:00:00.000000',148);
INSERT INTO MATERIAL_SALE_PRICE  (MATERIAL_ID, BEGDA, ENDDA, PRICE) Values ( 149,'2018-01-01 00:00:00.000000', '3000-01-01 00:00:00.000000',149);
INSERT INTO MATERIAL_SALE_PRICE  (MATERIAL_ID, BEGDA, ENDDA, PRICE) Values ( 150,'2018-01-01 00:00:00.000000', '3000-01-01 00:00:00.000000',150);
INSERT INTO MATERIAL_SALE_PRICE  (MATERIAL_ID, BEGDA, ENDDA, PRICE) Values ( 151,'2018-01-01 00:00:00.000000', '3000-01-01 00:00:00.000000',151);
INSERT INTO MATERIAL_SALE_PRICE  (MATERIAL_ID, BEGDA, ENDDA, PRICE) Values ( 152,'2018-01-01 00:00:00.000000', '3000-01-01 00:00:00.000000',152);
INSERT INTO MATERIAL_SALE_PRICE  (MATERIAL_ID, BEGDA, ENDDA, PRICE) Values ( 153,'2018-01-01 00:00:00.000000', '3000-01-01 00:00:00.000000',153);
INSERT INTO MATERIAL_SALE_PRICE  (MATERIAL_ID, BEGDA, ENDDA, PRICE) Values ( 154,'2018-01-01 00:00:00.000000', '3000-01-01 00:00:00.000000',154);
INSERT INTO MATERIAL_SALE_PRICE  (MATERIAL_ID, BEGDA, ENDDA, PRICE) Values ( 155,'2018-01-01 00:00:00.000000', '3000-01-01 00:00:00.000000',155);
INSERT INTO MATERIAL_SALE_PRICE  (MATERIAL_ID, BEGDA, ENDDA, PRICE) Values ( 156,'2018-01-01 00:00:00.000000', '3000-01-01 00:00:00.000000',156);
INSERT INTO MATERIAL_SALE_PRICE  (MATERIAL_ID, BEGDA, ENDDA, PRICE) Values ( 157,'2018-01-01 00:00:00.000000', '3000-01-01 00:00:00.000000',157);
INSERT INTO MATERIAL_SALE_PRICE  (MATERIAL_ID, BEGDA, ENDDA, PRICE) Values ( 158,'2018-01-01 00:00:00.000000', '3000-01-01 00:00:00.000000',158);
INSERT INTO MATERIAL_SALE_PRICE  (MATERIAL_ID, BEGDA, ENDDA, PRICE) Values ( 159,'2018-01-01 00:00:00.000000', '3000-01-01 00:00:00.000000',159);
INSERT INTO MATERIAL_SALE_PRICE  (MATERIAL_ID, BEGDA, ENDDA, PRICE) Values ( 160,'2018-01-01 00:00:00.000000', '3000-01-01 00:00:00.000000',160);
INSERT INTO MATERIAL_SALE_PRICE  (MATERIAL_ID, BEGDA, ENDDA, PRICE) Values ( 161,'2018-01-01 00:00:00.000000', '3000-01-01 00:00:00.000000',161);
INSERT INTO MATERIAL_SALE_PRICE  (MATERIAL_ID, BEGDA, ENDDA, PRICE) Values ( 162,'2018-01-01 00:00:00.000000', '3000-01-01 00:00:00.000000',162);
INSERT INTO MATERIAL_SALE_PRICE  (MATERIAL_ID, BEGDA, ENDDA, PRICE) Values ( 163,'2018-01-01 00:00:00.000000', '3000-01-01 00:00:00.000000',163);
INSERT INTO MATERIAL_SALE_PRICE  (MATERIAL_ID, BEGDA, ENDDA, PRICE) Values ( 164,'2018-01-01 00:00:00.000000', '3000-01-01 00:00:00.000000',164);
INSERT INTO MATERIAL_SALE_PRICE  (MATERIAL_ID, BEGDA, ENDDA, PRICE) Values ( 165,'2018-01-01 00:00:00.000000', '3000-01-01 00:00:00.000000',165);
INSERT INTO MATERIAL_SALE_PRICE  (MATERIAL_ID, BEGDA, ENDDA, PRICE) Values ( 166,'2018-01-01 00:00:00.000000', '3000-01-01 00:00:00.000000',166);
INSERT INTO MATERIAL_SALE_PRICE  (MATERIAL_ID, BEGDA, ENDDA, PRICE) Values ( 167,'2018-01-01 00:00:00.000000', '3000-01-01 00:00:00.000000',167);
INSERT INTO MATERIAL_SALE_PRICE  (MATERIAL_ID, BEGDA, ENDDA, PRICE) Values ( 168,'2018-01-01 00:00:00.000000', '3000-01-01 00:00:00.000000',168);
INSERT INTO MATERIAL_SALE_PRICE  (MATERIAL_ID, BEGDA, ENDDA, PRICE) Values ( 169,'2018-01-01 00:00:00.000000', '3000-01-01 00:00:00.000000',169);
INSERT INTO MATERIAL_SALE_PRICE  (MATERIAL_ID, BEGDA, ENDDA, PRICE) Values ( 170,'2018-01-01 00:00:00.000000', '3000-01-01 00:00:00.000000',170);
INSERT INTO MATERIAL_SALE_PRICE  (MATERIAL_ID, BEGDA, ENDDA, PRICE) Values ( 171,'2018-01-01 00:00:00.000000', '3000-01-01 00:00:00.000000',171);
INSERT INTO MATERIAL_SALE_PRICE  (MATERIAL_ID, BEGDA, ENDDA, PRICE) Values ( 172,'2018-01-01 00:00:00.000000', '3000-01-01 00:00:00.000000',172);
INSERT INTO MATERIAL_SALE_PRICE  (MATERIAL_ID, BEGDA, ENDDA, PRICE) Values ( 173,'2018-01-01 00:00:00.000000', '3000-01-01 00:00:00.000000',173);
INSERT INTO MATERIAL_SALE_PRICE  (MATERIAL_ID, BEGDA, ENDDA, PRICE) Values ( 174,'2018-01-01 00:00:00.000000', '3000-01-01 00:00:00.000000',174);
INSERT INTO MATERIAL_SALE_PRICE  (MATERIAL_ID, BEGDA, ENDDA, PRICE) Values ( 175,'2018-01-01 00:00:00.000000', '3000-01-01 00:00:00.000000',175);
INSERT INTO MATERIAL_SALE_PRICE  (MATERIAL_ID, BEGDA, ENDDA, PRICE) Values ( 176,'2018-01-01 00:00:00.000000', '3000-01-01 00:00:00.000000',176);
INSERT INTO MATERIAL_SALE_PRICE  (MATERIAL_ID, BEGDA, ENDDA, PRICE) Values ( 177,'2018-01-01 00:00:00.000000', '3000-01-01 00:00:00.000000',177);
INSERT INTO MATERIAL_SALE_PRICE  (MATERIAL_ID, BEGDA, ENDDA, PRICE) Values ( 178,'2018-01-01 00:00:00.000000', '3000-01-01 00:00:00.000000',178);
INSERT INTO MATERIAL_SALE_PRICE  (MATERIAL_ID, BEGDA, ENDDA, PRICE) Values ( 179,'2018-01-01 00:00:00.000000', '3000-01-01 00:00:00.000000',179);
INSERT INTO MATERIAL_SALE_PRICE  (MATERIAL_ID, BEGDA, ENDDA, PRICE) Values ( 180,'2018-01-01 00:00:00.000000', '3000-01-01 00:00:00.000000',180);
INSERT INTO MATERIAL_SALE_PRICE  (MATERIAL_ID, BEGDA, ENDDA, PRICE) Values ( 181,'2018-01-01 00:00:00.000000', '3000-01-01 00:00:00.000000',181);
INSERT INTO MATERIAL_SALE_PRICE  (MATERIAL_ID, BEGDA, ENDDA, PRICE) Values ( 182,'2018-01-01 00:00:00.000000', '3000-01-01 00:00:00.000000',182);
INSERT INTO MATERIAL_SALE_PRICE  (MATERIAL_ID, BEGDA, ENDDA, PRICE) Values ( 183,'2018-01-01 00:00:00.000000', '3000-01-01 00:00:00.000000',183);
INSERT INTO MATERIAL_SALE_PRICE  (MATERIAL_ID, BEGDA, ENDDA, PRICE) Values ( 184,'2018-01-01 00:00:00.000000', '3000-01-01 00:00:00.000000',184);
INSERT INTO MATERIAL_SALE_PRICE  (MATERIAL_ID, BEGDA, ENDDA, PRICE) Values ( 185,'2018-01-01 00:00:00.000000', '3000-01-01 00:00:00.000000',185);
INSERT INTO MATERIAL_SALE_PRICE  (MATERIAL_ID, BEGDA, ENDDA, PRICE) Values ( 186,'2018-01-01 00:00:00.000000', '3000-01-01 00:00:00.000000',186);
INSERT INTO MATERIAL_SALE_PRICE  (MATERIAL_ID, BEGDA, ENDDA, PRICE) Values ( 187,'2018-01-01 00:00:00.000000', '3000-01-01 00:00:00.000000',187);
INSERT INTO MATERIAL_SALE_PRICE  (MATERIAL_ID, BEGDA, ENDDA, PRICE) Values ( 188,'2018-01-01 00:00:00.000000', '3000-01-01 00:00:00.000000',188);
INSERT INTO MATERIAL_SALE_PRICE  (MATERIAL_ID, BEGDA, ENDDA, PRICE) Values ( 189,'2018-01-01 00:00:00.000000', '3000-01-01 00:00:00.000000',189);
INSERT INTO MATERIAL_SALE_PRICE  (MATERIAL_ID, BEGDA, ENDDA, PRICE) Values ( 190,'2018-01-01 00:00:00.000000', '3000-01-01 00:00:00.000000',190);
INSERT INTO MATERIAL_SALE_PRICE  (MATERIAL_ID, BEGDA, ENDDA, PRICE) Values ( 191,'2018-01-01 00:00:00.000000', '3000-01-01 00:00:00.000000',191);
INSERT INTO MATERIAL_SALE_PRICE  (MATERIAL_ID, BEGDA, ENDDA, PRICE) Values ( 192,'2018-01-01 00:00:00.000000', '3000-01-01 00:00:00.000000',192);
INSERT INTO MATERIAL_SALE_PRICE  (MATERIAL_ID, BEGDA, ENDDA, PRICE) Values ( 193,'2018-01-01 00:00:00.000000', '3000-01-01 00:00:00.000000',193);
INSERT INTO MATERIAL_SALE_PRICE  (MATERIAL_ID, BEGDA, ENDDA, PRICE) Values ( 194,'2018-01-01 00:00:00.000000', '3000-01-01 00:00:00.000000',194);
INSERT INTO MATERIAL_SALE_PRICE  (MATERIAL_ID, BEGDA, ENDDA, PRICE) Values ( 195,'2018-01-01 00:00:00.000000', '3000-01-01 00:00:00.000000',195);
INSERT INTO MATERIAL_SALE_PRICE  (MATERIAL_ID, BEGDA, ENDDA, PRICE) Values ( 196,'2018-01-01 00:00:00.000000', '3000-01-01 00:00:00.000000',196);
INSERT INTO MATERIAL_SALE_PRICE  (MATERIAL_ID, BEGDA, ENDDA, PRICE) Values ( 197,'2018-01-01 00:00:00.000000', '3000-01-01 00:00:00.000000',197);
INSERT INTO MATERIAL_SALE_PRICE  (MATERIAL_ID, BEGDA, ENDDA, PRICE) Values ( 198,'2018-01-01 00:00:00.000000', '3000-01-01 00:00:00.000000',198);
INSERT INTO MATERIAL_SALE_PRICE  (MATERIAL_ID, BEGDA, ENDDA, PRICE) Values ( 199,'2018-01-01 00:00:00.000000', '3000-01-01 00:00:00.000000',199);

INSERT INTO MATERIAL_SALE_PRICE  (MATERIAL_ID, BEGDA, ENDDA, PRICE) Values ( 200,'2018-01-01 00:00:00.000000', '3000-01-01 00:00:00.000000',199);
INSERT INTO MATERIAL_SALE_PRICE  (MATERIAL_ID, BEGDA, ENDDA, PRICE) Values ( 201,'2018-01-01 00:00:00.000000', '3000-01-01 00:00:00.000000',199);
INSERT INTO MATERIAL_SALE_PRICE  (MATERIAL_ID, BEGDA, ENDDA, PRICE) Values ( 202,'2018-01-01 00:00:00.000000', '3000-01-01 00:00:00.000000',199);

INSERT INTO PRODUCT_TYPE_BY_DEFINE (MATERIAL_TYPE_ID, ORGANIZATION_ID, LEAD_TIME, TIME_TYPE) VALUES ('OZEL_URETIM_PASTA', 1, 1, 'D');
INSERT INTO PRODUCT_BY_DEFINE (MATERIAL_TYPE_ID, ORGANIZATION_ID, MATERIAL_ID, CONTENT_REQUIRED) VALUES ('OZEL_URETIM_PASTA', 1, 200, 'Y');
INSERT INTO PRODUCT_BY_DEFINE (MATERIAL_TYPE_ID, ORGANIZATION_ID, MATERIAL_ID, CONTENT_REQUIRED) VALUES ('OZEL_URETIM_PASTA', 1, 201, 'Y');
INSERT INTO PRODUCT_BY_DEFINE (MATERIAL_TYPE_ID, ORGANIZATION_ID, MATERIAL_ID, CONTENT_REQUIRED) VALUES ('OZEL_URETIM_PASTA', 1, 202, 'N');
