INSERT INTO MATERIAL_ATTRIBUTE_GROUP (MAG_ID, OWNER_ID, CAPTION) VALUES ('PRODWAY', 1, 'MATERIAL PRODUCTION WAY');

INSERT INTO MATERIAL_ATTRIBUTE_OPTION (MAG_ID, LOW, HIGH, CAPTION) VALUES ('PRODWAY', 'P', NULL, 'PRODUCTION');
INSERT INTO MATERIAL_ATTRIBUTE_OPTION (MAG_ID, LOW, HIGH, CAPTION) VALUES ('PRODWAY', 'R', NULL, 'RAW MATERIAL');
INSERT INTO MATERIAL_ATTRIBUTE_OPTION (MAG_ID, LOW, HIGH, CAPTION) VALUES ('PRODWAY', 'S', NULL, 'SEMI-PRODUCTION');

INSERT INTO MATERIAL_TYPE (MATERIAL_TYPE_ID, CAPTION, UNIT, LOGO) VALUES ('BATTERY',        'BATTERY',        'AD', 'i/batery.png');
INSERT INTO MATERIAL_TYPE (MATERIAL_TYPE_ID, CAPTION, UNIT, LOGO) VALUES ('BRAKE',          'BRAKE',          'AD', 'i/brake.png');
INSERT INTO MATERIAL_TYPE (MATERIAL_TYPE_ID, CAPTION, UNIT, LOGO) VALUES ('COOLANT',        'COOLANT',        'AD', 'i/coolant.png');
INSERT INTO MATERIAL_TYPE (MATERIAL_TYPE_ID, CAPTION, UNIT, LOGO) VALUES ('ENGINE',         'ENGINE',         'AD', 'i/engine.png');
INSERT INTO MATERIAL_TYPE (MATERIAL_TYPE_ID, CAPTION, UNIT, LOGO) VALUES ('TRIGGER',        'TRIGGER',        'AD', 'i/trigger.png');
INSERT INTO MATERIAL_TYPE (MATERIAL_TYPE_ID, CAPTION, UNIT, LOGO) VALUES ('GENERATOR',      'GENERATOR',      'AD', 'i/generator.png');
INSERT INTO MATERIAL_TYPE (MATERIAL_TYPE_ID, CAPTION, UNIT, LOGO) VALUES ('OIL',            'OIL',            'LT', 'i/oil.png');
INSERT INTO MATERIAL_TYPE (MATERIAL_TYPE_ID, CAPTION, UNIT, LOGO) VALUES ('PISTON',         'PISTON',         'AD', 'i/piston.png');
INSERT INTO MATERIAL_TYPE (MATERIAL_TYPE_ID, CAPTION, UNIT, LOGO) VALUES ('RADIATOR',       'RADIATOR',       'AD', 'i/radiator.png');
INSERT INTO MATERIAL_TYPE (MATERIAL_TYPE_ID, CAPTION, UNIT, LOGO) VALUES ('SPARK',          'SPARK',          'AD', 'i/spark.png');
INSERT INTO MATERIAL_TYPE (MATERIAL_TYPE_ID, CAPTION, UNIT, LOGO) VALUES ('TIRE',           'TIRE',           'AD', 'i/tire.png');
INSERT INTO MATERIAL_TYPE (MATERIAL_TYPE_ID, CAPTION, UNIT, LOGO) VALUES ('TURBOCHARGER',   'TURBOCHARGER',   'AD', 'i/turbocharger.png');
INSERT INTO MATERIAL_TYPE (MATERIAL_TYPE_ID, CAPTION, UNIT, LOGO) VALUES ('OILFILTER',      'OILFILTER',      'AD', 'i/oilfilter.png');
INSERT INTO MATERIAL_TYPE (MATERIAL_TYPE_ID, CAPTION, UNIT, LOGO) VALUES ('AIRFILTER',      'AIRFILTER',      'AD', 'i/airfilter.png');
INSERT INTO MATERIAL_TYPE (MATERIAL_TYPE_ID, CAPTION, UNIT, LOGO) VALUES ('DIESELFILTER',   'DIESELFILTER',   'AD', 'i/dieselfilter.png');
INSERT INTO MATERIAL_TYPE (MATERIAL_TYPE_ID, CAPTION, UNIT, LOGO) VALUES ('GASOLINEFILTER', 'GASOLINEFILTER', 'AD', 'i/gasolinefilter.png');
INSERT INTO MATERIAL_TYPE (MATERIAL_TYPE_ID, CAPTION, UNIT, LOGO) VALUES ('POLENFILTER',    'POLENFILTER',    'AD', 'i/polenfilter.png');
INSERT INTO MATERIAL_TYPE (MATERIAL_TYPE_ID, CAPTION, UNIT, LOGO) VALUES ('HEATERSPARK',    'HEATERSPARK',    'AD', 'i/heaterspark.png');
INSERT INTO MATERIAL_TYPE (MATERIAL_TYPE_ID, CAPTION, UNIT, LOGO) VALUES ('LIGHTS',         'LIGHTS',         'AD', 'i/lights.png');
INSERT INTO MATERIAL_TYPE (MATERIAL_TYPE_ID, CAPTION, UNIT, LOGO) VALUES ('BALATA',         'BALATA',         'AD', 'i/balata.png');
INSERT INTO MATERIAL_TYPE (MATERIAL_TYPE_ID, CAPTION, UNIT, LOGO) VALUES ('BRAKEDISK',      'BRAKEDISK',      'AD', 'i/brakedisk.png');

INSERT INTO MANUFACTURER (MANUFACTURER_ID, CAPTION) VALUES ('RENAULT',     'Renault');
INSERT INTO MANUFACTURER (MANUFACTURER_ID, CAPTION) VALUES ('VOLKSWAGEN',  'Volkswagen');
INSERT INTO MANUFACTURER (MANUFACTURER_ID, CAPTION) VALUES ('OPEL',        'Opel');
INSERT INTO MANUFACTURER (MANUFACTURER_ID, CAPTION) VALUES ('FIAT',        'Fiat');
INSERT INTO MANUFACTURER (MANUFACTURER_ID, CAPTION) VALUES ('FORD',        'Ford');
INSERT INTO MANUFACTURER (MANUFACTURER_ID, CAPTION) VALUES ('BMW',         'BMW');
INSERT INTO MANUFACTURER (MANUFACTURER_ID, CAPTION) VALUES ('HYUNDAI',     'Hyundai');
INSERT INTO MANUFACTURER (MANUFACTURER_ID, CAPTION) VALUES ('MERCEDES',    'Mercedes');
INSERT INTO MANUFACTURER (MANUFACTURER_ID, CAPTION) VALUES ('TOFAS',       'TOFAÞ');
INSERT INTO MANUFACTURER (MANUFACTURER_ID, CAPTION) VALUES ('TOYOTA',      'Toyota');
INSERT INTO MANUFACTURER (MANUFACTURER_ID, CAPTION) VALUES ('PEUGEOT',     'Peugeot');
INSERT INTO MANUFACTURER (MANUFACTURER_ID, CAPTION) VALUES ('HONDA',       'Honda');
INSERT INTO MANUFACTURER (MANUFACTURER_ID, CAPTION) VALUES ('AUDI',        'Audi');
INSERT INTO MANUFACTURER (MANUFACTURER_ID, CAPTION) VALUES ('CITROEN',     'Citroën');
INSERT INTO MANUFACTURER (MANUFACTURER_ID, CAPTION) VALUES ('SKODA',       'Skoda');
INSERT INTO MANUFACTURER (MANUFACTURER_ID, CAPTION) VALUES ('SEAT',        'Seat');
INSERT INTO MANUFACTURER (MANUFACTURER_ID, CAPTION) VALUES ('CHEVROLET',   'Chevrolet');
INSERT INTO MANUFACTURER (MANUFACTURER_ID, CAPTION) VALUES ('DACIA',       'Dacia');
INSERT INTO MANUFACTURER (MANUFACTURER_ID, CAPTION) VALUES ('VOLVO',       'Volvo');
INSERT INTO MANUFACTURER (MANUFACTURER_ID, CAPTION) VALUES ('KIA',         'KIA');
INSERT INTO MANUFACTURER (MANUFACTURER_ID, CAPTION) VALUES ('NISSAN',      'Nissan');
INSERT INTO MANUFACTURER (MANUFACTURER_ID, CAPTION) VALUES ('MAZDA',       'Mazda');
INSERT INTO MANUFACTURER (MANUFACTURER_ID, CAPTION) VALUES ('LADA',        'Lada');
INSERT INTO MANUFACTURER (MANUFACTURER_ID, CAPTION) VALUES ('ALFAROMEO',   'Alfa Romeo');
INSERT INTO MANUFACTURER (MANUFACTURER_ID, CAPTION) VALUES ('MINI',        'Mini');
INSERT INTO MANUFACTURER (MANUFACTURER_ID, CAPTION) VALUES ('MITSUBISHI',  'Mitsubishi');
INSERT INTO MANUFACTURER (MANUFACTURER_ID, CAPTION) VALUES ('SUZUKI',      'Suzuki');
INSERT INTO MANUFACTURER (MANUFACTURER_ID, CAPTION) VALUES ('PORSCHE',     'Porsche');
INSERT INTO MANUFACTURER (MANUFACTURER_ID, CAPTION) VALUES ('CHRYSLER',    'Chrysler');
INSERT INTO MANUFACTURER (MANUFACTURER_ID, CAPTION) VALUES ('JAGUAR',      'Jaguar');
INSERT INTO MANUFACTURER (MANUFACTURER_ID, CAPTION) VALUES ('SUBARU',      'Subaru');
INSERT INTO MANUFACTURER (MANUFACTURER_ID, CAPTION) VALUES ('ROVER',       'Rover');
INSERT INTO MANUFACTURER (MANUFACTURER_ID, CAPTION) VALUES ('TATA',        'Tata');
INSERT INTO MANUFACTURER (MANUFACTURER_ID, CAPTION) VALUES ('PROTON',      'Proton');
INSERT INTO MANUFACTURER (MANUFACTURER_ID, CAPTION) VALUES ('GEELY',       'Geely');
INSERT INTO MANUFACTURER (MANUFACTURER_ID, CAPTION) VALUES ('DAEWOO',      'Daewoo');
INSERT INTO MANUFACTURER (MANUFACTURER_ID, CAPTION) VALUES ('DAIHATSU',    'Daihatsu');
INSERT INTO MANUFACTURER (MANUFACTURER_ID, CAPTION) VALUES ('MASERATI',    'Maserati');
INSERT INTO MANUFACTURER (MANUFACTURER_ID, CAPTION) VALUES ('FERRARI',     'Ferrari');
INSERT INTO MANUFACTURER (MANUFACTURER_ID, CAPTION) VALUES ('SMART',       'Smart');
INSERT INTO MANUFACTURER (MANUFACTURER_ID, CAPTION) VALUES ('BENTLEY',     'Bentley');
INSERT INTO MANUFACTURER (MANUFACTURER_ID, CAPTION) VALUES ('LANCIA',      'Lancia');
INSERT INTO MANUFACTURER (MANUFACTURER_ID, CAPTION) VALUES ('CHERY',       'Chery');
INSERT INTO MANUFACTURER (MANUFACTURER_ID, CAPTION) VALUES ('SAAB',        'Saab');
INSERT INTO MANUFACTURER (MANUFACTURER_ID, CAPTION) VALUES ('ASTONMARTIN', 'Aston Martin');
INSERT INTO MANUFACTURER (MANUFACTURER_ID, CAPTION) VALUES ('INFINITI',    'Infiniti');
INSERT INTO MANUFACTURER (MANUFACTURER_ID, CAPTION) VALUES ('LAMBORGHINI', 'Lamborghini');
INSERT INTO MANUFACTURER (MANUFACTURER_ID, CAPTION) VALUES ('CADILLAC',    'Cadillac');
INSERT INTO MANUFACTURER (MANUFACTURER_ID, CAPTION) VALUES ('LINCOLN',     'Lincoln');
INSERT INTO MANUFACTURER (MANUFACTURER_ID, CAPTION) VALUES ('MG',          'MG');
INSERT INTO MANUFACTURER (MANUFACTURER_ID, CAPTION) VALUES ('PONTIAC',     'Pontiac');
INSERT INTO MANUFACTURER (MANUFACTURER_ID, CAPTION) VALUES ('DODGE',       'Dodge');
INSERT INTO MANUFACTURER (MANUFACTURER_ID, CAPTION) VALUES ('ROLLSROYCE',  'Rolls Royce');
INSERT INTO MANUFACTURER (MANUFACTURER_ID, CAPTION) VALUES ('ISUZU',       'Isuzu');

INSERT INTO MATERIAL_ATTRIBUTE_GROUP (MAG_ID, OWNER_ID, CAPTION) VALUES ('ENGINESZ', 1, 'ENGINE SIZE');
INSERT INTO MATERIAL_ATTRIBUTE_GROUP (MAG_ID, OWNER_ID, CAPTION) VALUES ('FUELTYPE', 1, 'FUEL TYPE');
INSERT INTO MATERIAL_ATTRIBUTE_GROUP (MAG_ID, OWNER_ID, CAPTION) VALUES ('CHASIS',   1, 'CHASIS SHAPE');

INSERT INTO MATERIAL_ATTRIBUTE_OPTION (MAG_ID, LOW, HIGH, CAPTION) VALUES ('ENGINESZ', '1.0', '5.0', 'ENGINE SIZE IN N.N');

INSERT INTO MATERIAL_ATTRIBUTE_OPTION (MAG_ID, LOW, HIGH, CAPTION) VALUES ('FUELTYPE', 'G', NULL, 'GASOLINE');
INSERT INTO MATERIAL_ATTRIBUTE_OPTION (MAG_ID, LOW, HIGH, CAPTION) VALUES ('FUELTYPE', 'D', NULL, 'DIESEL');
INSERT INTO MATERIAL_ATTRIBUTE_OPTION (MAG_ID, LOW, HIGH, CAPTION) VALUES ('FUELTYPE', 'H', NULL, 'HYBRID');
INSERT INTO MATERIAL_ATTRIBUTE_OPTION (MAG_ID, LOW, HIGH, CAPTION) VALUES ('FUELTYPE', 'L', NULL, 'LPG');

INSERT INTO MATERIAL_ATTRIBUTE_OPTION (MAG_ID, LOW, HIGH, CAPTION) VALUES ('CHASIS', 'S', NULL, 'SEDAN');
INSERT INTO MATERIAL_ATTRIBUTE_OPTION (MAG_ID, LOW, HIGH, CAPTION) VALUES ('CHASIS', 'H', NULL, 'HATCHBACK');
INSERT INTO MATERIAL_ATTRIBUTE_OPTION (MAG_ID, LOW, HIGH, CAPTION) VALUES ('CHASIS', 'T', NULL, 'STATION');
INSERT INTO MATERIAL_ATTRIBUTE_OPTION (MAG_ID, LOW, HIGH, CAPTION) VALUES ('CHASIS', 'O', NULL, 'COUPPE');
INSERT INTO MATERIAL_ATTRIBUTE_OPTION (MAG_ID, LOW, HIGH, CAPTION) VALUES ('CHASIS', 'V', NULL, 'SUV');
INSERT INTO MATERIAL_ATTRIBUTE_OPTION (MAG_ID, LOW, HIGH, CAPTION) VALUES ('CHASIS', 'P', NULL, 'PICKUP');
INSERT INTO MATERIAL_ATTRIBUTE_OPTION (MAG_ID, LOW, HIGH, CAPTION) VALUES ('CHASIS', 'R', NULL, 'TIR');
INSERT INTO MATERIAL_ATTRIBUTE_OPTION (MAG_ID, LOW, HIGH, CAPTION) VALUES ('CHASIS', 'N', NULL, 'MINIBUS');
INSERT INTO MATERIAL_ATTRIBUTE_OPTION (MAG_ID, LOW, HIGH, CAPTION) VALUES ('CHASIS', 'U', NULL, 'MIDIBUS');
INSERT INTO MATERIAL_ATTRIBUTE_OPTION (MAG_ID, LOW, HIGH, CAPTION) VALUES ('CHASIS', 'B', NULL, 'BUS');
INSERT INTO MATERIAL_ATTRIBUTE_OPTION (MAG_ID, LOW, HIGH, CAPTION) VALUES ('CHASIS', 'A', NULL, 'TRACK');
INSERT INTO MATERIAL_ATTRIBUTE_OPTION (MAG_ID, LOW, HIGH, CAPTION) VALUES ('CHASIS', 'M', NULL, 'DAMPER');
INSERT INTO MATERIAL_ATTRIBUTE_OPTION (MAG_ID, LOW, HIGH, CAPTION) VALUES ('CHASIS', 'C', NULL, 'COMMERCIAL');

INSERT INTO MATERIAL VALUES (501, 1, 'BATTERY','VOLKSWAGEN','','deneme','EA',' ',' ',NULL,'',NULL,NULL,NULL,' ');
INSERT INTO MATERIAL VALUES (502, 1, 'GENERATOR','VOLKSWAGEN','','Jenerator','EA',' ',' ',NULL,'',NULL,NULL,NULL,' ');
INSERT INTO MATERIAL_SALE_PRICE VALUES (501,'2017-11-11 00:00:00.000000','2019-11-11 00:00:00.000000',100.00);
INSERT INTO MATERIAL_SALE_PRICE VALUES (502,'2017-11-11 00:00:00.000000','2019-11-11 00:00:00.000000',240.00);

INSERT INTO MATERIAL_GROUP VALUES (50, 1, 'CAR PARTS SALES', 'CAR PARTS SALE', NULL);

INSERT INTO MATERIAL_GROUP_ASSIGNMENT VALUES (50, 501, '2017-01-01 00:00:00.000000');
INSERT INTO MATERIAL_GROUP_ASSIGNMENT VALUES (50, 502, '2017-01-01 00:00:00.000000');
