INSERT INTO BUSINESS_PARTNER (BUSINESS_PARTNER_ID, CAPTION) VALUES (3, 'OSKAR PATISSERIE');

INSERT INTO APPLICATION_CONFIG (OWNER_ID, DOMAIN, HOMEPAGE, APPLICATION_TITLE, INITIAL_CONTENT, INITIAL_SKIN) VALUES (3, 'oskar.com.tr', 'home/oskar', 'OSKAR SÝPARÝÞ', NULL, NULL);



INSERT INTO BUSINESS_OWNER (BUSINESS_PARTNER_ID, BEGDA) VALUES (3, '2018-01-01 00:00:00.000000');
INSERT INTO CUSTOMER       (BUSINESS_PARTNER_ID, BEGDA) VALUES (3, '2018-01-01 00:00:00.000000');
INSERT INTO VENDOR         (BUSINESS_PARTNER_ID, BEGDA, APPROVED) VALUES (3, '2018-01-01 00:00:00.000000', 'Y');



INSERT INTO PARTNER_ADDRESS (BUSINESS_PARTNER_ID,ADDRESS_ID,ADDRESS_TYPE,STREET,CITY,COUNTRY) VALUES (3,1,'H','STREET','06','TR');
INSERT INTO PARTNER_ADDRESS (BUSINESS_PARTNER_ID,ADDRESS_ID,ADDRESS_TYPE,STREET,CITY,COUNTRY) VALUES (3,2,'D','STREET','06','TR');
INSERT INTO PARTNER_ADDRESS (BUSINESS_PARTNER_ID,ADDRESS_ID,ADDRESS_TYPE,STREET,CITY,COUNTRY) VALUES (3,3,'D','STREET','06','TR');
INSERT INTO PARTNER_ADDRESS (BUSINESS_PARTNER_ID,ADDRESS_ID,ADDRESS_TYPE,STREET,CITY,COUNTRY) VALUES (3,4,'D','STREET','06','TR');
INSERT INTO PARTNER_ADDRESS (BUSINESS_PARTNER_ID,ADDRESS_ID,ADDRESS_TYPE,STREET,CITY,COUNTRY) VALUES (3,5,'D','STREET','06','TR');
INSERT INTO PARTNER_ADDRESS (BUSINESS_PARTNER_ID,ADDRESS_ID,ADDRESS_TYPE,STREET,CITY,COUNTRY) VALUES (3,6,'D','STREET','06','TR');
INSERT INTO PARTNER_ADDRESS (BUSINESS_PARTNER_ID,ADDRESS_ID,ADDRESS_TYPE,STREET,CITY,COUNTRY) VALUES (3,7,'D','STREET','06','TR');



INSERT INTO ORGANIZATION (ORGANIZATION_ID,OWNER_ID,ADDRESS_ID,PARENT_ID,CAPTION,ORGANIZATION_TYPE) VALUES (1, 3, 1, NULL, 'MERKEZ',    'H');
INSERT INTO ORGANIZATION (ORGANIZATION_ID,OWNER_ID,ADDRESS_ID,PARENT_ID,CAPTION,ORGANIZATION_TYPE) VALUES (2, 3, 2, 1,    'ÝNCÝRLÝ',   'B');
INSERT INTO ORGANIZATION (ORGANIZATION_ID,OWNER_ID,ADDRESS_ID,PARENT_ID,CAPTION,ORGANIZATION_TYPE) VALUES (3, 3, 3, 1,    'K.KALE',    'B');
INSERT INTO ORGANIZATION (ORGANIZATION_ID,OWNER_ID,ADDRESS_ID,PARENT_ID,CAPTION,ORGANIZATION_TYPE) VALUES (4, 3, 4, 1,    'ÞUBE',      'B');
INSERT INTO ORGANIZATION (ORGANIZATION_ID,OWNER_ID,ADDRESS_ID,PARENT_ID,CAPTION,ORGANIZATION_TYPE) VALUES (5, 3, 5, 1,    'BAÐLICA',   'B');
INSERT INTO ORGANIZATION (ORGANIZATION_ID,OWNER_ID,ADDRESS_ID,PARENT_ID,CAPTION,ORGANIZATION_TYPE) VALUES (6, 3, 6, 1,    'YILDIZ',    'B');
INSERT INTO ORGANIZATION (ORGANIZATION_ID,OWNER_ID,ADDRESS_ID,PARENT_ID,CAPTION,ORGANIZATION_TYPE) VALUES (7, 3, 7, 1,    'SIHHIYE',   'B');



INSERT INTO BUSINESS_CONTRACT (BUSINESS_SERVICE_ID, BUSINESS_PARTNER_ID, BEGDA, ENDDA, COST, DESCRIPTION) VALUES ('FI', 3, '2018-01-01 00:00:00.000000', '2018-12-31 00:00:00.000000', 5000, 'Contract text goes here');
INSERT INTO BUSINESS_CONTRACT (BUSINESS_SERVICE_ID, BUSINESS_PARTNER_ID, BEGDA, ENDDA, COST, DESCRIPTION) VALUES ('HR', 3, '2018-01-01 00:00:00.000000', '2018-12-31 00:00:00.000000', 5000, 'Contract text goes here');
INSERT INTO BUSINESS_CONTRACT (BUSINESS_SERVICE_ID, BUSINESS_PARTNER_ID, BEGDA, ENDDA, COST, DESCRIPTION) VALUES ('MM', 3, '2018-01-01 00:00:00.000000', '2018-12-31 00:00:00.000000', 5000, 'Contract text goes here');
INSERT INTO BUSINESS_CONTRACT (BUSINESS_SERVICE_ID, BUSINESS_PARTNER_ID, BEGDA, ENDDA, COST, DESCRIPTION) VALUES ('SL', 3, '2018-01-01 00:00:00.000000', '2018-12-31 00:00:00.000000', 5000, 'Contract text goes here');
INSERT INTO BUSINESS_CONTRACT (BUSINESS_SERVICE_ID, BUSINESS_PARTNER_ID, BEGDA, ENDDA, COST, DESCRIPTION) VALUES ('PU', 3, '2018-01-01 00:00:00.000000', '2018-12-31 00:00:00.000000', 5000, 'Contract text goes here');
INSERT INTO BUSINESS_CONTRACT (BUSINESS_SERVICE_ID, BUSINESS_PARTNER_ID, BEGDA, ENDDA, COST, DESCRIPTION) VALUES ('PD', 3, '2018-01-01 00:00:00.000000', '2018-12-31 00:00:00.000000', 5000, 'Contract text goes here');
INSERT INTO BUSINESS_CONTRACT (BUSINESS_SERVICE_ID, BUSINESS_PARTNER_ID, BEGDA, ENDDA, COST, DESCRIPTION) VALUES ('MX', 3, '2018-01-01 00:00:00.000000', '2018-12-31 00:00:00.000000', 5000, 'Contract text goes here');
INSERT INTO BUSINESS_CONTRACT (BUSINESS_SERVICE_ID, BUSINESS_PARTNER_ID, BEGDA, ENDDA, COST, DESCRIPTION) VALUES ('SH', 3, '2018-01-01 00:00:00.000000', '2018-12-31 00:00:00.000000', 5000, 'Contract text goes here');
INSERT INTO BUSINESS_CONTRACT (BUSINESS_SERVICE_ID, BUSINESS_PARTNER_ID, BEGDA, ENDDA, COST, DESCRIPTION) VALUES ('HD', 3, '2018-01-01 00:00:00.000000', '2018-12-31 00:00:00.000000', 5000, 'Contract text goes here');
INSERT INTO BUSINESS_CONTRACT (BUSINESS_SERVICE_ID, BUSINESS_PARTNER_ID, BEGDA, ENDDA, COST, DESCRIPTION) VALUES ('PJ', 3, '2018-01-01 00:00:00.000000', '2018-12-31 00:00:00.000000', 5000, 'Contract text goes here');



INSERT INTO PERSON (PERSON_ID, FIRST_NAME, LAST_NAME, CELL_PHONE, BIRTHDAY, GENDER, NATIONALITY) VALUES (51, 'AHMET1',   'YILMAZ1',      '+905551234561', '2018-01-01 00:00:00.000000', 'M', 'TR');
INSERT INTO PERSON (PERSON_ID, FIRST_NAME, LAST_NAME, CELL_PHONE, BIRTHDAY, GENDER, NATIONALITY) VALUES (52, 'AHMET2',   'YILMAZ2',      '+905551234562', '2018-01-01 00:00:00.000000', 'M', 'TR');
INSERT INTO PERSON (PERSON_ID, FIRST_NAME, LAST_NAME, CELL_PHONE, BIRTHDAY, GENDER, NATIONALITY) VALUES (53, 'AHMET3',   'YILMAZ3',      '+905551234563', '2018-01-01 00:00:00.000000', 'M', 'TR');
INSERT INTO PERSON (PERSON_ID, FIRST_NAME, LAST_NAME, CELL_PHONE, BIRTHDAY, GENDER, NATIONALITY) VALUES (54, 'AHMET4',   'YILMAZ4',      '+905551234564', '2018-01-01 00:00:00.000000', 'M', 'TR');
INSERT INTO PERSON (PERSON_ID, FIRST_NAME, LAST_NAME, CELL_PHONE, BIRTHDAY, GENDER, NATIONALITY) VALUES (55, 'AHMET5',   'YILMAZ5',      '+905551234565', '2018-01-01 00:00:00.000000', 'M', 'TR');
INSERT INTO PERSON (PERSON_ID, FIRST_NAME, LAST_NAME, CELL_PHONE, BIRTHDAY, GENDER, NATIONALITY) VALUES (56, 'AHMET6',   'YILMAZ6',      '+905551234566', '2018-01-01 00:00:00.000000', 'M', 'TR');
INSERT INTO PERSON (PERSON_ID, FIRST_NAME, LAST_NAME, CELL_PHONE, BIRTHDAY, GENDER, NATIONALITY) VALUES (57, 'AHMET7',   'YILMAZ7',      '+905551234567', '2018-01-01 00:00:00.000000', 'M', 'TR');



INSERT INTO EMPLOYEE (PERSON_ID, EMPLOYMENT, OWNER_ID) VALUES (51, '2018-01-01 00:00:00.000000', 3);
INSERT INTO EMPLOYEE (PERSON_ID, EMPLOYMENT, OWNER_ID) VALUES (52, '2018-01-01 00:00:00.000000', 3);
INSERT INTO EMPLOYEE (PERSON_ID, EMPLOYMENT, OWNER_ID) VALUES (53, '2018-01-01 00:00:00.000000', 3);
INSERT INTO EMPLOYEE (PERSON_ID, EMPLOYMENT, OWNER_ID) VALUES (54, '2018-01-01 00:00:00.000000', 3);
INSERT INTO EMPLOYEE (PERSON_ID, EMPLOYMENT, OWNER_ID) VALUES (55, '2018-01-01 00:00:00.000000', 3);
INSERT INTO EMPLOYEE (PERSON_ID, EMPLOYMENT, OWNER_ID) VALUES (56, '2018-01-01 00:00:00.000000', 3);
INSERT INTO EMPLOYEE (PERSON_ID, EMPLOYMENT, OWNER_ID) VALUES (57, '2018-01-01 00:00:00.000000', 3);



INSERT INTO USER_ACCOUNT (USERNAME, PASSTEXT, STATUS, EMAIL_ADDRESS, FIRST_NAME, LAST_NAME) VALUES ('OSKAR1',   '1', 'A', 'user1@OSKAR.com.tr',        'AHMET1',   'YILMAZ1');
INSERT INTO USER_ACCOUNT (USERNAME, PASSTEXT, STATUS, EMAIL_ADDRESS, FIRST_NAME, LAST_NAME) VALUES ('OSKAR2',   '1', 'A', 'user2@OSKAR.com.tr',        'AHMET2',   'YILMAZ2');
INSERT INTO USER_ACCOUNT (USERNAME, PASSTEXT, STATUS, EMAIL_ADDRESS, FIRST_NAME, LAST_NAME) VALUES ('OSKAR3',   '1', 'A', 'user3@OSKAR.com.tr',        'AHMET3',   'YILMAZ3');
INSERT INTO USER_ACCOUNT (USERNAME, PASSTEXT, STATUS, EMAIL_ADDRESS, FIRST_NAME, LAST_NAME) VALUES ('OSKAR4',   '1', 'A', 'user4@OSKAR.com.tr',        'AHMET4',   'YILMAZ4');
INSERT INTO USER_ACCOUNT (USERNAME, PASSTEXT, STATUS, EMAIL_ADDRESS, FIRST_NAME, LAST_NAME) VALUES ('OSKAR5',   '1', 'A', 'user5@OSKAR.com.tr',        'AHMET5',   'YILMAZ5');
INSERT INTO USER_ACCOUNT (USERNAME, PASSTEXT, STATUS, EMAIL_ADDRESS, FIRST_NAME, LAST_NAME) VALUES ('OSKAR6',   '1', 'A', 'user6@OSKAR.com.tr',        'AHMET6',   'YILMAZ6');
INSERT INTO USER_ACCOUNT (USERNAME, PASSTEXT, STATUS, EMAIL_ADDRESS, FIRST_NAME, LAST_NAME) VALUES ('OSKAR7',   '1', 'A', 'user7@OSKAR.com.tr',        'AHMET7',   'YILMAZ7');

INSERT INTO USER_ACCOUNT_OWNER (USERNAME,PERSON_ID, BEGDA) VALUES ('OSKAR1', '51', '2018-01-01 00:00:00.000000');
INSERT INTO USER_ACCOUNT_OWNER (USERNAME,PERSON_ID, BEGDA) VALUES ('OSKAR2', '52', '2018-01-01 00:00:00.000000');
INSERT INTO USER_ACCOUNT_OWNER (USERNAME,PERSON_ID, BEGDA) VALUES ('OSKAR3', '53', '2018-01-01 00:00:00.000000');
INSERT INTO USER_ACCOUNT_OWNER (USERNAME,PERSON_ID, BEGDA) VALUES ('OSKAR4', '54', '2018-01-01 00:00:00.000000');
INSERT INTO USER_ACCOUNT_OWNER (USERNAME,PERSON_ID, BEGDA) VALUES ('OSKAR5', '55', '2018-01-01 00:00:00.000000');
INSERT INTO USER_ACCOUNT_OWNER (USERNAME,PERSON_ID, BEGDA) VALUES ('OSKAR6', '56', '2018-01-01 00:00:00.000000');
INSERT INTO USER_ACCOUNT_OWNER (USERNAME,PERSON_ID, BEGDA) VALUES ('OSKAR7', '57', '2018-01-01 00:00:00.000000');

INSERT INTO USER_AUTHORIZATION (USERNAME,AUTHORITY_GROUP,BEGDA) VALUES ('OSKAR1',   'OSKAR_ADMIN',       '2018-01-01 00:00:00.000000');

INSERT INTO USER_AUTHORIZATION (USERNAME,AUTHORITY_GROUP,BEGDA) VALUES ('OSKAR1',   'PARTNER_USER',     '2018-01-01 00:00:00.000000');
INSERT INTO USER_AUTHORIZATION (USERNAME,AUTHORITY_GROUP,BEGDA) VALUES ('OSKAR2',   'PARTNER_USER',      '2018-01-01 00:00:00.000000');
INSERT INTO USER_AUTHORIZATION (USERNAME,AUTHORITY_GROUP,BEGDA) VALUES ('OSKAR3',   'PARTNER_USER',      '2018-01-01 00:00:00.000000');
INSERT INTO USER_AUTHORIZATION (USERNAME,AUTHORITY_GROUP,BEGDA) VALUES ('OSKAR4',   'PARTNER_USER',      '2018-01-01 00:00:00.000000');
INSERT INTO USER_AUTHORIZATION (USERNAME,AUTHORITY_GROUP,BEGDA) VALUES ('OSKAR5',   'PARTNER_USER',      '2018-01-01 00:00:00.000000');
INSERT INTO USER_AUTHORIZATION (USERNAME,AUTHORITY_GROUP,BEGDA) VALUES ('OSKAR6',   'PARTNER_USER',      '2018-01-01 00:00:00.000000');
INSERT INTO USER_AUTHORIZATION (USERNAME,AUTHORITY_GROUP,BEGDA) VALUES ('OSKAR7',   'PARTNER_USER',      '2018-01-01 00:00:00.000000');

INSERT INTO USER_AUTHORIZATION (USERNAME,AUTHORITY_GROUP,BEGDA) VALUES ('OSKAR1',   'OSKAR_USER',        '2018-01-01 00:00:00.000000');
INSERT INTO USER_AUTHORIZATION (USERNAME,AUTHORITY_GROUP,BEGDA) VALUES ('OSKAR2',   'OSKAR_USER',        '2018-01-01 00:00:00.000000');
INSERT INTO USER_AUTHORIZATION (USERNAME,AUTHORITY_GROUP,BEGDA) VALUES ('OSKAR3',   'OSKAR_USER',        '2018-01-01 00:00:00.000000');
INSERT INTO USER_AUTHORIZATION (USERNAME,AUTHORITY_GROUP,BEGDA) VALUES ('OSKAR4',   'OSKAR_USER',        '2018-01-01 00:00:00.000000');
INSERT INTO USER_AUTHORIZATION (USERNAME,AUTHORITY_GROUP,BEGDA) VALUES ('OSKAR5',   'OSKAR_USER',        '2018-01-01 00:00:00.000000');
INSERT INTO USER_AUTHORIZATION (USERNAME,AUTHORITY_GROUP,BEGDA) VALUES ('OSKAR6',   'OSKAR_USER',        '2018-01-01 00:00:00.000000');
INSERT INTO USER_AUTHORIZATION (USERNAME,AUTHORITY_GROUP,BEGDA) VALUES ('OSKAR7',   'OSKAR_USER',        '2018-01-01 00:00:00.000000');

INSERT INTO USER_AUTHORIZATION (USERNAME,AUTHORITY_GROUP,BEGDA) VALUES ('OSKAR1',   'MATERIAL_READER',   '2018-01-01 00:00:00.000000');
INSERT INTO USER_AUTHORIZATION (USERNAME,AUTHORITY_GROUP,BEGDA) VALUES ('OSKAR2',   'MATERIAL_READER',   '2018-01-01 00:00:00.000000');
INSERT INTO USER_AUTHORIZATION (USERNAME,AUTHORITY_GROUP,BEGDA) VALUES ('OSKAR3',   'MATERIAL_READER',   '2018-01-01 00:00:00.000000');
INSERT INTO USER_AUTHORIZATION (USERNAME,AUTHORITY_GROUP,BEGDA) VALUES ('OSKAR4',   'MATERIAL_READER',   '2018-01-01 00:00:00.000000');
INSERT INTO USER_AUTHORIZATION (USERNAME,AUTHORITY_GROUP,BEGDA) VALUES ('OSKAR5',   'MATERIAL_READER',   '2018-01-01 00:00:00.000000');
INSERT INTO USER_AUTHORIZATION (USERNAME,AUTHORITY_GROUP,BEGDA) VALUES ('OSKAR6',   'MATERIAL_READER',   '2018-01-01 00:00:00.000000');
INSERT INTO USER_AUTHORIZATION (USERNAME,AUTHORITY_GROUP,BEGDA) VALUES ('OSKAR7',   'MATERIAL_READER',   '2018-01-01 00:00:00.000000');


INSERT INTO POSITION_TYPE (OWNER_ID, POSITION, CAPTION) VALUES(3, 'DIRECTOR', 'MÜDÜR');
INSERT INTO POSITION_TYPE (OWNER_ID, POSITION, CAPTION) VALUES(3, 'COOK',     'AÞÇI');

INSERT INTO POSITION (OWNER_ID, ORGANIZATION_ID, POSITION, BEGDA, ENDDA) VALUES(3, 1, 'DIRECTOR', '2018-01-01 00:00:00.000000', '2099-12-31 00:00:00.000000');
INSERT INTO POSITION (OWNER_ID, ORGANIZATION_ID, POSITION, BEGDA, ENDDA) VALUES(3, 2, 'DIRECTOR', '2018-01-01 00:00:00.000000', '2099-12-31 00:00:00.000000');
INSERT INTO POSITION (OWNER_ID, ORGANIZATION_ID, POSITION, BEGDA, ENDDA) VALUES(3, 3, 'DIRECTOR', '2018-01-01 00:00:00.000000', '2099-12-31 00:00:00.000000');
INSERT INTO POSITION (OWNER_ID, ORGANIZATION_ID, POSITION, BEGDA, ENDDA) VALUES(3, 4, 'DIRECTOR', '2018-01-01 00:00:00.000000', '2099-12-31 00:00:00.000000');
INSERT INTO POSITION (OWNER_ID, ORGANIZATION_ID, POSITION, BEGDA, ENDDA) VALUES(3, 5, 'DIRECTOR', '2018-01-01 00:00:00.000000', '2099-12-31 00:00:00.000000');
INSERT INTO POSITION (OWNER_ID, ORGANIZATION_ID, POSITION, BEGDA, ENDDA) VALUES(3, 6, 'DIRECTOR', '2018-01-01 00:00:00.000000', '2099-12-31 00:00:00.000000');
INSERT INTO POSITION (OWNER_ID, ORGANIZATION_ID, POSITION, BEGDA, ENDDA) VALUES(3, 7, 'DIRECTOR', '2018-01-01 00:00:00.000000', '2099-12-31 00:00:00.000000');

INSERT INTO POSITION_ASSIGNMENT (OWNER_ID, ORGANIZATION_ID, POSITION, PERSON_ID, EMPLOYMENT, BEGDA, ENDDA, REASON, ASSIGNMENT_TYPE) VALUES(3, 1, 'DIRECTOR', 51, '2018-01-01 00:00:00.000000', '2018-01-01 00:00:00.000000', '2099-12-31 00:00:00.000000', 'I', 'F');
INSERT INTO POSITION_ASSIGNMENT (OWNER_ID, ORGANIZATION_ID, POSITION, PERSON_ID, EMPLOYMENT, BEGDA, ENDDA, REASON, ASSIGNMENT_TYPE) VALUES(3, 2, 'DIRECTOR', 52, '2018-01-01 00:00:00.000000', '2018-01-01 00:00:00.000000', '2099-12-31 00:00:00.000000', 'I', 'F');
INSERT INTO POSITION_ASSIGNMENT (OWNER_ID, ORGANIZATION_ID, POSITION, PERSON_ID, EMPLOYMENT, BEGDA, ENDDA, REASON, ASSIGNMENT_TYPE) VALUES(3, 3, 'DIRECTOR', 53, '2018-01-01 00:00:00.000000', '2018-01-01 00:00:00.000000', '2099-12-31 00:00:00.000000', 'I', 'F');
INSERT INTO POSITION_ASSIGNMENT (OWNER_ID, ORGANIZATION_ID, POSITION, PERSON_ID, EMPLOYMENT, BEGDA, ENDDA, REASON, ASSIGNMENT_TYPE) VALUES(3, 4, 'DIRECTOR', 54, '2018-01-01 00:00:00.000000', '2018-01-01 00:00:00.000000', '2099-12-31 00:00:00.000000', 'I', 'F');
INSERT INTO POSITION_ASSIGNMENT (OWNER_ID, ORGANIZATION_ID, POSITION, PERSON_ID, EMPLOYMENT, BEGDA, ENDDA, REASON, ASSIGNMENT_TYPE) VALUES(3, 5, 'DIRECTOR', 55, '2018-01-01 00:00:00.000000', '2018-01-01 00:00:00.000000', '2099-12-31 00:00:00.000000', 'I', 'F');
INSERT INTO POSITION_ASSIGNMENT (OWNER_ID, ORGANIZATION_ID, POSITION, PERSON_ID, EMPLOYMENT, BEGDA, ENDDA, REASON, ASSIGNMENT_TYPE) VALUES(3, 6, 'DIRECTOR', 56, '2018-01-01 00:00:00.000000', '2018-01-01 00:00:00.000000', '2099-12-31 00:00:00.000000', 'I', 'F');
INSERT INTO POSITION_ASSIGNMENT (OWNER_ID, ORGANIZATION_ID, POSITION, PERSON_ID, EMPLOYMENT, BEGDA, ENDDA, REASON, ASSIGNMENT_TYPE) VALUES(3, 7, 'DIRECTOR', 57, '2018-01-01 00:00:00.000000', '2018-01-01 00:00:00.000000', '2099-12-31 00:00:00.000000', 'I', 'F');



INSERT INTO NOTIFICATION_TYPE (NOTIFICATION_TYPE_ID, OWNER_ID, TABLENAME, STATUS_FIELD, STOP_VALUE) VALUES (1, 3, 'MATERIAL_REQUEST', 'STATUS', 'C');

INSERT INTO NOTIFICATION_RECIPIENT (NOTIFICATION_TYPE_ID, USERNAME, EVENT, ENABLE) VALUES (1, 'OSKAR1', 'CREATE', 'Y');
INSERT INTO NOTIFICATION_RECIPIENT (NOTIFICATION_TYPE_ID, USERNAME, EVENT, ENABLE) VALUES (1, 'OSKAR1', 'UPDATE', 'Y');
