INSERT INTO MANUFACTURER (MANUFACTURER_ID, CAPTION) VALUES ('GUCCI',             'GUCCI');

INSERT INTO MATERIAL_TYPE (MATERIAL_TYPE_ID, CAPTION,UNIT) VALUES ('RETAIL',  'RETAIL',  'EA');

INSERT INTO MATERIAL_TYPE (MATERIAL_TYPE_ID, CAPTION,UNIT) VALUES ('SHOE',    'SHOE',    'EA');
INSERT INTO MATERIAL_TYPE (MATERIAL_TYPE_ID, CAPTION,UNIT) VALUES ('TSHIRT',  'TSHIRT',  'EA');
INSERT INTO MATERIAL_TYPE (MATERIAL_TYPE_ID, CAPTION,UNIT) VALUES ('DENIM',   'DENIM',   'EA');



INSERT INTO MATERIAL_ATTRIBUTE_GROUP (MAG_ID, OWNER_ID, CAPTION) VALUES ('SIZETEXT', 4, 'SIZE');

INSERT INTO MATERIAL_ATTRIBUTE_OPTION (MAG_ID, LOW, HIGH, CAPTION) VALUES ('SIZETEXT', 'XSMALL',  NULL, 'XSMALL');
INSERT INTO MATERIAL_ATTRIBUTE_OPTION (MAG_ID, LOW, HIGH, CAPTION) VALUES ('SIZETEXT', 'SMALL',   NULL, 'SMALL');
INSERT INTO MATERIAL_ATTRIBUTE_OPTION (MAG_ID, LOW, HIGH, CAPTION) VALUES ('SIZETEXT', 'MEDIUM',  NULL, 'MEDIUM');
INSERT INTO MATERIAL_ATTRIBUTE_OPTION (MAG_ID, LOW, HIGH, CAPTION) VALUES ('SIZETEXT', 'LARGE',   NULL, 'LARGE');
INSERT INTO MATERIAL_ATTRIBUTE_OPTION (MAG_ID, LOW, HIGH, CAPTION) VALUES ('SIZETEXT', 'XLARGE',  NULL, 'XLARGE');
INSERT INTO MATERIAL_ATTRIBUTE_OPTION (MAG_ID, LOW, HIGH, CAPTION) VALUES ('SIZETEXT', '2XLARGE', NULL, '2XLARGE');
INSERT INTO MATERIAL_ATTRIBUTE_OPTION (MAG_ID, LOW, HIGH, CAPTION) VALUES ('SIZETEXT', '3XLARGE', NULL, '3XLARGE');
INSERT INTO MATERIAL_ATTRIBUTE_OPTION (MAG_ID, LOW, HIGH, CAPTION) VALUES ('SIZETEXT', '4XLARGE', NULL, '4XLARGE');

INSERT INTO MATERIAL_ATTRIBUTE_GROUP (MAG_ID, OWNER_ID, CAPTION) VALUES ('SHOESIZE', 4, 'SHOESIZE');

INSERT INTO MATERIAL_ATTRIBUTE_OPTION (MAG_ID, LOW, HIGH, CAPTION) VALUES ('SHOESIZE', '20', '50', 'SHOESIZE');

INSERT INTO MATERIAL (MATERIAL_ID,OWNER_ID,MATERIAL_TYPE_ID,MANUFACTURER_ID,CAPTION,DEFAULT_UNIT) VALUES (1001,4,'SHOE','GUCCI','RUNNING','EA');
INSERT INTO MATERIAL (MATERIAL_ID,OWNER_ID,MATERIAL_TYPE_ID,MANUFACTURER_ID,CAPTION,DEFAULT_UNIT) VALUES (1002,4,'SHOE','GUCCI','BOOTS','EA');
INSERT INTO MATERIAL (MATERIAL_ID,OWNER_ID,MATERIAL_TYPE_ID,MANUFACTURER_ID,CAPTION,DEFAULT_UNIT) VALUES (1003,4,'SHOE','GUCCI','CASUAL','EA');

INSERT INTO MATERIAL_GROUP_ASSIGNMENT (MATERIAL_GROUP_ID,MATERIAL_ID,BEGDA) VALUES (2251,1001,'2018-01-01');
INSERT INTO MATERIAL_GROUP_ASSIGNMENT (MATERIAL_GROUP_ID,MATERIAL_ID,BEGDA) VALUES (2233,1002,'2018-01-01');
INSERT INTO MATERIAL_GROUP_ASSIGNMENT (MATERIAL_GROUP_ID,MATERIAL_ID,BEGDA) VALUES (2234,1003,'2018-01-01');
