INSERT INTO TABLE_CONTROLLER_STATIC (TABLENAME, ROOTMAPPING, MODULE, CUSTOMER_SPECIFIC, ORGANIZATION_CHECK, CACHE_IN_HASH, SEARCH_VIEW, LIST_VIEW, EDIT_VIEW, SHOW_VIEW, SELECT_VIEW, ORDERBY, SEQUENCE_NAME) VALUES ('BUSINESS_CONTRACT', 'businessContract', 'business', 'N', 'N', 'N', '', '', '', '', '', '', '');
INSERT INTO TABLE_FIELD_FACE (TABLENAME, FIELDNAME, EDIT_STYLE, EDIT_JSTL_PATH, VIEW_JSTL_PATH, SEARCH_STYLE, LOOKUP_STYLE, TRANSLATED, MINVALUE, MAXVALUE) VALUES ('BUSINESS_CONTRACT', 'BEGDA', 'D', 'id.begda', 'id.begda', 'F', 'N', 'N', '', '');
INSERT INTO TABLE_FIELD_FACE (TABLENAME, FIELDNAME, EDIT_STYLE, EDIT_JSTL_PATH, VIEW_JSTL_PATH, SEARCH_STYLE, LOOKUP_STYLE, TRANSLATED, MINVALUE, MAXVALUE) VALUES ('BUSINESS_CONTRACT', 'BUSINESS_PARTNER_ID', 'H', 'id.businessPartnerId', 'businessPartner.caption', 'F', 'N', 'N', '', '');
INSERT INTO TABLE_FIELD_FACE (TABLENAME, FIELDNAME, EDIT_STYLE, EDIT_JSTL_PATH, VIEW_JSTL_PATH, SEARCH_STYLE, LOOKUP_STYLE, TRANSLATED, MINVALUE, MAXVALUE) VALUES ('BUSINESS_CONTRACT', 'BUSINESS_SERVICE_ID', 'BUSINESS_SERVICE', 'id.businessServiceId', 'businessService.caption', 'L', 'C', 'N', '', '');
INSERT INTO TABLE_FIELD_FACE (TABLENAME, FIELDNAME, EDIT_STYLE, EDIT_JSTL_PATH, VIEW_JSTL_PATH, SEARCH_STYLE, LOOKUP_STYLE, TRANSLATED, MINVALUE, MAXVALUE) VALUES ('BUSINESS_CONTRACT', 'COST', 'C', 'cost', 'cost', 'F', 'N', 'N', '', '');
INSERT INTO TABLE_FIELD_FACE (TABLENAME, FIELDNAME, EDIT_STYLE, EDIT_JSTL_PATH, VIEW_JSTL_PATH, SEARCH_STYLE, LOOKUP_STYLE, TRANSLATED, MINVALUE, MAXVALUE) VALUES ('BUSINESS_CONTRACT', 'DESCRIPTION', 'T', 'description', 'description', 'F', 'N', 'N', '', '');
INSERT INTO TABLE_FIELD_FACE (TABLENAME, FIELDNAME, EDIT_STYLE, EDIT_JSTL_PATH, VIEW_JSTL_PATH, SEARCH_STYLE, LOOKUP_STYLE, TRANSLATED, MINVALUE, MAXVALUE) VALUES ('BUSINESS_CONTRACT', 'ENDDA', 'D', 'endda', 'endda', 'F', 'N', 'N', '', '');

INSERT INTO TABLE_ACTION (TABLENAME, ACTION, CAPTION, METHOD, ENABLE, AUTHORITY_CHECK, RECORD_SPECIFIC) VALUES ('BUSINESS_CONTRACT', 'FINALIZE', 'FINALIZE', 'finalize', 'Y', 'Y', 'Y');
INSERT INTO TABLE_ACTION (TABLENAME, ACTION, CAPTION, METHOD, ENABLE, AUTHORITY_CHECK, RECORD_SPECIFIC) VALUES ('BUSINESS_CONTRACT', 'INITIALIZE', 'INITIALIZE', 'initialize', 'Y', 'Y', 'Y');

INSERT INTO TABLE_CONTROLLER_STATIC (TABLENAME, ROOTMAPPING, MODULE, CUSTOMER_SPECIFIC, ORGANIZATION_CHECK, CACHE_IN_HASH, SEARCH_VIEW, LIST_VIEW, EDIT_VIEW, SHOW_VIEW, SELECT_VIEW, ORDERBY, SEQUENCE_NAME) VALUES ('BUSINESS_OWNER', 'businessOwner', 'business', 'N', 'N', 'N', '', '', '', '', '', '', '');
INSERT INTO TABLE_FIELD_FACE (TABLENAME, FIELDNAME, EDIT_STYLE, EDIT_JSTL_PATH, VIEW_JSTL_PATH, SEARCH_STYLE, LOOKUP_STYLE, TRANSLATED, MINVALUE, MAXVALUE) VALUES ('BUSINESS_OWNER', 'BEGDA', 'D', 'begda', 'begda', 'F', 'N', 'N', '', '');
INSERT INTO TABLE_FIELD_FACE (TABLENAME, FIELDNAME, EDIT_STYLE, EDIT_JSTL_PATH, VIEW_JSTL_PATH, SEARCH_STYLE, LOOKUP_STYLE, TRANSLATED, MINVALUE, MAXVALUE) VALUES ('BUSINESS_OWNER', 'BUSINESS_PARTNER_ID', 'BUSINESS_PARTNER', 'businessPartner.id', 'businessPartner.caption', 'F', 'N', 'N', '', '');


INSERT INTO TABLE_CONTROLLER_STATIC (TABLENAME, ROOTMAPPING, MODULE, CUSTOMER_SPECIFIC, ORGANIZATION_CHECK, CACHE_IN_HASH, SEARCH_VIEW, LIST_VIEW, EDIT_VIEW, SHOW_VIEW, SELECT_VIEW, ORDERBY, SEQUENCE_NAME) VALUES ('BUSINESS_PARTNER', 'businessPartner', 'business', 'N', 'N', 'N', '', '', 'business/partnerEntry', '', '', '', 'BUSINESS_PARTNER_ID_SEQ');
INSERT INTO TABLE_FIELD_FACE (TABLENAME, FIELDNAME, EDIT_STYLE, EDIT_JSTL_PATH, VIEW_JSTL_PATH, SEARCH_STYLE, LOOKUP_STYLE, TRANSLATED, MINVALUE, MAXVALUE) VALUES ('BUSINESS_PARTNER', 'BUSINESS_PARTNER_ID', 'S', 'id', 'id', 'F', 'N', 'N', '', '');
INSERT INTO TABLE_FIELD_FACE (TABLENAME, FIELDNAME, EDIT_STYLE, EDIT_JSTL_PATH, VIEW_JSTL_PATH, SEARCH_STYLE, LOOKUP_STYLE, TRANSLATED, MINVALUE, MAXVALUE) VALUES ('BUSINESS_PARTNER', 'CAPTION', 'T', 'caption', 'caption', 'F', 'N', 'N', '', '');
INSERT INTO TABLE_FIELD_FACE (TABLENAME, FIELDNAME, EDIT_STYLE, EDIT_JSTL_PATH, VIEW_JSTL_PATH, SEARCH_STYLE, LOOKUP_STYLE, TRANSLATED, MINVALUE, MAXVALUE) VALUES ('BUSINESS_PARTNER', 'HQ_COUNTRY', 'COUNTRY', 'hqCountry', 'hqCountry', 'F', 'N', 'N', '', '');
INSERT INTO TABLE_FIELD_FACE (TABLENAME, FIELDNAME, EDIT_STYLE, EDIT_JSTL_PATH, VIEW_JSTL_PATH, SEARCH_STYLE, LOOKUP_STYLE, TRANSLATED, MINVALUE, MAXVALUE) VALUES ('BUSINESS_PARTNER', 'TAX_CENTER', 'T', 'taxCenter', 'taxCenter', 'F', 'N', 'N', '', '');
INSERT INTO TABLE_FIELD_FACE (TABLENAME, FIELDNAME, EDIT_STYLE, EDIT_JSTL_PATH, VIEW_JSTL_PATH, SEARCH_STYLE, LOOKUP_STYLE, TRANSLATED, MINVALUE, MAXVALUE) VALUES ('BUSINESS_PARTNER', 'TAX_NUMBER', 'T', 'taxNumber', 'taxNumber', 'F', 'N', 'N', '', '');
INSERT INTO TABLE_FIELD_FACE (TABLENAME, FIELDNAME, EDIT_STYLE, EDIT_JSTL_PATH, VIEW_JSTL_PATH, SEARCH_STYLE, LOOKUP_STYLE, TRANSLATED, MINVALUE, MAXVALUE) VALUES ('BUSINESS_PARTNER', 'WEB_ADDRESS', 'T', 'webAddress', 'webAddress', 'F', 'N', 'N', '', '');

INSERT INTO TABLE_CONTENT_TYPE (TABLENAME, OBJECT_TYPE, CAPTION, MIMETYPE) VALUES ('BUSINESS_PARTNER', 'CB', 'CHECK_BARCODE', '');
INSERT INTO TABLE_CONTENT_TYPE (TABLENAME, OBJECT_TYPE, CAPTION, MIMETYPE) VALUES ('BUSINESS_PARTNER', 'LG', 'LOGO', '');
INSERT INTO TABLE_CONTENT_TYPE (TABLENAME, OBJECT_TYPE, CAPTION, MIMETYPE) VALUES ('BUSINESS_PARTNER', 'LM', 'LOGOMINI', '');
INSERT INTO TABLE_CONTENT_TYPE (TABLENAME, OBJECT_TYPE, CAPTION, MIMETYPE) VALUES ('BUSINESS_PARTNER', 'TP', 'TAX_PLATE', '');

INSERT INTO TABLE_CONTROLLER_STATIC (TABLENAME, ROOTMAPPING, MODULE, CUSTOMER_SPECIFIC, ORGANIZATION_CHECK, CACHE_IN_HASH, SEARCH_VIEW, LIST_VIEW, EDIT_VIEW, SHOW_VIEW, SELECT_VIEW, ORDERBY, SEQUENCE_NAME) VALUES ('BUSINESS_SERVICE', 'businessService', 'business', 'N', 'N', 'N', '', '', '', '', '', '', '');
INSERT INTO TABLE_FIELD_FACE (TABLENAME, FIELDNAME, EDIT_STYLE, EDIT_JSTL_PATH, VIEW_JSTL_PATH, SEARCH_STYLE, LOOKUP_STYLE, TRANSLATED, MINVALUE, MAXVALUE) VALUES ('BUSINESS_SERVICE', 'BUSINESS_SERVICE_ID', 'S', 'id', 'id', 'F', 'N', 'N', '', '');
INSERT INTO TABLE_FIELD_FACE (TABLENAME, FIELDNAME, EDIT_STYLE, EDIT_JSTL_PATH, VIEW_JSTL_PATH, SEARCH_STYLE, LOOKUP_STYLE, TRANSLATED, MINVALUE, MAXVALUE) VALUES ('BUSINESS_SERVICE', 'CAPTION', 'T', 'caption', 'caption', 'F', 'N', 'N', '', '');


INSERT INTO TABLE_CONTROLLER_STATIC (TABLENAME, ROOTMAPPING, MODULE, CUSTOMER_SPECIFIC, ORGANIZATION_CHECK, CACHE_IN_HASH, SEARCH_VIEW, LIST_VIEW, EDIT_VIEW, SHOW_VIEW, SELECT_VIEW, ORDERBY, SEQUENCE_NAME) VALUES ('BUSINESS_SERVICE_PAGE', 'businessServicePage', 'business', 'N', 'N', 'N', '', '', '', '', '', '', '');
INSERT INTO TABLE_FIELD_FACE (TABLENAME, FIELDNAME, EDIT_STYLE, EDIT_JSTL_PATH, VIEW_JSTL_PATH, SEARCH_STYLE, LOOKUP_STYLE, TRANSLATED, MINVALUE, MAXVALUE) VALUES ('BUSINESS_SERVICE_PAGE', 'BUSINESS_SERVICE_ID', 'H', 'id.businessServiceId', 'id.businessServiceId', 'F', 'N', 'N', '', '');
INSERT INTO TABLE_FIELD_FACE (TABLENAME, FIELDNAME, EDIT_STYLE, EDIT_JSTL_PATH, VIEW_JSTL_PATH, SEARCH_STYLE, LOOKUP_STYLE, TRANSLATED, MINVALUE, MAXVALUE) VALUES ('BUSINESS_SERVICE_PAGE', 'PAGENAME', 'T', 'id.pagename', 'id.pagename', 'F', 'N', 'N', '', '');


INSERT INTO TABLE_CONTROLLER_STATIC (TABLENAME, ROOTMAPPING, MODULE, CUSTOMER_SPECIFIC, ORGANIZATION_CHECK, CACHE_IN_HASH, SEARCH_VIEW, LIST_VIEW, EDIT_VIEW, SHOW_VIEW, SELECT_VIEW, ORDERBY, SEQUENCE_NAME) VALUES ('CUSTOMER', 'customer', 'business', 'N', 'N', 'N', '', '', '', '', '', '', '');
INSERT INTO TABLE_FIELD_FACE (TABLENAME, FIELDNAME, EDIT_STYLE, EDIT_JSTL_PATH, VIEW_JSTL_PATH, SEARCH_STYLE, LOOKUP_STYLE, TRANSLATED, MINVALUE, MAXVALUE) VALUES ('CUSTOMER', 'BEGDA', 'D', 'begda', 'begda', 'F', 'N', 'N', '', '');
INSERT INTO TABLE_FIELD_FACE (TABLENAME, FIELDNAME, EDIT_STYLE, EDIT_JSTL_PATH, VIEW_JSTL_PATH, SEARCH_STYLE, LOOKUP_STYLE, TRANSLATED, MINVALUE, MAXVALUE) VALUES ('CUSTOMER', 'BUSINESS_PARTNER_ID', 'BUSINESS_PARTNER', 'businessPartner.id', 'businessPartner.caption', 'F', 'N', 'N', '', '');


INSERT INTO TABLE_CONTROLLER_STATIC (TABLENAME, ROOTMAPPING, MODULE, CUSTOMER_SPECIFIC, ORGANIZATION_CHECK, CACHE_IN_HASH, SEARCH_VIEW, LIST_VIEW, EDIT_VIEW, SHOW_VIEW, SELECT_VIEW, ORDERBY, SEQUENCE_NAME) VALUES ('PARTNER_ADDRESS', 'partnerAddress', 'business', 'N', 'N', 'N', '', '', '', '', '', '', '');
INSERT INTO TABLE_FIELD_FACE (TABLENAME, FIELDNAME, EDIT_STYLE, EDIT_JSTL_PATH, VIEW_JSTL_PATH, SEARCH_STYLE, LOOKUP_STYLE, TRANSLATED, MINVALUE, MAXVALUE) VALUES ('PARTNER_ADDRESS', 'ADDRESS_ID', 'I2', 'id.addressId', 'id.addressId', 'F', 'N', 'N', '', '');
INSERT INTO TABLE_FIELD_FACE (TABLENAME, FIELDNAME, EDIT_STYLE, EDIT_JSTL_PATH, VIEW_JSTL_PATH, SEARCH_STYLE, LOOKUP_STYLE, TRANSLATED, MINVALUE, MAXVALUE) VALUES ('PARTNER_ADDRESS', 'ADDRESS_TYPE', 'ADDRESS_TYPE', 'addressType', 'addressType', 'L', 'C', 'N', '', '');
INSERT INTO TABLE_FIELD_FACE (TABLENAME, FIELDNAME, EDIT_STYLE, EDIT_JSTL_PATH, VIEW_JSTL_PATH, SEARCH_STYLE, LOOKUP_STYLE, TRANSLATED, MINVALUE, MAXVALUE) VALUES ('PARTNER_ADDRESS', 'ALTITUDE', 'H', 'altitude', 'altitude', 'F', 'N', 'N', '', '');
INSERT INTO TABLE_FIELD_FACE (TABLENAME, FIELDNAME, EDIT_STYLE, EDIT_JSTL_PATH, VIEW_JSTL_PATH, SEARCH_STYLE, LOOKUP_STYLE, TRANSLATED, MINVALUE, MAXVALUE) VALUES ('PARTNER_ADDRESS', 'BUSINESS_PARTNER_ID', 'H', 'id.businessPartnerId', 'businessPartner.caption', 'F', 'N', 'N', '', '');
INSERT INTO TABLE_FIELD_FACE (TABLENAME, FIELDNAME, EDIT_STYLE, EDIT_JSTL_PATH, VIEW_JSTL_PATH, SEARCH_STYLE, LOOKUP_STYLE, TRANSLATED, MINVALUE, MAXVALUE) VALUES ('PARTNER_ADDRESS', 'CITY', 'T', 'city', 'city', 'F', 'N', 'N', '', '');
INSERT INTO TABLE_FIELD_FACE (TABLENAME, FIELDNAME, EDIT_STYLE, EDIT_JSTL_PATH, VIEW_JSTL_PATH, SEARCH_STYLE, LOOKUP_STYLE, TRANSLATED, MINVALUE, MAXVALUE) VALUES ('PARTNER_ADDRESS', 'COUNTRY', 'COUNTRY', 'country', 'country', 'L', 'C', 'N', '', '');
INSERT INTO TABLE_FIELD_FACE (TABLENAME, FIELDNAME, EDIT_STYLE, EDIT_JSTL_PATH, VIEW_JSTL_PATH, SEARCH_STYLE, LOOKUP_STYLE, TRANSLATED, MINVALUE, MAXVALUE) VALUES ('PARTNER_ADDRESS', 'LATITUDE', 'H', 'latitude', 'latitude', 'F', 'N', 'N', '', '');
INSERT INTO TABLE_FIELD_FACE (TABLENAME, FIELDNAME, EDIT_STYLE, EDIT_JSTL_PATH, VIEW_JSTL_PATH, SEARCH_STYLE, LOOKUP_STYLE, TRANSLATED, MINVALUE, MAXVALUE) VALUES ('PARTNER_ADDRESS', 'LONGITUDE', 'M', 'longitude', 'longitude', 'F', 'N', 'N', '', '');
INSERT INTO TABLE_FIELD_FACE (TABLENAME, FIELDNAME, EDIT_STYLE, EDIT_JSTL_PATH, VIEW_JSTL_PATH, SEARCH_STYLE, LOOKUP_STYLE, TRANSLATED, MINVALUE, MAXVALUE) VALUES ('PARTNER_ADDRESS', 'PHONE', 'T', 'phone', 'phone', 'F', 'N', 'N', '', '');
INSERT INTO TABLE_FIELD_FACE (TABLENAME, FIELDNAME, EDIT_STYLE, EDIT_JSTL_PATH, VIEW_JSTL_PATH, SEARCH_STYLE, LOOKUP_STYLE, TRANSLATED, MINVALUE, MAXVALUE) VALUES ('PARTNER_ADDRESS', 'STATE', 'T', 'state', 'state', 'F', 'N', 'N', '', '');
INSERT INTO TABLE_FIELD_FACE (TABLENAME, FIELDNAME, EDIT_STYLE, EDIT_JSTL_PATH, VIEW_JSTL_PATH, SEARCH_STYLE, LOOKUP_STYLE, TRANSLATED, MINVALUE, MAXVALUE) VALUES ('PARTNER_ADDRESS', 'STREET', 'T', 'street', 'street', 'F', 'N', 'N', '', '');


INSERT INTO TABLE_CONTROLLER_STATIC (TABLENAME, ROOTMAPPING, MODULE, CUSTOMER_SPECIFIC, ORGANIZATION_CHECK, CACHE_IN_HASH, SEARCH_VIEW, LIST_VIEW, EDIT_VIEW, SHOW_VIEW, SELECT_VIEW, ORDERBY, SEQUENCE_NAME) VALUES ('PARTNER_CERTIFICATION', 'partnerCertification', 'business', 'N', 'N', 'N', '', '', '', '', '', '', 'PARTNER_CERTIFICATION_ID_SEQ');
INSERT INTO TABLE_FIELD_FACE (TABLENAME, FIELDNAME, EDIT_STYLE, EDIT_JSTL_PATH, VIEW_JSTL_PATH, SEARCH_STYLE, LOOKUP_STYLE, TRANSLATED, MINVALUE, MAXVALUE) VALUES ('PARTNER_CERTIFICATION', 'BUSINESS_PARTNER_ID', 'H', 'businessPartner.id', 'businessPartner.caption', 'F', 'N', 'N', '', '');
INSERT INTO TABLE_FIELD_FACE (TABLENAME, FIELDNAME, EDIT_STYLE, EDIT_JSTL_PATH, VIEW_JSTL_PATH, SEARCH_STYLE, LOOKUP_STYLE, TRANSLATED, MINVALUE, MAXVALUE) VALUES ('PARTNER_CERTIFICATION', 'CERTIFICATION_TYPE', 'PARTNER_CERTIFICATION_TYPE', 'certificationType', 'certificationType', 'F', 'N', 'N', '', '');
INSERT INTO TABLE_FIELD_FACE (TABLENAME, FIELDNAME, EDIT_STYLE, EDIT_JSTL_PATH, VIEW_JSTL_PATH, SEARCH_STYLE, LOOKUP_STYLE, TRANSLATED, MINVALUE, MAXVALUE) VALUES ('PARTNER_CERTIFICATION', 'EXPIRE_DATE', 'D', 'expireDate', 'expireDate', 'F', 'N', 'N', '', '');
INSERT INTO TABLE_FIELD_FACE (TABLENAME, FIELDNAME, EDIT_STYLE, EDIT_JSTL_PATH, VIEW_JSTL_PATH, SEARCH_STYLE, LOOKUP_STYLE, TRANSLATED, MINVALUE, MAXVALUE) VALUES ('PARTNER_CERTIFICATION', 'ISSUE_DATE', 'D', 'issueDate', 'issueDate', 'F', 'N', 'N', '', '');
INSERT INTO TABLE_FIELD_FACE (TABLENAME, FIELDNAME, EDIT_STYLE, EDIT_JSTL_PATH, VIEW_JSTL_PATH, SEARCH_STYLE, LOOKUP_STYLE, TRANSLATED, MINVALUE, MAXVALUE) VALUES ('PARTNER_CERTIFICATION', 'LEVEL', 'T', 'level', 'level', 'F', 'N', 'N', '', '');
INSERT INTO TABLE_FIELD_FACE (TABLENAME, FIELDNAME, EDIT_STYLE, EDIT_JSTL_PATH, VIEW_JSTL_PATH, SEARCH_STYLE, LOOKUP_STYLE, TRANSLATED, MINVALUE, MAXVALUE) VALUES ('PARTNER_CERTIFICATION', 'PARTNER_CERTIFICATION_ID', 'S', 'id', 'id', 'F', 'N', 'N', '', '');
INSERT INTO TABLE_FIELD_FACE (TABLENAME, FIELDNAME, EDIT_STYLE, EDIT_JSTL_PATH, VIEW_JSTL_PATH, SEARCH_STYLE, LOOKUP_STYLE, TRANSLATED, MINVALUE, MAXVALUE) VALUES ('PARTNER_CERTIFICATION', 'VALIDATION_KEY', 'T', 'validationKey', 'validationKey', 'F', 'N', 'N', '', '');

INSERT INTO TABLE_CONTENT_TYPE (TABLENAME, OBJECT_TYPE, CAPTION, MIMETYPE) VALUES ('PARTNER_CERTIFICATION', 'PC', 'CERTIFICATE', '');

INSERT INTO TABLE_CONTROLLER_STATIC (TABLENAME, ROOTMAPPING, MODULE, CUSTOMER_SPECIFIC, ORGANIZATION_CHECK, CACHE_IN_HASH, SEARCH_VIEW, LIST_VIEW, EDIT_VIEW, SHOW_VIEW, SELECT_VIEW, ORDERBY, SEQUENCE_NAME) VALUES ('PARTNER_CERTIFICATION_TYPE', 'partnerCertificationType', 'business', 'N', 'N', 'N', '', '', '', '', '', '', '');
INSERT INTO TABLE_FIELD_FACE (TABLENAME, FIELDNAME, EDIT_STYLE, EDIT_JSTL_PATH, VIEW_JSTL_PATH, SEARCH_STYLE, LOOKUP_STYLE, TRANSLATED, MINVALUE, MAXVALUE) VALUES ('PARTNER_CERTIFICATION_TYPE', 'AREA', 'PARTNER_CERTIFICATION_AREA', 'area', 'area', 'F', 'N', 'N', '', '');
INSERT INTO TABLE_FIELD_FACE (TABLENAME, FIELDNAME, EDIT_STYLE, EDIT_JSTL_PATH, VIEW_JSTL_PATH, SEARCH_STYLE, LOOKUP_STYLE, TRANSLATED, MINVALUE, MAXVALUE) VALUES ('PARTNER_CERTIFICATION_TYPE', 'CAPTION', 'T', 'caption', 'caption', 'F', 'N', 'N', '', '');
INSERT INTO TABLE_FIELD_FACE (TABLENAME, FIELDNAME, EDIT_STYLE, EDIT_JSTL_PATH, VIEW_JSTL_PATH, SEARCH_STYLE, LOOKUP_STYLE, TRANSLATED, MINVALUE, MAXVALUE) VALUES ('PARTNER_CERTIFICATION_TYPE', 'CERTIFICATION_TYPE', 'T', 'certificationType', 'certificationType', 'F', 'N', 'N', '', '');
INSERT INTO TABLE_FIELD_FACE (TABLENAME, FIELDNAME, EDIT_STYLE, EDIT_JSTL_PATH, VIEW_JSTL_PATH, SEARCH_STYLE, LOOKUP_STYLE, TRANSLATED, MINVALUE, MAXVALUE) VALUES ('PARTNER_CERTIFICATION_TYPE', 'ISSUER', 'T', 'issuer', 'issuer', 'F', 'N', 'N', '', '');
INSERT INTO TABLE_FIELD_FACE (TABLENAME, FIELDNAME, EDIT_STYLE, EDIT_JSTL_PATH, VIEW_JSTL_PATH, SEARCH_STYLE, LOOKUP_STYLE, TRANSLATED, MINVALUE, MAXVALUE) VALUES ('PARTNER_CERTIFICATION_TYPE', 'VALIDATION_ADDRESS', 'T', 'validationAddress', 'validationAddress', 'F', 'N', 'N', '', '');
INSERT INTO TABLE_FIELD_FACE (TABLENAME, FIELDNAME, EDIT_STYLE, EDIT_JSTL_PATH, VIEW_JSTL_PATH, SEARCH_STYLE, LOOKUP_STYLE, TRANSLATED, MINVALUE, MAXVALUE) VALUES ('PARTNER_CERTIFICATION_TYPE', 'VALIDITY', 'I4', 'validity', 'validity', 'F', 'N', 'N', '', '');


INSERT INTO TABLE_CONTROLLER_STATIC (TABLENAME, ROOTMAPPING, MODULE, CUSTOMER_SPECIFIC, ORGANIZATION_CHECK, CACHE_IN_HASH, SEARCH_VIEW, LIST_VIEW, EDIT_VIEW, SHOW_VIEW, SELECT_VIEW, ORDERBY, SEQUENCE_NAME) VALUES ('PARTNER_CONVERSATION', 'partnerConversation', 'business', 'N', 'N', 'N', '', '', '', '', '', '', '');
INSERT INTO TABLE_FIELD_FACE (TABLENAME, FIELDNAME, EDIT_STYLE, EDIT_JSTL_PATH, VIEW_JSTL_PATH, SEARCH_STYLE, LOOKUP_STYLE, TRANSLATED, MINVALUE, MAXVALUE) VALUES ('PARTNER_CONVERSATION', 'CTEXT', 'T', 'ctext', 'ctext', 'F', 'N', 'N', '', '');
INSERT INTO TABLE_FIELD_FACE (TABLENAME, FIELDNAME, EDIT_STYLE, EDIT_JSTL_PATH, VIEW_JSTL_PATH, SEARCH_STYLE, LOOKUP_STYLE, TRANSLATED, MINVALUE, MAXVALUE) VALUES ('PARTNER_CONVERSATION', 'CTIME', 'D', 'id.ctime', 'id.ctime', 'F', 'N', 'N', '', '');
INSERT INTO TABLE_FIELD_FACE (TABLENAME, FIELDNAME, EDIT_STYLE, EDIT_JSTL_PATH, VIEW_JSTL_PATH, SEARCH_STYLE, LOOKUP_STYLE, TRANSLATED, MINVALUE, MAXVALUE) VALUES ('PARTNER_CONVERSATION', 'FROM_PARTNER', 'BUSINESS_PARTNER', 'fromPartner.id', 'fromPartner.id', 'F', 'N', 'N', '', '');
INSERT INTO TABLE_FIELD_FACE (TABLENAME, FIELDNAME, EDIT_STYLE, EDIT_JSTL_PATH, VIEW_JSTL_PATH, SEARCH_STYLE, LOOKUP_STYLE, TRANSLATED, MINVALUE, MAXVALUE) VALUES ('PARTNER_CONVERSATION', 'OBJECT_ID', 'I4', 'id.objectId', 'id.objectId', 'F', 'N', 'N', '', '');
INSERT INTO TABLE_FIELD_FACE (TABLENAME, FIELDNAME, EDIT_STYLE, EDIT_JSTL_PATH, VIEW_JSTL_PATH, SEARCH_STYLE, LOOKUP_STYLE, TRANSLATED, MINVALUE, MAXVALUE) VALUES ('PARTNER_CONVERSATION', 'OBJECT_TYPE', 'T', 'id.objectType', 'id.objectType', 'F', 'N', 'N', '', '');
INSERT INTO TABLE_FIELD_FACE (TABLENAME, FIELDNAME, EDIT_STYLE, EDIT_JSTL_PATH, VIEW_JSTL_PATH, SEARCH_STYLE, LOOKUP_STYLE, TRANSLATED, MINVALUE, MAXVALUE) VALUES ('PARTNER_CONVERSATION', 'SEQ', 'I2', 'id.seq', 'id.seq', 'F', 'N', 'N', '', '');
INSERT INTO TABLE_FIELD_FACE (TABLENAME, FIELDNAME, EDIT_STYLE, EDIT_JSTL_PATH, VIEW_JSTL_PATH, SEARCH_STYLE, LOOKUP_STYLE, TRANSLATED, MINVALUE, MAXVALUE) VALUES ('PARTNER_CONVERSATION', 'TO_PARTNER', 'BUSINESS_PARTNER', 'toPartner.id', 'toPartner.id', 'F', 'N', 'N', '', '');
INSERT INTO TABLE_FIELD_FACE (TABLENAME, FIELDNAME, EDIT_STYLE, EDIT_JSTL_PATH, VIEW_JSTL_PATH, SEARCH_STYLE, LOOKUP_STYLE, TRANSLATED, MINVALUE, MAXVALUE) VALUES ('PARTNER_CONVERSATION', 'USERNAME', 'R', 'username', 'username', 'F', 'N', 'N', '', '');


INSERT INTO TABLE_CONTROLLER_STATIC (TABLENAME, ROOTMAPPING, MODULE, CUSTOMER_SPECIFIC, ORGANIZATION_CHECK, CACHE_IN_HASH, SEARCH_VIEW, LIST_VIEW, EDIT_VIEW, SHOW_VIEW, SELECT_VIEW, ORDERBY, SEQUENCE_NAME) VALUES ('PARTNER_CREDIT', 'partnerCredit', 'business', 'N', 'N', 'N', '', '', '', '', '', '', '');
INSERT INTO TABLE_FIELD_FACE (TABLENAME, FIELDNAME, EDIT_STYLE, EDIT_JSTL_PATH, VIEW_JSTL_PATH, SEARCH_STYLE, LOOKUP_STYLE, TRANSLATED, MINVALUE, MAXVALUE) VALUES ('PARTNER_CREDIT', 'BALANCE', 'F', 'balance', 'balance', 'F', 'N', 'N', '', '');
INSERT INTO TABLE_FIELD_FACE (TABLENAME, FIELDNAME, EDIT_STYLE, EDIT_JSTL_PATH, VIEW_JSTL_PATH, SEARCH_STYLE, LOOKUP_STYLE, TRANSLATED, MINVALUE, MAXVALUE) VALUES ('PARTNER_CREDIT', 'BUSINESS_PARTNER_ID', 'H', 'id.businessPartnerId', 'id.businessPartnerId', 'F', 'N', 'N', '', '');
INSERT INTO TABLE_FIELD_FACE (TABLENAME, FIELDNAME, EDIT_STYLE, EDIT_JSTL_PATH, VIEW_JSTL_PATH, SEARCH_STYLE, LOOKUP_STYLE, TRANSLATED, MINVALUE, MAXVALUE) VALUES ('PARTNER_CREDIT', 'CREDIT_TYPE', 'T', 'creditType', 'creditType', 'F', 'N', 'N', '', '');


INSERT INTO TABLE_CONTROLLER_STATIC (TABLENAME, ROOTMAPPING, MODULE, CUSTOMER_SPECIFIC, ORGANIZATION_CHECK, CACHE_IN_HASH, SEARCH_VIEW, LIST_VIEW, EDIT_VIEW, SHOW_VIEW, SELECT_VIEW, ORDERBY, SEQUENCE_NAME) VALUES ('VENDOR', 'vendor', 'business', 'N', 'N', 'N', '', '', '', '', '', '', '');
INSERT INTO TABLE_FIELD_FACE (TABLENAME, FIELDNAME, EDIT_STYLE, EDIT_JSTL_PATH, VIEW_JSTL_PATH, SEARCH_STYLE, LOOKUP_STYLE, TRANSLATED, MINVALUE, MAXVALUE) VALUES ('VENDOR', 'APPROVED', 'R', 'approved', 'approved', 'F', 'N', 'N', '', '');
INSERT INTO TABLE_FIELD_FACE (TABLENAME, FIELDNAME, EDIT_STYLE, EDIT_JSTL_PATH, VIEW_JSTL_PATH, SEARCH_STYLE, LOOKUP_STYLE, TRANSLATED, MINVALUE, MAXVALUE) VALUES ('VENDOR', 'BEGDA', 'D', 'begda', 'begda', 'F', 'N', 'N', '', '');
INSERT INTO TABLE_FIELD_FACE (TABLENAME, FIELDNAME, EDIT_STYLE, EDIT_JSTL_PATH, VIEW_JSTL_PATH, SEARCH_STYLE, LOOKUP_STYLE, TRANSLATED, MINVALUE, MAXVALUE) VALUES ('VENDOR', 'BUSINESS_PARTNER_ID', 'BUSINESS_PARTNER', 'businessPartner.id', 'businessPartner.caption', 'F', 'N', 'N', '', '');

INSERT INTO TABLE_ACTION (TABLENAME, ACTION, CAPTION, METHOD, ENABLE, AUTHORITY_CHECK, RECORD_SPECIFIC) VALUES ('VENDOR', 'APPROVE', 'APPROVE', 'approve', 'Y', 'Y', 'Y');
INSERT INTO TABLE_ACTION (TABLENAME, ACTION, CAPTION, METHOD, ENABLE, AUTHORITY_CHECK, RECORD_SPECIFIC) VALUES ('VENDOR', 'EMPUSER', 'EMPUSER', 'empuser', 'Y', 'Y', 'Y');
INSERT INTO TABLE_ACTION (TABLENAME, ACTION, CAPTION, METHOD, ENABLE, AUTHORITY_CHECK, RECORD_SPECIFIC) VALUES ('VENDOR', 'PRODUCTION_COMMITMENTS', 'PRODUCTION_COMMITMENTS', 'productionCommitments', 'Y', 'Y', 'Y');
INSERT INTO TABLE_ACTION (TABLENAME, ACTION, CAPTION, METHOD, ENABLE, AUTHORITY_CHECK, RECORD_SPECIFIC) VALUES ('VENDOR', 'PROPOSALS', 'PROPOSALS', 'proposals', 'Y', 'Y', 'Y');
INSERT INTO TABLE_ACTION (TABLENAME, ACTION, CAPTION, METHOD, ENABLE, AUTHORITY_CHECK, RECORD_SPECIFIC) VALUES ('VENDOR', 'PURCHASE_ORDERS', 'PURCHASE_ORDERS', 'purchaseOrders', 'Y', 'Y', 'Y');

INSERT INTO TABLE_CONTROLLER_STATIC (TABLENAME, ROOTMAPPING, MODULE, CUSTOMER_SPECIFIC, ORGANIZATION_CHECK, CACHE_IN_HASH, SEARCH_VIEW, LIST_VIEW, EDIT_VIEW, SHOW_VIEW, SELECT_VIEW, ORDERBY, SEQUENCE_NAME) VALUES ('VENDOR_BUSINESS', 'vendorBusiness', 'business', 'N', 'N', 'N', '', '', '', '', '', '', '');
INSERT INTO TABLE_FIELD_FACE (TABLENAME, FIELDNAME, EDIT_STYLE, EDIT_JSTL_PATH, VIEW_JSTL_PATH, SEARCH_STYLE, LOOKUP_STYLE, TRANSLATED, MINVALUE, MAXVALUE) VALUES ('VENDOR_BUSINESS', 'BEGDA', 'D', 'begda', 'begda', 'F', 'N', 'N', '', '');
INSERT INTO TABLE_FIELD_FACE (TABLENAME, FIELDNAME, EDIT_STYLE, EDIT_JSTL_PATH, VIEW_JSTL_PATH, SEARCH_STYLE, LOOKUP_STYLE, TRANSLATED, MINVALUE, MAXVALUE) VALUES ('VENDOR_BUSINESS', 'BUSINESS_PARTNER_ID', 'H', 'id.businessPartnerId', 'id.businessPartnerId', 'F', 'N', 'N', '', '');
INSERT INTO TABLE_FIELD_FACE (TABLENAME, FIELDNAME, EDIT_STYLE, EDIT_JSTL_PATH, VIEW_JSTL_PATH, SEARCH_STYLE, LOOKUP_STYLE, TRANSLATED, MINVALUE, MAXVALUE) VALUES ('VENDOR_BUSINESS', 'NODE_ID', 'TREE_DATA-SALES_AREA', 'id.nodeId', 'id.nodeId', 'T', 'T', 'N', '', '');


INSERT INTO TABLE_CONTROLLER_STATIC (TABLENAME, ROOTMAPPING, MODULE, CUSTOMER_SPECIFIC, ORGANIZATION_CHECK, CACHE_IN_HASH, SEARCH_VIEW, LIST_VIEW, EDIT_VIEW, SHOW_VIEW, SELECT_VIEW, ORDERBY, SEQUENCE_NAME) VALUES ('ACCOUNT_BALANCE', 'accountBalance', 'finance', 'N', 'N', 'N', '', '', '', '', '', '', '');
INSERT INTO TABLE_FIELD_FACE (TABLENAME, FIELDNAME, EDIT_STYLE, EDIT_JSTL_PATH, VIEW_JSTL_PATH, SEARCH_STYLE, LOOKUP_STYLE, TRANSLATED, MINVALUE, MAXVALUE) VALUES ('ACCOUNT_BALANCE', 'ACCOUNT_SCHEMA_ID', 'H', 'id.accountSchemaId', 'id.accountSchemaId', 'F', 'N', 'N', '', '');
INSERT INTO TABLE_FIELD_FACE (TABLENAME, FIELDNAME, EDIT_STYLE, EDIT_JSTL_PATH, VIEW_JSTL_PATH, SEARCH_STYLE, LOOKUP_STYLE, TRANSLATED, MINVALUE, MAXVALUE) VALUES ('ACCOUNT_BALANCE', 'CREDIT', 'C', 'credit', 'credit', 'F', 'N', 'N', '', '');
INSERT INTO TABLE_FIELD_FACE (TABLENAME, FIELDNAME, EDIT_STYLE, EDIT_JSTL_PATH, VIEW_JSTL_PATH, SEARCH_STYLE, LOOKUP_STYLE, TRANSLATED, MINVALUE, MAXVALUE) VALUES ('ACCOUNT_BALANCE', 'CURRENCY', 'EXCHANGE', 'id.currency', 'id.currency', 'F', 'C', 'N', '', '');
INSERT INTO TABLE_FIELD_FACE (TABLENAME, FIELDNAME, EDIT_STYLE, EDIT_JSTL_PATH, VIEW_JSTL_PATH, SEARCH_STYLE, LOOKUP_STYLE, TRANSLATED, MINVALUE, MAXVALUE) VALUES ('ACCOUNT_BALANCE', 'DEBIT', 'C', 'debit', 'debit', 'F', 'N', 'N', '', '');
INSERT INTO TABLE_FIELD_FACE (TABLENAME, FIELDNAME, EDIT_STYLE, EDIT_JSTL_PATH, VIEW_JSTL_PATH, SEARCH_STYLE, LOOKUP_STYLE, TRANSLATED, MINVALUE, MAXVALUE) VALUES ('ACCOUNT_BALANCE', 'REF_DATE', 'D', 'id.refDate', 'id.refDate', 'F', 'N', 'N', '', '');
INSERT INTO TABLE_FIELD_FACE (TABLENAME, FIELDNAME, EDIT_STYLE, EDIT_JSTL_PATH, VIEW_JSTL_PATH, SEARCH_STYLE, LOOKUP_STYLE, TRANSLATED, MINVALUE, MAXVALUE) VALUES ('ACCOUNT_BALANCE', 'REF_DAY', 'I2', 'refDay', 'refDay', 'F', 'N', 'N', '', '');
INSERT INTO TABLE_FIELD_FACE (TABLENAME, FIELDNAME, EDIT_STYLE, EDIT_JSTL_PATH, VIEW_JSTL_PATH, SEARCH_STYLE, LOOKUP_STYLE, TRANSLATED, MINVALUE, MAXVALUE) VALUES ('ACCOUNT_BALANCE', 'REF_MONTH', 'I2', 'refMonth', 'refMonth', 'F', 'N', 'N', '', '');
INSERT INTO TABLE_FIELD_FACE (TABLENAME, FIELDNAME, EDIT_STYLE, EDIT_JSTL_PATH, VIEW_JSTL_PATH, SEARCH_STYLE, LOOKUP_STYLE, TRANSLATED, MINVALUE, MAXVALUE) VALUES ('ACCOUNT_BALANCE', 'REF_QUARTER', 'I2', 'refQuarter', 'refQuarter', 'F', 'N', 'N', '', '');
INSERT INTO TABLE_FIELD_FACE (TABLENAME, FIELDNAME, EDIT_STYLE, EDIT_JSTL_PATH, VIEW_JSTL_PATH, SEARCH_STYLE, LOOKUP_STYLE, TRANSLATED, MINVALUE, MAXVALUE) VALUES ('ACCOUNT_BALANCE', 'REF_WEEK', 'I2', 'refWeek', 'refWeek', 'F', 'N', 'N', '', '');
INSERT INTO TABLE_FIELD_FACE (TABLENAME, FIELDNAME, EDIT_STYLE, EDIT_JSTL_PATH, VIEW_JSTL_PATH, SEARCH_STYLE, LOOKUP_STYLE, TRANSLATED, MINVALUE, MAXVALUE) VALUES ('ACCOUNT_BALANCE', 'REF_YEAR', 'I2', 'refYear', 'refYear', 'F', 'N', 'N', '', '');


INSERT INTO TABLE_CONTROLLER_STATIC (TABLENAME, ROOTMAPPING, MODULE, CUSTOMER_SPECIFIC, ORGANIZATION_CHECK, CACHE_IN_HASH, SEARCH_VIEW, LIST_VIEW, EDIT_VIEW, SHOW_VIEW, SELECT_VIEW, ORDERBY, SEQUENCE_NAME) VALUES ('ACCOUNT_MASTER', 'accountMaster', 'finance', 'N', 'N', 'N', '', '', '', '', '', '', '');
INSERT INTO TABLE_FIELD_FACE (TABLENAME, FIELDNAME, EDIT_STYLE, EDIT_JSTL_PATH, VIEW_JSTL_PATH, SEARCH_STYLE, LOOKUP_STYLE, TRANSLATED, MINVALUE, MAXVALUE) VALUES ('ACCOUNT_MASTER', 'CAPTION', 'T', 'caption', 'caption', 'F', 'N', 'N', '', '');
INSERT INTO TABLE_FIELD_FACE (TABLENAME, FIELDNAME, EDIT_STYLE, EDIT_JSTL_PATH, VIEW_JSTL_PATH, SEARCH_STYLE, LOOKUP_STYLE, TRANSLATED, MINVALUE, MAXVALUE) VALUES ('ACCOUNT_MASTER', 'MASTER_ACCOUNT_CODE', 'T', 'id', 'id', 'F', 'N', 'N', '', '');


INSERT INTO TABLE_CONTROLLER_STATIC (TABLENAME, ROOTMAPPING, MODULE, CUSTOMER_SPECIFIC, ORGANIZATION_CHECK, CACHE_IN_HASH, SEARCH_VIEW, LIST_VIEW, EDIT_VIEW, SHOW_VIEW, SELECT_VIEW, ORDERBY, SEQUENCE_NAME) VALUES ('ACCOUNT_SCHEMA', 'accountSchema', 'finance', 'Y', 'N', 'N', '', '', '', '', '', '', 'ACCOUNT_SCHEMA_ID_SEQ');
INSERT INTO TABLE_FIELD_FACE (TABLENAME, FIELDNAME, EDIT_STYLE, EDIT_JSTL_PATH, VIEW_JSTL_PATH, SEARCH_STYLE, LOOKUP_STYLE, TRANSLATED, MINVALUE, MAXVALUE) VALUES ('ACCOUNT_SCHEMA', 'ACCOUNT_SCHEMA_ID', 'S', 'accountSchemaId', 'accountSchemaId', 'F', 'N', 'N', '', '');
INSERT INTO TABLE_FIELD_FACE (TABLENAME, FIELDNAME, EDIT_STYLE, EDIT_JSTL_PATH, VIEW_JSTL_PATH, SEARCH_STYLE, LOOKUP_STYLE, TRANSLATED, MINVALUE, MAXVALUE) VALUES ('ACCOUNT_SCHEMA', 'ACTIVE', 'YESNO', 'active', 'active', 'F', 'R', 'N', '', '');
INSERT INTO TABLE_FIELD_FACE (TABLENAME, FIELDNAME, EDIT_STYLE, EDIT_JSTL_PATH, VIEW_JSTL_PATH, SEARCH_STYLE, LOOKUP_STYLE, TRANSLATED, MINVALUE, MAXVALUE) VALUES ('ACCOUNT_SCHEMA', 'CAPTION', 'T', 'caption', 'caption', 'F', 'N', 'N', '', '');
INSERT INTO TABLE_FIELD_FACE (TABLENAME, FIELDNAME, EDIT_STYLE, EDIT_JSTL_PATH, VIEW_JSTL_PATH, SEARCH_STYLE, LOOKUP_STYLE, TRANSLATED, MINVALUE, MAXVALUE) VALUES ('ACCOUNT_SCHEMA', 'CODE', 'T', 'code', 'code', 'F', 'N', 'N', '', '');
INSERT INTO TABLE_FIELD_FACE (TABLENAME, FIELDNAME, EDIT_STYLE, EDIT_JSTL_PATH, VIEW_JSTL_PATH, SEARCH_STYLE, LOOKUP_STYLE, TRANSLATED, MINVALUE, MAXVALUE) VALUES ('ACCOUNT_SCHEMA', 'COST_CENTER', 'ORGANIZATION', 'organization.id', 'organization.caption', 'L', 'C', 'N', '', '');
INSERT INTO TABLE_FIELD_FACE (TABLENAME, FIELDNAME, EDIT_STYLE, EDIT_JSTL_PATH, VIEW_JSTL_PATH, SEARCH_STYLE, LOOKUP_STYLE, TRANSLATED, MINVALUE, MAXVALUE) VALUES ('ACCOUNT_SCHEMA', 'DEFAULT_OBJECT_TYPE', 'ACCOUNT_DOCUMENT_TYPE', 'defaultObjectType', 'defaultObjectType', 'F', 'R', 'N', '', '');
INSERT INTO TABLE_FIELD_FACE (TABLENAME, FIELDNAME, EDIT_STYLE, EDIT_JSTL_PATH, VIEW_JSTL_PATH, SEARCH_STYLE, LOOKUP_STYLE, TRANSLATED, MINVALUE, MAXVALUE) VALUES ('ACCOUNT_SCHEMA', 'MASTER_ACCOUNT_CODE', 'ACCOUNT_MASTER', 'masterAccount.id', 'masterAccountCode', 'F', 'C', 'N', '', '');
INSERT INTO TABLE_FIELD_FACE (TABLENAME, FIELDNAME, EDIT_STYLE, EDIT_JSTL_PATH, VIEW_JSTL_PATH, SEARCH_STYLE, LOOKUP_STYLE, TRANSLATED, MINVALUE, MAXVALUE) VALUES ('ACCOUNT_SCHEMA', 'OWNER_ID', 'H', 'ownerId', 'ownerId', 'F', 'N', 'N', '', '');


INSERT INTO TABLE_CONTROLLER_STATIC (TABLENAME, ROOTMAPPING, MODULE, CUSTOMER_SPECIFIC, ORGANIZATION_CHECK, CACHE_IN_HASH, SEARCH_VIEW, LIST_VIEW, EDIT_VIEW, SHOW_VIEW, SELECT_VIEW, ORDERBY, SEQUENCE_NAME) VALUES ('ACCOUNT_TRANSACTION', 'accountTransaction', 'finance', 'Y', 'N', 'N', '', '', '', '', '', '', 'ACCOUNT_TRANSACTION_ID_SEQ');
INSERT INTO TABLE_FIELD_FACE (TABLENAME, FIELDNAME, EDIT_STYLE, EDIT_JSTL_PATH, VIEW_JSTL_PATH, SEARCH_STYLE, LOOKUP_STYLE, TRANSLATED, MINVALUE, MAXVALUE) VALUES ('ACCOUNT_TRANSACTION', 'CURRENCY', 'EXCHANGE', 'currency', 'currency', 'F', 'N', 'N', '', '');
INSERT INTO TABLE_FIELD_FACE (TABLENAME, FIELDNAME, EDIT_STYLE, EDIT_JSTL_PATH, VIEW_JSTL_PATH, SEARCH_STYLE, LOOKUP_STYLE, TRANSLATED, MINVALUE, MAXVALUE) VALUES ('ACCOUNT_TRANSACTION', 'DESCRIPTION', 'T', 'description', 'description', 'F', 'N', 'N', '', '');
INSERT INTO TABLE_FIELD_FACE (TABLENAME, FIELDNAME, EDIT_STYLE, EDIT_JSTL_PATH, VIEW_JSTL_PATH, SEARCH_STYLE, LOOKUP_STYLE, TRANSLATED, MINVALUE, MAXVALUE) VALUES ('ACCOUNT_TRANSACTION', 'DOCUMENT_ID', 'I4', 'documentId', 'documentId', 'F', 'N', 'N', '', '');
INSERT INTO TABLE_FIELD_FACE (TABLENAME, FIELDNAME, EDIT_STYLE, EDIT_JSTL_PATH, VIEW_JSTL_PATH, SEARCH_STYLE, LOOKUP_STYLE, TRANSLATED, MINVALUE, MAXVALUE) VALUES ('ACCOUNT_TRANSACTION', 'DOCUMENT_TYPE', 'ACCOUNT_DOCUMENT_TYPE', 'documentType', 'documentType', 'F', 'N', 'N', '', '');
INSERT INTO TABLE_FIELD_FACE (TABLENAME, FIELDNAME, EDIT_STYLE, EDIT_JSTL_PATH, VIEW_JSTL_PATH, SEARCH_STYLE, LOOKUP_STYLE, TRANSLATED, MINVALUE, MAXVALUE) VALUES ('ACCOUNT_TRANSACTION', 'OWNER_ID', 'H', 'ownerId', 'ownerId', 'F', 'N', 'N', '', '');
INSERT INTO TABLE_FIELD_FACE (TABLENAME, FIELDNAME, EDIT_STYLE, EDIT_JSTL_PATH, VIEW_JSTL_PATH, SEARCH_STYLE, LOOKUP_STYLE, TRANSLATED, MINVALUE, MAXVALUE) VALUES ('ACCOUNT_TRANSACTION', 'REVERSE_TRANSACTION', 'I8', 'reverseTransaction', 'reverseTransaction', 'F', 'N', 'N', '', '');
INSERT INTO TABLE_FIELD_FACE (TABLENAME, FIELDNAME, EDIT_STYLE, EDIT_JSTL_PATH, VIEW_JSTL_PATH, SEARCH_STYLE, LOOKUP_STYLE, TRANSLATED, MINVALUE, MAXVALUE) VALUES ('ACCOUNT_TRANSACTION', 'TRANSACTION_ID', 'S', 'transactionId', 'transactionId', 'F', 'N', 'N', '', '');
INSERT INTO TABLE_FIELD_FACE (TABLENAME, FIELDNAME, EDIT_STYLE, EDIT_JSTL_PATH, VIEW_JSTL_PATH, SEARCH_STYLE, LOOKUP_STYLE, TRANSLATED, MINVALUE, MAXVALUE) VALUES ('ACCOUNT_TRANSACTION', 'TX_DAY', 'I2', 'txDay', 'txDay', 'F', 'N', 'N', '', '');
INSERT INTO TABLE_FIELD_FACE (TABLENAME, FIELDNAME, EDIT_STYLE, EDIT_JSTL_PATH, VIEW_JSTL_PATH, SEARCH_STYLE, LOOKUP_STYLE, TRANSLATED, MINVALUE, MAXVALUE) VALUES ('ACCOUNT_TRANSACTION', 'TX_MONTH', 'I2', 'txMonth', 'txMonth', 'F', 'N', 'N', '', '');
INSERT INTO TABLE_FIELD_FACE (TABLENAME, FIELDNAME, EDIT_STYLE, EDIT_JSTL_PATH, VIEW_JSTL_PATH, SEARCH_STYLE, LOOKUP_STYLE, TRANSLATED, MINVALUE, MAXVALUE) VALUES ('ACCOUNT_TRANSACTION', 'TX_QUARTER', 'I2', 'txQuarter', 'txQuarter', 'F', 'N', 'N', '', '');
INSERT INTO TABLE_FIELD_FACE (TABLENAME, FIELDNAME, EDIT_STYLE, EDIT_JSTL_PATH, VIEW_JSTL_PATH, SEARCH_STYLE, LOOKUP_STYLE, TRANSLATED, MINVALUE, MAXVALUE) VALUES ('ACCOUNT_TRANSACTION', 'TX_TIMESTAMP', 'D', 'txTimestamp', 'txTimestamp', 'F', 'N', 'N', '', '');
INSERT INTO TABLE_FIELD_FACE (TABLENAME, FIELDNAME, EDIT_STYLE, EDIT_JSTL_PATH, VIEW_JSTL_PATH, SEARCH_STYLE, LOOKUP_STYLE, TRANSLATED, MINVALUE, MAXVALUE) VALUES ('ACCOUNT_TRANSACTION', 'TX_WEEK', 'I2', 'txWeek', 'txWeek', 'F', 'N', 'N', '', '');
INSERT INTO TABLE_FIELD_FACE (TABLENAME, FIELDNAME, EDIT_STYLE, EDIT_JSTL_PATH, VIEW_JSTL_PATH, SEARCH_STYLE, LOOKUP_STYLE, TRANSLATED, MINVALUE, MAXVALUE) VALUES ('ACCOUNT_TRANSACTION', 'TX_YEAR', 'I2', 'txYear', 'txYear', 'F', 'N', 'N', '', '');


INSERT INTO TABLE_CONTROLLER_STATIC (TABLENAME, ROOTMAPPING, MODULE, CUSTOMER_SPECIFIC, ORGANIZATION_CHECK, CACHE_IN_HASH, SEARCH_VIEW, LIST_VIEW, EDIT_VIEW, SHOW_VIEW, SELECT_VIEW, ORDERBY, SEQUENCE_NAME) VALUES ('ACCOUNT_TRANSACTION_ITEM', 'accountTransactionItem', 'finance', 'N', 'N', 'N', '', '', '', '', '', '', '');
INSERT INTO TABLE_FIELD_FACE (TABLENAME, FIELDNAME, EDIT_STYLE, EDIT_JSTL_PATH, VIEW_JSTL_PATH, SEARCH_STYLE, LOOKUP_STYLE, TRANSLATED, MINVALUE, MAXVALUE) VALUES ('ACCOUNT_TRANSACTION_ITEM', 'ACCOUNT_SCHEMA_ID', 'ACCOUNT_SCHEMA', 'accountSchemaId', 'accountSchemaId', 'F', 'C', 'N', '', '');
INSERT INTO TABLE_FIELD_FACE (TABLENAME, FIELDNAME, EDIT_STYLE, EDIT_JSTL_PATH, VIEW_JSTL_PATH, SEARCH_STYLE, LOOKUP_STYLE, TRANSLATED, MINVALUE, MAXVALUE) VALUES ('ACCOUNT_TRANSACTION_ITEM', 'CREDIT', 'C', 'credit', 'credit', 'F', 'N', 'N', '', '');
INSERT INTO TABLE_FIELD_FACE (TABLENAME, FIELDNAME, EDIT_STYLE, EDIT_JSTL_PATH, VIEW_JSTL_PATH, SEARCH_STYLE, LOOKUP_STYLE, TRANSLATED, MINVALUE, MAXVALUE) VALUES ('ACCOUNT_TRANSACTION_ITEM', 'DEBIT', 'C', 'debit', 'debit', 'F', 'N', 'N', '', '');
INSERT INTO TABLE_FIELD_FACE (TABLENAME, FIELDNAME, EDIT_STYLE, EDIT_JSTL_PATH, VIEW_JSTL_PATH, SEARCH_STYLE, LOOKUP_STYLE, TRANSLATED, MINVALUE, MAXVALUE) VALUES ('ACCOUNT_TRANSACTION_ITEM', 'OBJECT_ID', 'I4', 'objectId', 'objectId', 'F', 'N', 'N', '', '');
INSERT INTO TABLE_FIELD_FACE (TABLENAME, FIELDNAME, EDIT_STYLE, EDIT_JSTL_PATH, VIEW_JSTL_PATH, SEARCH_STYLE, LOOKUP_STYLE, TRANSLATED, MINVALUE, MAXVALUE) VALUES ('ACCOUNT_TRANSACTION_ITEM', 'OBJECT_TYPE', 'T', 'objectType', 'objectType', 'F', 'N', 'N', '', '');
INSERT INTO TABLE_FIELD_FACE (TABLENAME, FIELDNAME, EDIT_STYLE, EDIT_JSTL_PATH, VIEW_JSTL_PATH, SEARCH_STYLE, LOOKUP_STYLE, TRANSLATED, MINVALUE, MAXVALUE) VALUES ('ACCOUNT_TRANSACTION_ITEM', 'TRANSACTION_ID', 'H', 'id.transactionId', 'id.transactionId', 'F', 'N', 'N', '', '');


INSERT INTO TABLE_CONTROLLER_STATIC (TABLENAME, ROOTMAPPING, MODULE, CUSTOMER_SPECIFIC, ORGANIZATION_CHECK, CACHE_IN_HASH, SEARCH_VIEW, LIST_VIEW, EDIT_VIEW, SHOW_VIEW, SELECT_VIEW, ORDERBY, SEQUENCE_NAME) VALUES ('ACCOUNT_TRANSACTION_TEMPLATE', 'accountTransactionTemplate', 'finance', 'Y', 'N', 'N', '', '', '', '', '', '', 'ACCOUNT_TX_TEMPLATE_ID_SEQ');
INSERT INTO TABLE_FIELD_FACE (TABLENAME, FIELDNAME, EDIT_STYLE, EDIT_JSTL_PATH, VIEW_JSTL_PATH, SEARCH_STYLE, LOOKUP_STYLE, TRANSLATED, MINVALUE, MAXVALUE) VALUES ('ACCOUNT_TRANSACTION_TEMPLATE', 'CAPTION', 'T', 'caption', 'caption', 'F', 'N', 'N', '', '');
INSERT INTO TABLE_FIELD_FACE (TABLENAME, FIELDNAME, EDIT_STYLE, EDIT_JSTL_PATH, VIEW_JSTL_PATH, SEARCH_STYLE, LOOKUP_STYLE, TRANSLATED, MINVALUE, MAXVALUE) VALUES ('ACCOUNT_TRANSACTION_TEMPLATE', 'DOCUMENT_TYPE', 'ACCOUNT_DOCUMENT_TYPE', 'documentType', 'documentType', 'F', 'C', 'N', '', '');
INSERT INTO TABLE_FIELD_FACE (TABLENAME, FIELDNAME, EDIT_STYLE, EDIT_JSTL_PATH, VIEW_JSTL_PATH, SEARCH_STYLE, LOOKUP_STYLE, TRANSLATED, MINVALUE, MAXVALUE) VALUES ('ACCOUNT_TRANSACTION_TEMPLATE', 'OWNER_ID', 'H', 'ownerId', 'ownerId', 'F', 'N', 'N', '', '');
INSERT INTO TABLE_FIELD_FACE (TABLENAME, FIELDNAME, EDIT_STYLE, EDIT_JSTL_PATH, VIEW_JSTL_PATH, SEARCH_STYLE, LOOKUP_STYLE, TRANSLATED, MINVALUE, MAXVALUE) VALUES ('ACCOUNT_TRANSACTION_TEMPLATE', 'TEMPLATE_ID', 'H', 'templateId', 'templateId', 'F', 'N', 'N', '', '');


INSERT INTO TABLE_CONTROLLER_STATIC (TABLENAME, ROOTMAPPING, MODULE, CUSTOMER_SPECIFIC, ORGANIZATION_CHECK, CACHE_IN_HASH, SEARCH_VIEW, LIST_VIEW, EDIT_VIEW, SHOW_VIEW, SELECT_VIEW, ORDERBY, SEQUENCE_NAME) VALUES ('ACCOUNT_TX_TEMPLATE_ITEM', 'accountTxTemplateItem', 'finance', 'N', 'N', 'N', '', '', '', '', '', '', '');
INSERT INTO TABLE_FIELD_FACE (TABLENAME, FIELDNAME, EDIT_STYLE, EDIT_JSTL_PATH, VIEW_JSTL_PATH, SEARCH_STYLE, LOOKUP_STYLE, TRANSLATED, MINVALUE, MAXVALUE) VALUES ('ACCOUNT_TX_TEMPLATE_ITEM', 'ACCOUNT_SCHEMA_ID', 'I4', 'accountSchemaId', 'accountSchemaId', 'F', 'N', 'N', '', '');
INSERT INTO TABLE_FIELD_FACE (TABLENAME, FIELDNAME, EDIT_STYLE, EDIT_JSTL_PATH, VIEW_JSTL_PATH, SEARCH_STYLE, LOOKUP_STYLE, TRANSLATED, MINVALUE, MAXVALUE) VALUES ('ACCOUNT_TX_TEMPLATE_ITEM', 'DEBIT_CREDIT', 'T', 'debitCredit', 'debitCredit', 'F', 'N', 'N', '', '');
INSERT INTO TABLE_FIELD_FACE (TABLENAME, FIELDNAME, EDIT_STYLE, EDIT_JSTL_PATH, VIEW_JSTL_PATH, SEARCH_STYLE, LOOKUP_STYLE, TRANSLATED, MINVALUE, MAXVALUE) VALUES ('ACCOUNT_TX_TEMPLATE_ITEM', 'OBJECT_TYPE', 'T', 'objectType', 'objectType', 'F', 'N', 'N', '', '');
INSERT INTO TABLE_FIELD_FACE (TABLENAME, FIELDNAME, EDIT_STYLE, EDIT_JSTL_PATH, VIEW_JSTL_PATH, SEARCH_STYLE, LOOKUP_STYLE, TRANSLATED, MINVALUE, MAXVALUE) VALUES ('ACCOUNT_TX_TEMPLATE_ITEM', 'TEMPLATE_ID', 'I4', 'templateId', 'templateId', 'F', 'N', 'N', '', '');


INSERT INTO TABLE_CONTROLLER_STATIC (TABLENAME, ROOTMAPPING, MODULE, CUSTOMER_SPECIFIC, ORGANIZATION_CHECK, CACHE_IN_HASH, SEARCH_VIEW, LIST_VIEW, EDIT_VIEW, SHOW_VIEW, SELECT_VIEW, ORDERBY, SEQUENCE_NAME) VALUES ('BANK', 'bank', 'finance', 'N', 'N', 'N', '', '', '', '', '', '', '');
INSERT INTO TABLE_FIELD_FACE (TABLENAME, FIELDNAME, EDIT_STYLE, EDIT_JSTL_PATH, VIEW_JSTL_PATH, SEARCH_STYLE, LOOKUP_STYLE, TRANSLATED, MINVALUE, MAXVALUE) VALUES ('BANK', 'BANK_ID', 'T', 'bankId', 'bankId', 'F', 'N', 'N', '', '');
INSERT INTO TABLE_FIELD_FACE (TABLENAME, FIELDNAME, EDIT_STYLE, EDIT_JSTL_PATH, VIEW_JSTL_PATH, SEARCH_STYLE, LOOKUP_STYLE, TRANSLATED, MINVALUE, MAXVALUE) VALUES ('BANK', 'CAPTION', 'T', 'caption', 'caption', 'F', 'N', 'N', '', '');
INSERT INTO TABLE_FIELD_FACE (TABLENAME, FIELDNAME, EDIT_STYLE, EDIT_JSTL_PATH, VIEW_JSTL_PATH, SEARCH_STYLE, LOOKUP_STYLE, TRANSLATED, MINVALUE, MAXVALUE) VALUES ('BANK', 'COUNTRY', 'T', 'country', 'country', 'F', 'N', 'N', '', '');
INSERT INTO TABLE_FIELD_FACE (TABLENAME, FIELDNAME, EDIT_STYLE, EDIT_JSTL_PATH, VIEW_JSTL_PATH, SEARCH_STYLE, LOOKUP_STYLE, TRANSLATED, MINVALUE, MAXVALUE) VALUES ('BANK', 'ROUTING', 'T', 'routing', 'routing', 'F', 'N', 'N', '', '');


INSERT INTO TABLE_CONTROLLER_STATIC (TABLENAME, ROOTMAPPING, MODULE, CUSTOMER_SPECIFIC, ORGANIZATION_CHECK, CACHE_IN_HASH, SEARCH_VIEW, LIST_VIEW, EDIT_VIEW, SHOW_VIEW, SELECT_VIEW, ORDERBY, SEQUENCE_NAME) VALUES ('BANK_ACCOUNT', 'bankAccount', 'finance', 'Y', 'N', 'N', '', '', '', '', '', '', '');
INSERT INTO TABLE_FIELD_FACE (TABLENAME, FIELDNAME, EDIT_STYLE, EDIT_JSTL_PATH, VIEW_JSTL_PATH, SEARCH_STYLE, LOOKUP_STYLE, TRANSLATED, MINVALUE, MAXVALUE) VALUES ('BANK_ACCOUNT', 'ACCOUNT_NO', 'T', 'accountNo', 'accountNo', 'F', 'N', 'N', '', '');
INSERT INTO TABLE_FIELD_FACE (TABLENAME, FIELDNAME, EDIT_STYLE, EDIT_JSTL_PATH, VIEW_JSTL_PATH, SEARCH_STYLE, LOOKUP_STYLE, TRANSLATED, MINVALUE, MAXVALUE) VALUES ('BANK_ACCOUNT', 'ACCOUNT_TYPE', 'T', 'accountType', 'accountType', 'F', 'N', 'N', '', '');
INSERT INTO TABLE_FIELD_FACE (TABLENAME, FIELDNAME, EDIT_STYLE, EDIT_JSTL_PATH, VIEW_JSTL_PATH, SEARCH_STYLE, LOOKUP_STYLE, TRANSLATED, MINVALUE, MAXVALUE) VALUES ('BANK_ACCOUNT', 'BALANCE', 'F', 'balance', 'balance', 'F', 'N', 'N', '', '');
INSERT INTO TABLE_FIELD_FACE (TABLENAME, FIELDNAME, EDIT_STYLE, EDIT_JSTL_PATH, VIEW_JSTL_PATH, SEARCH_STYLE, LOOKUP_STYLE, TRANSLATED, MINVALUE, MAXVALUE) VALUES ('BANK_ACCOUNT', 'CREDIT_LIMIT', 'F', 'creditLimit', 'creditLimit', 'F', 'N', 'N', '', '');
INSERT INTO TABLE_FIELD_FACE (TABLENAME, FIELDNAME, EDIT_STYLE, EDIT_JSTL_PATH, VIEW_JSTL_PATH, SEARCH_STYLE, LOOKUP_STYLE, TRANSLATED, MINVALUE, MAXVALUE) VALUES ('BANK_ACCOUNT', 'CURRENCY', 'T', 'currency', 'currency', 'F', 'N', 'N', '', '');
INSERT INTO TABLE_FIELD_FACE (TABLENAME, FIELDNAME, EDIT_STYLE, EDIT_JSTL_PATH, VIEW_JSTL_PATH, SEARCH_STYLE, LOOKUP_STYLE, TRANSLATED, MINVALUE, MAXVALUE) VALUES ('BANK_ACCOUNT', 'IBAN', 'T', 'iban', 'iban', 'F', 'N', 'N', '', '');
INSERT INTO TABLE_FIELD_FACE (TABLENAME, FIELDNAME, EDIT_STYLE, EDIT_JSTL_PATH, VIEW_JSTL_PATH, SEARCH_STYLE, LOOKUP_STYLE, TRANSLATED, MINVALUE, MAXVALUE) VALUES ('BANK_ACCOUNT', 'OWNER_ID', 'I4', 'ownerId', 'ownerId', 'F', 'N', 'N', '', '');
INSERT INTO TABLE_FIELD_FACE (TABLENAME, FIELDNAME, EDIT_STYLE, EDIT_JSTL_PATH, VIEW_JSTL_PATH, SEARCH_STYLE, LOOKUP_STYLE, TRANSLATED, MINVALUE, MAXVALUE) VALUES ('BANK_ACCOUNT', 'SWIFT', 'T', 'swift', 'swift', 'F', 'N', 'N', '', '');


INSERT INTO TABLE_CONTROLLER_STATIC (TABLENAME, ROOTMAPPING, MODULE, CUSTOMER_SPECIFIC, ORGANIZATION_CHECK, CACHE_IN_HASH, SEARCH_VIEW, LIST_VIEW, EDIT_VIEW, SHOW_VIEW, SELECT_VIEW, ORDERBY, SEQUENCE_NAME) VALUES ('BANK_BRANCH', 'bankBranch', 'finance', 'N', 'N', 'N', '', '', '', '', '', '', '');
INSERT INTO TABLE_FIELD_FACE (TABLENAME, FIELDNAME, EDIT_STYLE, EDIT_JSTL_PATH, VIEW_JSTL_PATH, SEARCH_STYLE, LOOKUP_STYLE, TRANSLATED, MINVALUE, MAXVALUE) VALUES ('BANK_BRANCH', 'ADDRESS', 'T', 'address', 'address', 'F', 'N', 'N', '', '');
INSERT INTO TABLE_FIELD_FACE (TABLENAME, FIELDNAME, EDIT_STYLE, EDIT_JSTL_PATH, VIEW_JSTL_PATH, SEARCH_STYLE, LOOKUP_STYLE, TRANSLATED, MINVALUE, MAXVALUE) VALUES ('BANK_BRANCH', 'ALTITUDE', 'F', 'altitude', 'altitude', 'F', 'N', 'N', '', '');
INSERT INTO TABLE_FIELD_FACE (TABLENAME, FIELDNAME, EDIT_STYLE, EDIT_JSTL_PATH, VIEW_JSTL_PATH, SEARCH_STYLE, LOOKUP_STYLE, TRANSLATED, MINVALUE, MAXVALUE) VALUES ('BANK_BRANCH', 'BANK_ID', 'T', 'bankId', 'bankId', 'F', 'N', 'N', '', '');
INSERT INTO TABLE_FIELD_FACE (TABLENAME, FIELDNAME, EDIT_STYLE, EDIT_JSTL_PATH, VIEW_JSTL_PATH, SEARCH_STYLE, LOOKUP_STYLE, TRANSLATED, MINVALUE, MAXVALUE) VALUES ('BANK_BRANCH', 'BRANCH_CODE', 'I2', 'branchCode', 'branchCode', 'F', 'N', 'N', '', '');
INSERT INTO TABLE_FIELD_FACE (TABLENAME, FIELDNAME, EDIT_STYLE, EDIT_JSTL_PATH, VIEW_JSTL_PATH, SEARCH_STYLE, LOOKUP_STYLE, TRANSLATED, MINVALUE, MAXVALUE) VALUES ('BANK_BRANCH', 'CITY', 'T', 'city', 'city', 'F', 'N', 'N', '', '');
INSERT INTO TABLE_FIELD_FACE (TABLENAME, FIELDNAME, EDIT_STYLE, EDIT_JSTL_PATH, VIEW_JSTL_PATH, SEARCH_STYLE, LOOKUP_STYLE, TRANSLATED, MINVALUE, MAXVALUE) VALUES ('BANK_BRANCH', 'LATITUDE', 'F', 'latitude', 'latitude', 'F', 'N', 'N', '', '');
INSERT INTO TABLE_FIELD_FACE (TABLENAME, FIELDNAME, EDIT_STYLE, EDIT_JSTL_PATH, VIEW_JSTL_PATH, SEARCH_STYLE, LOOKUP_STYLE, TRANSLATED, MINVALUE, MAXVALUE) VALUES ('BANK_BRANCH', 'LONGITUDE', 'F', 'longitude', 'longitude', 'F', 'N', 'N', '', '');
INSERT INTO TABLE_FIELD_FACE (TABLENAME, FIELDNAME, EDIT_STYLE, EDIT_JSTL_PATH, VIEW_JSTL_PATH, SEARCH_STYLE, LOOKUP_STYLE, TRANSLATED, MINVALUE, MAXVALUE) VALUES ('BANK_BRANCH', 'STATE', 'T', 'state', 'state', 'F', 'N', 'N', '', '');
INSERT INTO TABLE_FIELD_FACE (TABLENAME, FIELDNAME, EDIT_STYLE, EDIT_JSTL_PATH, VIEW_JSTL_PATH, SEARCH_STYLE, LOOKUP_STYLE, TRANSLATED, MINVALUE, MAXVALUE) VALUES ('BANK_BRANCH', 'SWIFT', 'T', 'swift', 'swift', 'F', 'N', 'N', '', '');


INSERT INTO TABLE_CONTROLLER_STATIC (TABLENAME, ROOTMAPPING, MODULE, CUSTOMER_SPECIFIC, ORGANIZATION_CHECK, CACHE_IN_HASH, SEARCH_VIEW, LIST_VIEW, EDIT_VIEW, SHOW_VIEW, SELECT_VIEW, ORDERBY, SEQUENCE_NAME) VALUES ('EXCHANGE_RATE', 'exchangeRate', 'finance', 'N', 'N', 'N', '', '', '', '', '', '', '');
INSERT INTO TABLE_FIELD_FACE (TABLENAME, FIELDNAME, EDIT_STYLE, EDIT_JSTL_PATH, VIEW_JSTL_PATH, SEARCH_STYLE, LOOKUP_STYLE, TRANSLATED, MINVALUE, MAXVALUE) VALUES ('EXCHANGE_RATE', 'CDATE', 'D', 'id.cdate', 'id.cdate', 'F', 'N', 'N', '', '');
INSERT INTO TABLE_FIELD_FACE (TABLENAME, FIELDNAME, EDIT_STYLE, EDIT_JSTL_PATH, VIEW_JSTL_PATH, SEARCH_STYLE, LOOKUP_STYLE, TRANSLATED, MINVALUE, MAXVALUE) VALUES ('EXCHANGE_RATE', 'CURR1', 'EXCHANGE', 'id.curr1', 'id.curr1', 'F', 'N', 'N', '', '');
INSERT INTO TABLE_FIELD_FACE (TABLENAME, FIELDNAME, EDIT_STYLE, EDIT_JSTL_PATH, VIEW_JSTL_PATH, SEARCH_STYLE, LOOKUP_STYLE, TRANSLATED, MINVALUE, MAXVALUE) VALUES ('EXCHANGE_RATE', 'CURR2', 'EXCHANGE', 'id.curr2', 'id.curr2', 'F', 'N', 'N', '', '');
INSERT INTO TABLE_FIELD_FACE (TABLENAME, FIELDNAME, EDIT_STYLE, EDIT_JSTL_PATH, VIEW_JSTL_PATH, SEARCH_STYLE, LOOKUP_STYLE, TRANSLATED, MINVALUE, MAXVALUE) VALUES ('EXCHANGE_RATE', 'RATE', 'F', 'rate', 'rate', 'F', 'N', 'N', '', '');


INSERT INTO TABLE_CONTROLLER_STATIC (TABLENAME, ROOTMAPPING, MODULE, CUSTOMER_SPECIFIC, ORGANIZATION_CHECK, CACHE_IN_HASH, SEARCH_VIEW, LIST_VIEW, EDIT_VIEW, SHOW_VIEW, SELECT_VIEW, ORDERBY, SEQUENCE_NAME) VALUES ('TAX_TYPE', 'taxType', 'finance', 'N', 'N', 'N', '', '', '', '', '', '', '');
INSERT INTO TABLE_FIELD_FACE (TABLENAME, FIELDNAME, EDIT_STYLE, EDIT_JSTL_PATH, VIEW_JSTL_PATH, SEARCH_STYLE, LOOKUP_STYLE, TRANSLATED, MINVALUE, MAXVALUE) VALUES ('TAX_TYPE', 'CAPTION', 'T', 'caption', 'caption', 'F', 'N', 'N', '', '');
INSERT INTO TABLE_FIELD_FACE (TABLENAME, FIELDNAME, EDIT_STYLE, EDIT_JSTL_PATH, VIEW_JSTL_PATH, SEARCH_STYLE, LOOKUP_STYLE, TRANSLATED, MINVALUE, MAXVALUE) VALUES ('TAX_TYPE', 'COUNTRY', 'COUNTRY', 'country', 'country', 'L', 'C', 'N', '', '');
INSERT INTO TABLE_FIELD_FACE (TABLENAME, FIELDNAME, EDIT_STYLE, EDIT_JSTL_PATH, VIEW_JSTL_PATH, SEARCH_STYLE, LOOKUP_STYLE, TRANSLATED, MINVALUE, MAXVALUE) VALUES ('TAX_TYPE', 'RATE', 'F', 'rate', 'rate', 'F', 'N', 'N', '', '');
INSERT INTO TABLE_FIELD_FACE (TABLENAME, FIELDNAME, EDIT_STYLE, EDIT_JSTL_PATH, VIEW_JSTL_PATH, SEARCH_STYLE, LOOKUP_STYLE, TRANSLATED, MINVALUE, MAXVALUE) VALUES ('TAX_TYPE', 'TAX_ID', 'T', 'id', 'id', 'F', 'N', 'N', '', '');


INSERT INTO TABLE_CONTROLLER_STATIC (TABLENAME, ROOTMAPPING, MODULE, CUSTOMER_SPECIFIC, ORGANIZATION_CHECK, CACHE_IN_HASH, SEARCH_VIEW, LIST_VIEW, EDIT_VIEW, SHOW_VIEW, SELECT_VIEW, ORDERBY, SEQUENCE_NAME) VALUES ('SERVICE_LEVEL_AGREEMENT', 'serviceLevelAgreement', 'helpdesk', 'N', 'N', 'N', '', '', '', '', '', '', '');
INSERT INTO TABLE_FIELD_FACE (TABLENAME, FIELDNAME, EDIT_STYLE, EDIT_JSTL_PATH, VIEW_JSTL_PATH, SEARCH_STYLE, LOOKUP_STYLE, TRANSLATED, MINVALUE, MAXVALUE) VALUES ('SERVICE_LEVEL_AGREEMENT', 'BEGDA', 'D', 'id.begda', 'id.begda', 'F', 'N', 'N', '', '');
INSERT INTO TABLE_FIELD_FACE (TABLENAME, FIELDNAME, EDIT_STYLE, EDIT_JSTL_PATH, VIEW_JSTL_PATH, SEARCH_STYLE, LOOKUP_STYLE, TRANSLATED, MINVALUE, MAXVALUE) VALUES ('SERVICE_LEVEL_AGREEMENT', 'BUSINESS_PARTNER_ID', 'BUSINESS_PARTNER', 'businessPartner.id', 'businessPartner.caption', 'F', 'N', 'N', '', '');
INSERT INTO TABLE_FIELD_FACE (TABLENAME, FIELDNAME, EDIT_STYLE, EDIT_JSTL_PATH, VIEW_JSTL_PATH, SEARCH_STYLE, LOOKUP_STYLE, TRANSLATED, MINVALUE, MAXVALUE) VALUES ('SERVICE_LEVEL_AGREEMENT', 'BUSINESS_SERVICE_ID', 'R', 'businessService.id', 'businessService.caption', 'F', 'N', 'N', '', '');
INSERT INTO TABLE_FIELD_FACE (TABLENAME, FIELDNAME, EDIT_STYLE, EDIT_JSTL_PATH, VIEW_JSTL_PATH, SEARCH_STYLE, LOOKUP_STYLE, TRANSLATED, MINVALUE, MAXVALUE) VALUES ('SERVICE_LEVEL_AGREEMENT', 'ENDDA', 'D', 'endda', 'endda', 'F', 'N', 'N', '', '');
INSERT INTO TABLE_FIELD_FACE (TABLENAME, FIELDNAME, EDIT_STYLE, EDIT_JSTL_PATH, VIEW_JSTL_PATH, SEARCH_STYLE, LOOKUP_STYLE, TRANSLATED, MINVALUE, MAXVALUE) VALUES ('SERVICE_LEVEL_AGREEMENT', 'EXPERT_RESPONSE', 'I4', 'expertResponse', 'expertResponse', 'F', 'N', 'N', '', '');
INSERT INTO TABLE_FIELD_FACE (TABLENAME, FIELDNAME, EDIT_STYLE, EDIT_JSTL_PATH, VIEW_JSTL_PATH, SEARCH_STYLE, LOOKUP_STYLE, TRANSLATED, MINVALUE, MAXVALUE) VALUES ('SERVICE_LEVEL_AGREEMENT', 'INITIAL_RESPONSE', 'I4', 'initialResponse', 'initialResponse', 'F', 'N', 'N', '', '');
INSERT INTO TABLE_FIELD_FACE (TABLENAME, FIELDNAME, EDIT_STYLE, EDIT_JSTL_PATH, VIEW_JSTL_PATH, SEARCH_STYLE, LOOKUP_STYLE, TRANSLATED, MINVALUE, MAXVALUE) VALUES ('SERVICE_LEVEL_AGREEMENT', 'OWNER_ID', 'H', 'id.ownerId', 'id.ownerId', 'F', 'N', 'N', '', '');
INSERT INTO TABLE_FIELD_FACE (TABLENAME, FIELDNAME, EDIT_STYLE, EDIT_JSTL_PATH, VIEW_JSTL_PATH, SEARCH_STYLE, LOOKUP_STYLE, TRANSLATED, MINVALUE, MAXVALUE) VALUES ('SERVICE_LEVEL_AGREEMENT', 'SERVICE_DAYS', 'SERVICE_DAYS', 'serviceDays', 'serviceDays', 'F', 'N', 'N', '', '');
INSERT INTO TABLE_FIELD_FACE (TABLENAME, FIELDNAME, EDIT_STYLE, EDIT_JSTL_PATH, VIEW_JSTL_PATH, SEARCH_STYLE, LOOKUP_STYLE, TRANSLATED, MINVALUE, MAXVALUE) VALUES ('SERVICE_LEVEL_AGREEMENT', 'SERVICE_HOURS', 'SERVICE_HOURS', 'serviceHours', 'serviceHours', 'F', 'N', 'N', '', '');


INSERT INTO TABLE_CONTROLLER_STATIC (TABLENAME, ROOTMAPPING, MODULE, CUSTOMER_SPECIFIC, ORGANIZATION_CHECK, CACHE_IN_HASH, SEARCH_VIEW, LIST_VIEW, EDIT_VIEW, SHOW_VIEW, SELECT_VIEW, ORDERBY, SEQUENCE_NAME) VALUES ('SUPPORT_AGENT', 'supportAgent', 'helpdesk', 'Y', 'N', 'N', '', '', '', '', '', '', '');
INSERT INTO TABLE_FIELD_FACE (TABLENAME, FIELDNAME, EDIT_STYLE, EDIT_JSTL_PATH, VIEW_JSTL_PATH, SEARCH_STYLE, LOOKUP_STYLE, TRANSLATED, MINVALUE, MAXVALUE) VALUES ('SUPPORT_AGENT', 'BEGDA', 'R', 'id.begda', 'id.begda', 'F', 'N', 'N', '', '');
INSERT INTO TABLE_FIELD_FACE (TABLENAME, FIELDNAME, EDIT_STYLE, EDIT_JSTL_PATH, VIEW_JSTL_PATH, SEARCH_STYLE, LOOKUP_STYLE, TRANSLATED, MINVALUE, MAXVALUE) VALUES ('SUPPORT_AGENT', 'ENDDA', 'D', 'endda', 'endda', 'F', 'N', 'N', '', '');
INSERT INTO TABLE_FIELD_FACE (TABLENAME, FIELDNAME, EDIT_STYLE, EDIT_JSTL_PATH, VIEW_JSTL_PATH, SEARCH_STYLE, LOOKUP_STYLE, TRANSLATED, MINVALUE, MAXVALUE) VALUES ('SUPPORT_AGENT', 'SERVICE_DAYS', 'SERVICE_DAYS', 'serviceDays', 'serviceDays', 'F', 'N', 'N', '', '');
INSERT INTO TABLE_FIELD_FACE (TABLENAME, FIELDNAME, EDIT_STYLE, EDIT_JSTL_PATH, VIEW_JSTL_PATH, SEARCH_STYLE, LOOKUP_STYLE, TRANSLATED, MINVALUE, MAXVALUE) VALUES ('SUPPORT_AGENT', 'SERVICE_HOURS', 'SERVICE_HOURS', 'serviceHours', 'serviceHours', 'F', 'N', 'N', '', '');
INSERT INTO TABLE_FIELD_FACE (TABLENAME, FIELDNAME, EDIT_STYLE, EDIT_JSTL_PATH, VIEW_JSTL_PATH, SEARCH_STYLE, LOOKUP_STYLE, TRANSLATED, MINVALUE, MAXVALUE) VALUES ('SUPPORT_AGENT', 'SUPPORT_GROUP_ID', 'H', 'id.supportGroupId', 'id.supportGroupId', 'F', 'N', 'N', '', '');
INSERT INTO TABLE_FIELD_FACE (TABLENAME, FIELDNAME, EDIT_STYLE, EDIT_JSTL_PATH, VIEW_JSTL_PATH, SEARCH_STYLE, LOOKUP_STYLE, TRANSLATED, MINVALUE, MAXVALUE) VALUES ('SUPPORT_AGENT', 'USERNAME', 'USER_ACCOUNT', 'id.username', 'id.username', 'F', 'N', 'N', '', '');
INSERT INTO TABLE_FIELD_FACE (TABLENAME, FIELDNAME, EDIT_STYLE, EDIT_JSTL_PATH, VIEW_JSTL_PATH, SEARCH_STYLE, LOOKUP_STYLE, TRANSLATED, MINVALUE, MAXVALUE) VALUES ('SUPPORT_AGENT', 'WORK_SHIFT', 'WORK_SHIFT', 'workShift', 'workShift', 'F', 'N', 'N', '', '');


INSERT INTO TABLE_CONTROLLER_STATIC (TABLENAME, ROOTMAPPING, MODULE, CUSTOMER_SPECIFIC, ORGANIZATION_CHECK, CACHE_IN_HASH, SEARCH_VIEW, LIST_VIEW, EDIT_VIEW, SHOW_VIEW, SELECT_VIEW, ORDERBY, SEQUENCE_NAME) VALUES ('SUPPORT_AREA', 'supportArea', 'helpdesk', 'Y', 'N', 'N', '', '', '', '', '', '', 'SUPPORT_AREA_ID_SEQ');
INSERT INTO TABLE_FIELD_FACE (TABLENAME, FIELDNAME, EDIT_STYLE, EDIT_JSTL_PATH, VIEW_JSTL_PATH, SEARCH_STYLE, LOOKUP_STYLE, TRANSLATED, MINVALUE, MAXVALUE) VALUES ('SUPPORT_AREA', 'BUSINESS_SERVICE_ID', 'BUSINESS_SERVICE', 'businessService.id', 'businessService.caption', 'F', 'N', 'N', '', '');
INSERT INTO TABLE_FIELD_FACE (TABLENAME, FIELDNAME, EDIT_STYLE, EDIT_JSTL_PATH, VIEW_JSTL_PATH, SEARCH_STYLE, LOOKUP_STYLE, TRANSLATED, MINVALUE, MAXVALUE) VALUES ('SUPPORT_AREA', 'CAPTION', 'T', 'caption', 'caption', 'F', 'N', 'N', '', '');
INSERT INTO TABLE_FIELD_FACE (TABLENAME, FIELDNAME, EDIT_STYLE, EDIT_JSTL_PATH, VIEW_JSTL_PATH, SEARCH_STYLE, LOOKUP_STYLE, TRANSLATED, MINVALUE, MAXVALUE) VALUES ('SUPPORT_AREA', 'OWNER_ID', 'H', 'ownerId', 'ownerId', 'F', 'N', 'N', '', '');
INSERT INTO TABLE_FIELD_FACE (TABLENAME, FIELDNAME, EDIT_STYLE, EDIT_JSTL_PATH, VIEW_JSTL_PATH, SEARCH_STYLE, LOOKUP_STYLE, TRANSLATED, MINVALUE, MAXVALUE) VALUES ('SUPPORT_AREA', 'SUPPORT_AREA_ID', 'S', 'id', 'id', 'F', 'N', 'N', '', '');


INSERT INTO TABLE_CONTROLLER_STATIC (TABLENAME, ROOTMAPPING, MODULE, CUSTOMER_SPECIFIC, ORGANIZATION_CHECK, CACHE_IN_HASH, SEARCH_VIEW, LIST_VIEW, EDIT_VIEW, SHOW_VIEW, SELECT_VIEW, ORDERBY, SEQUENCE_NAME) VALUES ('SUPPORT_GROUP', 'supportGroup', 'helpdesk', 'Y', 'N', 'N', '', '', '', '', '', '', 'SUPPORT_GROUP_ID_SEQ');
INSERT INTO TABLE_FIELD_FACE (TABLENAME, FIELDNAME, EDIT_STYLE, EDIT_JSTL_PATH, VIEW_JSTL_PATH, SEARCH_STYLE, LOOKUP_STYLE, TRANSLATED, MINVALUE, MAXVALUE) VALUES ('SUPPORT_GROUP', 'CAPTION', 'T', 'caption', 'caption', 'F', 'N', 'N', '', '');
INSERT INTO TABLE_FIELD_FACE (TABLENAME, FIELDNAME, EDIT_STYLE, EDIT_JSTL_PATH, VIEW_JSTL_PATH, SEARCH_STYLE, LOOKUP_STYLE, TRANSLATED, MINVALUE, MAXVALUE) VALUES ('SUPPORT_GROUP', 'OWNER_ID', 'H', 'ownerId', 'ownerId', 'F', 'N', 'N', '', '');
INSERT INTO TABLE_FIELD_FACE (TABLENAME, FIELDNAME, EDIT_STYLE, EDIT_JSTL_PATH, VIEW_JSTL_PATH, SEARCH_STYLE, LOOKUP_STYLE, TRANSLATED, MINVALUE, MAXVALUE) VALUES ('SUPPORT_GROUP', 'SUPPORT_GROUP_ID', 'S', 'id', 'id', 'F', 'N', 'N', '', '');


INSERT INTO TABLE_CONTROLLER_STATIC (TABLENAME, ROOTMAPPING, MODULE, CUSTOMER_SPECIFIC, ORGANIZATION_CHECK, CACHE_IN_HASH, SEARCH_VIEW, LIST_VIEW, EDIT_VIEW, SHOW_VIEW, SELECT_VIEW, ORDERBY, SEQUENCE_NAME) VALUES ('SUPPORT_TICKET', 'supportTicket', 'helpdesk', 'Y', 'N', 'N', '', '', '', '', '', '', 'SUPPORT_TICKET_ID_SEQ');
INSERT INTO TABLE_FIELD_FACE (TABLENAME, FIELDNAME, EDIT_STYLE, EDIT_JSTL_PATH, VIEW_JSTL_PATH, SEARCH_STYLE, LOOKUP_STYLE, TRANSLATED, MINVALUE, MAXVALUE) VALUES ('SUPPORT_TICKET', 'ASSET_NAME', 'T', 'assetName', 'assetName', 'F', 'N', 'N', '', '');
INSERT INTO TABLE_FIELD_FACE (TABLENAME, FIELDNAME, EDIT_STYLE, EDIT_JSTL_PATH, VIEW_JSTL_PATH, SEARCH_STYLE, LOOKUP_STYLE, TRANSLATED, MINVALUE, MAXVALUE) VALUES ('SUPPORT_TICKET', 'CAPTION', 'T', 'caption', 'caption', 'F', 'N', 'N', '', '');
INSERT INTO TABLE_FIELD_FACE (TABLENAME, FIELDNAME, EDIT_STYLE, EDIT_JSTL_PATH, VIEW_JSTL_PATH, SEARCH_STYLE, LOOKUP_STYLE, TRANSLATED, MINVALUE, MAXVALUE) VALUES ('SUPPORT_TICKET', 'ISSUE_DATE', 'R', 'issueDate', 'issueDate', 'F', 'N', 'N', '', '');
INSERT INTO TABLE_FIELD_FACE (TABLENAME, FIELDNAME, EDIT_STYLE, EDIT_JSTL_PATH, VIEW_JSTL_PATH, SEARCH_STYLE, LOOKUP_STYLE, TRANSLATED, MINVALUE, MAXVALUE) VALUES ('SUPPORT_TICKET', 'PRIORITY', 'TICKET_PRIORITY', 'priority', 'priority', 'F', 'N', 'N', '', '');
INSERT INTO TABLE_FIELD_FACE (TABLENAME, FIELDNAME, EDIT_STYLE, EDIT_JSTL_PATH, VIEW_JSTL_PATH, SEARCH_STYLE, LOOKUP_STYLE, TRANSLATED, MINVALUE, MAXVALUE) VALUES ('SUPPORT_TICKET', 'STATUS', 'TICKET_STATUS', 'status', 'status', 'F', 'N', 'N', '', '');
INSERT INTO TABLE_FIELD_FACE (TABLENAME, FIELDNAME, EDIT_STYLE, EDIT_JSTL_PATH, VIEW_JSTL_PATH, SEARCH_STYLE, LOOKUP_STYLE, TRANSLATED, MINVALUE, MAXVALUE) VALUES ('SUPPORT_TICKET', 'SUPPORT_AREA_ID', 'SUPPORT_AREA', 'supportArea.id', 'supportArea.caption', 'F', 'N', 'N', '', '');
INSERT INTO TABLE_FIELD_FACE (TABLENAME, FIELDNAME, EDIT_STYLE, EDIT_JSTL_PATH, VIEW_JSTL_PATH, SEARCH_STYLE, LOOKUP_STYLE, TRANSLATED, MINVALUE, MAXVALUE) VALUES ('SUPPORT_TICKET', 'SUPPORT_GROUP_ID', 'SUPPORT_GROUP', 'supportGroup.id', 'supportGroup.caption', 'F', 'N', 'N', '', '');
INSERT INTO TABLE_FIELD_FACE (TABLENAME, FIELDNAME, EDIT_STYLE, EDIT_JSTL_PATH, VIEW_JSTL_PATH, SEARCH_STYLE, LOOKUP_STYLE, TRANSLATED, MINVALUE, MAXVALUE) VALUES ('SUPPORT_TICKET', 'SUPPORT_USER', 'T', 'supportUser.id', 'supportUser.id', 'F', 'N', 'N', '', '');
INSERT INTO TABLE_FIELD_FACE (TABLENAME, FIELDNAME, EDIT_STYLE, EDIT_JSTL_PATH, VIEW_JSTL_PATH, SEARCH_STYLE, LOOKUP_STYLE, TRANSLATED, MINVALUE, MAXVALUE) VALUES ('SUPPORT_TICKET', 'TICKET_ID', 'S', 'id', 'id', 'F', 'N', 'N', '', '');
INSERT INTO TABLE_FIELD_FACE (TABLENAME, FIELDNAME, EDIT_STYLE, EDIT_JSTL_PATH, VIEW_JSTL_PATH, SEARCH_STYLE, LOOKUP_STYLE, TRANSLATED, MINVALUE, MAXVALUE) VALUES ('SUPPORT_TICKET', 'TICKET_TYPE', 'TICKET_TYPE', 'ticketType', 'ticketType', 'F', 'N', 'N', '', '');
INSERT INTO TABLE_FIELD_FACE (TABLENAME, FIELDNAME, EDIT_STYLE, EDIT_JSTL_PATH, VIEW_JSTL_PATH, SEARCH_STYLE, LOOKUP_STYLE, TRANSLATED, MINVALUE, MAXVALUE) VALUES ('SUPPORT_TICKET', 'USERNAME', 'T', 'userAccount.id', 'userAccount.id', 'F', 'N', 'N', '', '');

INSERT INTO TABLE_CONTENT_TYPE (TABLENAME, OBJECT_TYPE, CAPTION, MIMETYPE) VALUES ('SUPPORT_TICKET', 'TA', 'ATTACHMENT', '');
INSERT INTO TABLE_ACTION (TABLENAME, ACTION, CAPTION, METHOD, ENABLE, AUTHORITY_CHECK, RECORD_SPECIFIC) VALUES ('SUPPORT_TICKET', 'ATTACH', 'ATTACH', 'attach', 'Y', 'Y', 'Y');
INSERT INTO TABLE_ACTION (TABLENAME, ACTION, CAPTION, METHOD, ENABLE, AUTHORITY_CHECK, RECORD_SPECIFIC) VALUES ('SUPPORT_TICKET', 'CLOSE', 'CLOSE', 'close', 'Y', 'Y', 'Y');
INSERT INTO TABLE_ACTION (TABLENAME, ACTION, CAPTION, METHOD, ENABLE, AUTHORITY_CHECK, RECORD_SPECIFIC) VALUES ('SUPPORT_TICKET', 'INITIALIZE', 'INITIALIZE', 'initialize', 'Y', 'Y', 'Y');
INSERT INTO TABLE_ACTION (TABLENAME, ACTION, CAPTION, METHOD, ENABLE, AUTHORITY_CHECK, RECORD_SPECIFIC) VALUES ('SUPPORT_TICKET', 'PRINT', 'PRINT', 'print', 'Y', 'N', 'Y');
INSERT INTO TABLE_ACTION (TABLENAME, ACTION, CAPTION, METHOD, ENABLE, AUTHORITY_CHECK, RECORD_SPECIFIC) VALUES ('SUPPORT_TICKET', 'PROCESS', 'PROCESS', 'process', 'Y', 'Y', 'Y');
INSERT INTO TABLE_ACTION (TABLENAME, ACTION, CAPTION, METHOD, ENABLE, AUTHORITY_CHECK, RECORD_SPECIFIC) VALUES ('SUPPORT_TICKET', 'RESOLVE', 'RESOLVE', 'resolve', 'Y', 'Y', 'Y');

INSERT INTO TABLE_CONTROLLER_STATIC (TABLENAME, ROOTMAPPING, MODULE, CUSTOMER_SPECIFIC, ORGANIZATION_CHECK, CACHE_IN_HASH, SEARCH_VIEW, LIST_VIEW, EDIT_VIEW, SHOW_VIEW, SELECT_VIEW, ORDERBY, SEQUENCE_NAME) VALUES ('TICKET_EVENT', 'ticketEvent', 'helpdesk', 'N', 'N', 'N', '', '', '', '', '', '', '');
INSERT INTO TABLE_FIELD_FACE (TABLENAME, FIELDNAME, EDIT_STYLE, EDIT_JSTL_PATH, VIEW_JSTL_PATH, SEARCH_STYLE, LOOKUP_STYLE, TRANSLATED, MINVALUE, MAXVALUE) VALUES ('TICKET_EVENT', 'DESCRIPTION', 'T', 'description', 'description', 'F', 'N', 'N', '', '');
INSERT INTO TABLE_FIELD_FACE (TABLENAME, FIELDNAME, EDIT_STYLE, EDIT_JSTL_PATH, VIEW_JSTL_PATH, SEARCH_STYLE, LOOKUP_STYLE, TRANSLATED, MINVALUE, MAXVALUE) VALUES ('TICKET_EVENT', 'EVENT_DATE', 'R', 'id.eventDate', 'id.eventDate', 'F', 'N', 'N', '', '');
INSERT INTO TABLE_FIELD_FACE (TABLENAME, FIELDNAME, EDIT_STYLE, EDIT_JSTL_PATH, VIEW_JSTL_PATH, SEARCH_STYLE, LOOKUP_STYLE, TRANSLATED, MINVALUE, MAXVALUE) VALUES ('TICKET_EVENT', 'NEW_STATUS', 'TICKET_STATUS', 'newStatus', 'newStatus', 'F', 'N', 'N', '', '');
INSERT INTO TABLE_FIELD_FACE (TABLENAME, FIELDNAME, EDIT_STYLE, EDIT_JSTL_PATH, VIEW_JSTL_PATH, SEARCH_STYLE, LOOKUP_STYLE, TRANSLATED, MINVALUE, MAXVALUE) VALUES ('TICKET_EVENT', 'OLD_STATUS', 'TICKET_STATUS', 'oldStatus', 'oldStatus', 'F', 'N', 'N', '', '');
INSERT INTO TABLE_FIELD_FACE (TABLENAME, FIELDNAME, EDIT_STYLE, EDIT_JSTL_PATH, VIEW_JSTL_PATH, SEARCH_STYLE, LOOKUP_STYLE, TRANSLATED, MINVALUE, MAXVALUE) VALUES ('TICKET_EVENT', 'TEXT_TYPE', 'TICKET_TEXT_TYPE', 'textType', 'textType', 'F', 'N', 'N', '', '');
INSERT INTO TABLE_FIELD_FACE (TABLENAME, FIELDNAME, EDIT_STYLE, EDIT_JSTL_PATH, VIEW_JSTL_PATH, SEARCH_STYLE, LOOKUP_STYLE, TRANSLATED, MINVALUE, MAXVALUE) VALUES ('TICKET_EVENT', 'TICKET_ID', 'H', 'id.ticketId', 'id.ticketId', 'F', 'N', 'N', '', '');
INSERT INTO TABLE_FIELD_FACE (TABLENAME, FIELDNAME, EDIT_STYLE, EDIT_JSTL_PATH, VIEW_JSTL_PATH, SEARCH_STYLE, LOOKUP_STYLE, TRANSLATED, MINVALUE, MAXVALUE) VALUES ('TICKET_EVENT', 'USERNAME', 'T', 'username', 'username', 'F', 'N', 'N', '', '');


INSERT INTO TABLE_CONTROLLER_STATIC (TABLENAME, ROOTMAPPING, MODULE, CUSTOMER_SPECIFIC, ORGANIZATION_CHECK, CACHE_IN_HASH, SEARCH_VIEW, LIST_VIEW, EDIT_VIEW, SHOW_VIEW, SELECT_VIEW, ORDERBY, SEQUENCE_NAME) VALUES ('EQUIPMENT', 'equipment', 'maintenance', 'N', 'N', 'N', '', '', '', '', '', '', '');
INSERT INTO TABLE_FIELD_FACE (TABLENAME, FIELDNAME, EDIT_STYLE, EDIT_JSTL_PATH, VIEW_JSTL_PATH, SEARCH_STYLE, LOOKUP_STYLE, TRANSLATED, MINVALUE, MAXVALUE) VALUES ('EQUIPMENT', 'MATERIAL_ID', 'MATERIAL', 'id.materialId', 'material.caption', 'L', 'C', 'N', '', '');
INSERT INTO TABLE_FIELD_FACE (TABLENAME, FIELDNAME, EDIT_STYLE, EDIT_JSTL_PATH, VIEW_JSTL_PATH, SEARCH_STYLE, LOOKUP_STYLE, TRANSLATED, MINVALUE, MAXVALUE) VALUES ('EQUIPMENT', 'MODEL_YEAR', 'I2', 'modelYear', 'modelYear', 'F', 'N', 'N', '', '');
INSERT INTO TABLE_FIELD_FACE (TABLENAME, FIELDNAME, EDIT_STYLE, EDIT_JSTL_PATH, VIEW_JSTL_PATH, SEARCH_STYLE, LOOKUP_STYLE, TRANSLATED, MINVALUE, MAXVALUE) VALUES ('EQUIPMENT', 'SERIAL_NO', 'T', 'serialNo', 'serialNo', 'F', 'N', 'N', '', '');
INSERT INTO TABLE_FIELD_FACE (TABLENAME, FIELDNAME, EDIT_STYLE, EDIT_JSTL_PATH, VIEW_JSTL_PATH, SEARCH_STYLE, LOOKUP_STYLE, TRANSLATED, MINVALUE, MAXVALUE) VALUES ('EQUIPMENT', 'USAGE_TYPE', 'USAGE_TYPE', 'usageType', 'usageType', 'L', 'C', 'N', '', '');


INSERT INTO TABLE_CONTROLLER_STATIC (TABLENAME, ROOTMAPPING, MODULE, CUSTOMER_SPECIFIC, ORGANIZATION_CHECK, CACHE_IN_HASH, SEARCH_VIEW, LIST_VIEW, EDIT_VIEW, SHOW_VIEW, SELECT_VIEW, ORDERBY, SEQUENCE_NAME) VALUES ('EQUIPMENT_ASSIGNMENT', 'equipmentAssignment', 'maintenance', 'N', 'N', 'N', '', '', '', '', '', '', '');
INSERT INTO TABLE_FIELD_FACE (TABLENAME, FIELDNAME, EDIT_STYLE, EDIT_JSTL_PATH, VIEW_JSTL_PATH, SEARCH_STYLE, LOOKUP_STYLE, TRANSLATED, MINVALUE, MAXVALUE) VALUES ('EQUIPMENT_ASSIGNMENT', 'ASSIGNMENT_TYPE', 'EQUIPMENT_ASSIGNMENT_TYPE', 'assignmentType', 'assignmentType', 'L', 'C', 'N', '', '');
INSERT INTO TABLE_FIELD_FACE (TABLENAME, FIELDNAME, EDIT_STYLE, EDIT_JSTL_PATH, VIEW_JSTL_PATH, SEARCH_STYLE, LOOKUP_STYLE, TRANSLATED, MINVALUE, MAXVALUE) VALUES ('EQUIPMENT_ASSIGNMENT', 'BEGDA', 'D', 'id.begda', 'id.begda', 'F', 'N', 'N', '', '');
INSERT INTO TABLE_FIELD_FACE (TABLENAME, FIELDNAME, EDIT_STYLE, EDIT_JSTL_PATH, VIEW_JSTL_PATH, SEARCH_STYLE, LOOKUP_STYLE, TRANSLATED, MINVALUE, MAXVALUE) VALUES ('EQUIPMENT_ASSIGNMENT', 'ENDDA', 'D', 'endda', 'endda', 'F', 'N', 'N', '', '');
INSERT INTO TABLE_FIELD_FACE (TABLENAME, FIELDNAME, EDIT_STYLE, EDIT_JSTL_PATH, VIEW_JSTL_PATH, SEARCH_STYLE, LOOKUP_STYLE, TRANSLATED, MINVALUE, MAXVALUE) VALUES ('EQUIPMENT_ASSIGNMENT', 'MATERIAL_ID', 'I4', 'id.materialId', 'equipment.material.caption', 'F', 'N', 'N', '', '');
INSERT INTO TABLE_FIELD_FACE (TABLENAME, FIELDNAME, EDIT_STYLE, EDIT_JSTL_PATH, VIEW_JSTL_PATH, SEARCH_STYLE, LOOKUP_STYLE, TRANSLATED, MINVALUE, MAXVALUE) VALUES ('EQUIPMENT_ASSIGNMENT', 'PERSON_ID', 'I4', 'id.personId', 'id.personId', 'F', 'N', 'N', '', '');
INSERT INTO TABLE_FIELD_FACE (TABLENAME, FIELDNAME, EDIT_STYLE, EDIT_JSTL_PATH, VIEW_JSTL_PATH, SEARCH_STYLE, LOOKUP_STYLE, TRANSLATED, MINVALUE, MAXVALUE) VALUES ('EQUIPMENT_ASSIGNMENT', 'SERIAL_NO', 'T', 'id.serialNo', 'id.serialNo', 'F', 'N', 'N', '', '');


INSERT INTO TABLE_CONTROLLER_STATIC (TABLENAME, ROOTMAPPING, MODULE, CUSTOMER_SPECIFIC, ORGANIZATION_CHECK, CACHE_IN_HASH, SEARCH_VIEW, LIST_VIEW, EDIT_VIEW, SHOW_VIEW, SELECT_VIEW, ORDERBY, SEQUENCE_NAME) VALUES ('EQUIPMENT_ATTRIBUTE', 'equipmentAttribute', 'maintenance', 'N', 'N', 'N', '', '', '', '', '', '', '');
INSERT INTO TABLE_FIELD_FACE (TABLENAME, FIELDNAME, EDIT_STYLE, EDIT_JSTL_PATH, VIEW_JSTL_PATH, SEARCH_STYLE, LOOKUP_STYLE, TRANSLATED, MINVALUE, MAXVALUE) VALUES ('EQUIPMENT_ATTRIBUTE', 'MAG_ID', 'MATERIAL_ATTRIBUTE_GROUP', 'materialAttributeGroup.id', 'materialAttributeGroup.caption', 'L', 'C', 'N', '', '');
INSERT INTO TABLE_FIELD_FACE (TABLENAME, FIELDNAME, EDIT_STYLE, EDIT_JSTL_PATH, VIEW_JSTL_PATH, SEARCH_STYLE, LOOKUP_STYLE, TRANSLATED, MINVALUE, MAXVALUE) VALUES ('EQUIPMENT_ATTRIBUTE', 'MATERIAL_ID', 'H', 'id.materialId', 'id.materialId', 'F', 'N', 'N', '', '');
INSERT INTO TABLE_FIELD_FACE (TABLENAME, FIELDNAME, EDIT_STYLE, EDIT_JSTL_PATH, VIEW_JSTL_PATH, SEARCH_STYLE, LOOKUP_STYLE, TRANSLATED, MINVALUE, MAXVALUE) VALUES ('EQUIPMENT_ATTRIBUTE', 'SERIAL_NO', 'H', 'id.serialNo', 'id.serialNo', 'F', 'N', 'N', '', '');
INSERT INTO TABLE_FIELD_FACE (TABLENAME, FIELDNAME, EDIT_STYLE, EDIT_JSTL_PATH, VIEW_JSTL_PATH, SEARCH_STYLE, LOOKUP_STYLE, TRANSLATED, MINVALUE, MAXVALUE) VALUES ('EQUIPMENT_ATTRIBUTE', 'VALUE', 'T', 'value', 'value', 'F', 'N', 'N', '', '');


INSERT INTO TABLE_CONTROLLER_STATIC (TABLENAME, ROOTMAPPING, MODULE, CUSTOMER_SPECIFIC, ORGANIZATION_CHECK, CACHE_IN_HASH, SEARCH_VIEW, LIST_VIEW, EDIT_VIEW, SHOW_VIEW, SELECT_VIEW, ORDERBY, SEQUENCE_NAME) VALUES ('EQUIPMENT_LOCATION', 'equipmentLocation', 'maintenance', 'N', 'Y', 'N', '', '', '', '', '', '', '');
INSERT INTO TABLE_FIELD_FACE (TABLENAME, FIELDNAME, EDIT_STYLE, EDIT_JSTL_PATH, VIEW_JSTL_PATH, SEARCH_STYLE, LOOKUP_STYLE, TRANSLATED, MINVALUE, MAXVALUE) VALUES ('EQUIPMENT_LOCATION', 'BEGDA', 'D', 'begda', 'begda', 'F', 'N', 'N', '', '');
INSERT INTO TABLE_FIELD_FACE (TABLENAME, FIELDNAME, EDIT_STYLE, EDIT_JSTL_PATH, VIEW_JSTL_PATH, SEARCH_STYLE, LOOKUP_STYLE, TRANSLATED, MINVALUE, MAXVALUE) VALUES ('EQUIPMENT_LOCATION', 'ENDDA', 'D', 'endda', 'endda', 'F', 'N', 'N', '', '');
INSERT INTO TABLE_FIELD_FACE (TABLENAME, FIELDNAME, EDIT_STYLE, EDIT_JSTL_PATH, VIEW_JSTL_PATH, SEARCH_STYLE, LOOKUP_STYLE, TRANSLATED, MINVALUE, MAXVALUE) VALUES ('EQUIPMENT_LOCATION', 'MATERIAL_ID', 'H', 'id.materialId', 'id.materialId', 'F', 'N', 'N', '', '');
INSERT INTO TABLE_FIELD_FACE (TABLENAME, FIELDNAME, EDIT_STYLE, EDIT_JSTL_PATH, VIEW_JSTL_PATH, SEARCH_STYLE, LOOKUP_STYLE, TRANSLATED, MINVALUE, MAXVALUE) VALUES ('EQUIPMENT_LOCATION', 'ORGANIZATION_ID', 'ORGANIZATION', 'id.organizationId', 'organization.caption', 'L', 'C', 'N', '', '');
INSERT INTO TABLE_FIELD_FACE (TABLENAME, FIELDNAME, EDIT_STYLE, EDIT_JSTL_PATH, VIEW_JSTL_PATH, SEARCH_STYLE, LOOKUP_STYLE, TRANSLATED, MINVALUE, MAXVALUE) VALUES ('EQUIPMENT_LOCATION', 'SERIAL_NO', 'H', 'id.serialNo', 'id.serialNo', 'F', 'N', 'N', '', '');


INSERT INTO TABLE_CONTROLLER_STATIC (TABLENAME, ROOTMAPPING, MODULE, CUSTOMER_SPECIFIC, ORGANIZATION_CHECK, CACHE_IN_HASH, SEARCH_VIEW, LIST_VIEW, EDIT_VIEW, SHOW_VIEW, SELECT_VIEW, ORDERBY, SEQUENCE_NAME) VALUES ('FINAL_EQUIPMENT_PART', 'finalEquipmentPart', 'maintenance', 'N', 'N', 'N', '', 'basis/languageList', '', 'basis/languageShow', '', '', '');
INSERT INTO TABLE_FIELD_FACE (TABLENAME, FIELDNAME, EDIT_STYLE, EDIT_JSTL_PATH, VIEW_JSTL_PATH, SEARCH_STYLE, LOOKUP_STYLE, TRANSLATED, MINVALUE, MAXVALUE) VALUES ('FINAL_EQUIPMENT_PART', 'MATERIAL_ID', 'H', 'id.materialId', 'id.materialId', 'F', 'N', 'N', '', '');
INSERT INTO TABLE_FIELD_FACE (TABLENAME, FIELDNAME, EDIT_STYLE, EDIT_JSTL_PATH, VIEW_JSTL_PATH, SEARCH_STYLE, LOOKUP_STYLE, TRANSLATED, MINVALUE, MAXVALUE) VALUES ('FINAL_EQUIPMENT_PART', 'MATERIAL_TYPE_ID', 'MATERIAL_TYPE', 'id.materialTypeId', 'materialType.caption', 'L', 'C', 'N', '', '');
INSERT INTO TABLE_FIELD_FACE (TABLENAME, FIELDNAME, EDIT_STYLE, EDIT_JSTL_PATH, VIEW_JSTL_PATH, SEARCH_STYLE, LOOKUP_STYLE, TRANSLATED, MINVALUE, MAXVALUE) VALUES ('FINAL_EQUIPMENT_PART', 'QUANTITY', 'I4', 'quantity', 'quantity', 'F', 'N', 'N', '', '');
INSERT INTO TABLE_FIELD_FACE (TABLENAME, FIELDNAME, EDIT_STYLE, EDIT_JSTL_PATH, VIEW_JSTL_PATH, SEARCH_STYLE, LOOKUP_STYLE, TRANSLATED, MINVALUE, MAXVALUE) VALUES ('FINAL_EQUIPMENT_PART', 'UNIT', 'MEASUREMENT_UNIT', 'unit', 'unit', 'L', 'C', 'N', '', '');


INSERT INTO TABLE_CONTROLLER_STATIC (TABLENAME, ROOTMAPPING, MODULE, CUSTOMER_SPECIFIC, ORGANIZATION_CHECK, CACHE_IN_HASH, SEARCH_VIEW, LIST_VIEW, EDIT_VIEW, SHOW_VIEW, SELECT_VIEW, ORDERBY, SEQUENCE_NAME) VALUES ('MAINTENANCE', 'maintenance', 'maintenance', 'N', 'Y', 'N', '', '', '', '', '', '', '');
INSERT INTO TABLE_FIELD_FACE (TABLENAME, FIELDNAME, EDIT_STYLE, EDIT_JSTL_PATH, VIEW_JSTL_PATH, SEARCH_STYLE, LOOKUP_STYLE, TRANSLATED, MINVALUE, MAXVALUE) VALUES ('MAINTENANCE', 'CHARGE', 'C', 'charge', 'charge', 'F', 'N', 'N', '', '');
INSERT INTO TABLE_FIELD_FACE (TABLENAME, FIELDNAME, EDIT_STYLE, EDIT_JSTL_PATH, VIEW_JSTL_PATH, SEARCH_STYLE, LOOKUP_STYLE, TRANSLATED, MINVALUE, MAXVALUE) VALUES ('MAINTENANCE', 'LABOR', 'C', 'labor', 'labor', 'F', 'N', 'N', '', '');
INSERT INTO TABLE_FIELD_FACE (TABLENAME, FIELDNAME, EDIT_STYLE, EDIT_JSTL_PATH, VIEW_JSTL_PATH, SEARCH_STYLE, LOOKUP_STYLE, TRANSLATED, MINVALUE, MAXVALUE) VALUES ('MAINTENANCE', 'MATERIAL_ID', 'H', 'id.materialId', 'id.materialId', 'F', 'N', 'N', '', '');
INSERT INTO TABLE_FIELD_FACE (TABLENAME, FIELDNAME, EDIT_STYLE, EDIT_JSTL_PATH, VIEW_JSTL_PATH, SEARCH_STYLE, LOOKUP_STYLE, TRANSLATED, MINVALUE, MAXVALUE) VALUES ('MAINTENANCE', 'ORGANIZATION_ID', 'ORGANIZATION', 'organization.id', 'organization.caption', 'L', 'C', 'N', '', '');
INSERT INTO TABLE_FIELD_FACE (TABLENAME, FIELDNAME, EDIT_STYLE, EDIT_JSTL_PATH, VIEW_JSTL_PATH, SEARCH_STYLE, LOOKUP_STYLE, TRANSLATED, MINVALUE, MAXVALUE) VALUES ('MAINTENANCE', 'SERIAL_NO', 'H', 'id.serialNo', 'id.serialNo', 'F', 'N', 'N', '', '');
INSERT INTO TABLE_FIELD_FACE (TABLENAME, FIELDNAME, EDIT_STYLE, EDIT_JSTL_PATH, VIEW_JSTL_PATH, SEARCH_STYLE, LOOKUP_STYLE, TRANSLATED, MINVALUE, MAXVALUE) VALUES ('MAINTENANCE', 'SERVICE_DATE', 'DT', 'id.serviceDate', 'id.serviceDate', 'F', 'N', 'N', '', '');


INSERT INTO TABLE_CONTROLLER_STATIC (TABLENAME, ROOTMAPPING, MODULE, CUSTOMER_SPECIFIC, ORGANIZATION_CHECK, CACHE_IN_HASH, SEARCH_VIEW, LIST_VIEW, EDIT_VIEW, SHOW_VIEW, SELECT_VIEW, ORDERBY, SEQUENCE_NAME) VALUES ('MAINTENANCE_COUNTER', 'maintenanceCounter', 'maintenance', 'N', 'N', 'N', '', '', '', '', '', '', '');
INSERT INTO TABLE_FIELD_FACE (TABLENAME, FIELDNAME, EDIT_STYLE, EDIT_JSTL_PATH, VIEW_JSTL_PATH, SEARCH_STYLE, LOOKUP_STYLE, TRANSLATED, MINVALUE, MAXVALUE) VALUES ('MAINTENANCE_COUNTER', 'COUNTER_TYPE', 'MX_COUNTER_TYPE', 'id.counterType', 'id.counterType', 'L', 'C', 'N', '', '');
INSERT INTO TABLE_FIELD_FACE (TABLENAME, FIELDNAME, EDIT_STYLE, EDIT_JSTL_PATH, VIEW_JSTL_PATH, SEARCH_STYLE, LOOKUP_STYLE, TRANSLATED, MINVALUE, MAXVALUE) VALUES ('MAINTENANCE_COUNTER', 'MATERIAL_ID', 'H', 'id.materialId', 'id.materialId', 'F', 'N', 'N', '', '');
INSERT INTO TABLE_FIELD_FACE (TABLENAME, FIELDNAME, EDIT_STYLE, EDIT_JSTL_PATH, VIEW_JSTL_PATH, SEARCH_STYLE, LOOKUP_STYLE, TRANSLATED, MINVALUE, MAXVALUE) VALUES ('MAINTENANCE_COUNTER', 'SERIAL_NO', 'H', 'id.serialNo', 'id.serialNo', 'F', 'N', 'N', '', '');
INSERT INTO TABLE_FIELD_FACE (TABLENAME, FIELDNAME, EDIT_STYLE, EDIT_JSTL_PATH, VIEW_JSTL_PATH, SEARCH_STYLE, LOOKUP_STYLE, TRANSLATED, MINVALUE, MAXVALUE) VALUES ('MAINTENANCE_COUNTER', 'SERVICE_DATE', 'H', 'id.serviceDate', 'id.serviceDate', 'F', 'N', 'N', '', '');
INSERT INTO TABLE_FIELD_FACE (TABLENAME, FIELDNAME, EDIT_STYLE, EDIT_JSTL_PATH, VIEW_JSTL_PATH, SEARCH_STYLE, LOOKUP_STYLE, TRANSLATED, MINVALUE, MAXVALUE) VALUES ('MAINTENANCE_COUNTER', 'VALUE', 'I4', 'value', 'value', 'F', 'N', 'N', '', '');


INSERT INTO TABLE_CONTROLLER_STATIC (TABLENAME, ROOTMAPPING, MODULE, CUSTOMER_SPECIFIC, ORGANIZATION_CHECK, CACHE_IN_HASH, SEARCH_VIEW, LIST_VIEW, EDIT_VIEW, SHOW_VIEW, SELECT_VIEW, ORDERBY, SEQUENCE_NAME) VALUES ('MAINTENANCE_STEP', 'maintenanceStep', 'maintenance', 'N', 'N', 'N', '', '', '', '', '', '', '');
INSERT INTO TABLE_FIELD_FACE (TABLENAME, FIELDNAME, EDIT_STYLE, EDIT_JSTL_PATH, VIEW_JSTL_PATH, SEARCH_STYLE, LOOKUP_STYLE, TRANSLATED, MINVALUE, MAXVALUE) VALUES ('MAINTENANCE_STEP', 'ACTION_TIME', 'R', 'actionTime', 'actionTime', 'F', 'N', 'N', '', '');
INSERT INTO TABLE_FIELD_FACE (TABLENAME, FIELDNAME, EDIT_STYLE, EDIT_JSTL_PATH, VIEW_JSTL_PATH, SEARCH_STYLE, LOOKUP_STYLE, TRANSLATED, MINVALUE, MAXVALUE) VALUES ('MAINTENANCE_STEP', 'COST', 'C', 'cost', 'cost', 'F', 'N', 'N', '', '');
INSERT INTO TABLE_FIELD_FACE (TABLENAME, FIELDNAME, EDIT_STYLE, EDIT_JSTL_PATH, VIEW_JSTL_PATH, SEARCH_STYLE, LOOKUP_STYLE, TRANSLATED, MINVALUE, MAXVALUE) VALUES ('MAINTENANCE_STEP', 'MATERIAL_ID', 'H', 'id.materialId', 'id.materialId', 'F', 'N', 'N', '', '');
INSERT INTO TABLE_FIELD_FACE (TABLENAME, FIELDNAME, EDIT_STYLE, EDIT_JSTL_PATH, VIEW_JSTL_PATH, SEARCH_STYLE, LOOKUP_STYLE, TRANSLATED, MINVALUE, MAXVALUE) VALUES ('MAINTENANCE_STEP', 'MATERIAL_TYPE_ID', 'MATERIAL_TYPE', 'id.materialTypeId', 'materialType.caption', 'L', 'C', 'N', '', '');
INSERT INTO TABLE_FIELD_FACE (TABLENAME, FIELDNAME, EDIT_STYLE, EDIT_JSTL_PATH, VIEW_JSTL_PATH, SEARCH_STYLE, LOOKUP_STYLE, TRANSLATED, MINVALUE, MAXVALUE) VALUES ('MAINTENANCE_STEP', 'QUANTITY', 'I4', 'quantity', 'quantity', 'F', 'N', 'N', '', '');
INSERT INTO TABLE_FIELD_FACE (TABLENAME, FIELDNAME, EDIT_STYLE, EDIT_JSTL_PATH, VIEW_JSTL_PATH, SEARCH_STYLE, LOOKUP_STYLE, TRANSLATED, MINVALUE, MAXVALUE) VALUES ('MAINTENANCE_STEP', 'SERIAL_NO', 'H', 'id.serialNo', 'id.serialNo', 'F', 'N', 'N', '', '');
INSERT INTO TABLE_FIELD_FACE (TABLENAME, FIELDNAME, EDIT_STYLE, EDIT_JSTL_PATH, VIEW_JSTL_PATH, SEARCH_STYLE, LOOKUP_STYLE, TRANSLATED, MINVALUE, MAXVALUE) VALUES ('MAINTENANCE_STEP', 'SERVICE_DATE', 'H', 'id.serviceDate', 'id.serviceDate', 'F', 'N', 'N', '', '');
INSERT INTO TABLE_FIELD_FACE (TABLENAME, FIELDNAME, EDIT_STYLE, EDIT_JSTL_PATH, VIEW_JSTL_PATH, SEARCH_STYLE, LOOKUP_STYLE, TRANSLATED, MINVALUE, MAXVALUE) VALUES ('MAINTENANCE_STEP', 'UNIT', 'MEASUREMENT_UNIT', 'unit', 'unit', 'L', 'C', 'N', '', '');


INSERT INTO TABLE_CONTROLLER_STATIC (TABLENAME, ROOTMAPPING, MODULE, CUSTOMER_SPECIFIC, ORGANIZATION_CHECK, CACHE_IN_HASH, SEARCH_VIEW, LIST_VIEW, EDIT_VIEW, SHOW_VIEW, SELECT_VIEW, ORDERBY, SEQUENCE_NAME) VALUES ('MX_COUNTER_INTERVAL', 'mxCounterInterval', 'maintenance', 'N', 'N', 'N', '', '', '', '', '', '', '');
INSERT INTO TABLE_FIELD_FACE (TABLENAME, FIELDNAME, EDIT_STYLE, EDIT_JSTL_PATH, VIEW_JSTL_PATH, SEARCH_STYLE, LOOKUP_STYLE, TRANSLATED, MINVALUE, MAXVALUE) VALUES ('MX_COUNTER_INTERVAL', 'COUNTER_TYPE', 'MX_COUNTER_TYPE', 'id.counterType', 'mxCounterType.caption', 'L', 'C', 'N', '', '');
INSERT INTO TABLE_FIELD_FACE (TABLENAME, FIELDNAME, EDIT_STYLE, EDIT_JSTL_PATH, VIEW_JSTL_PATH, SEARCH_STYLE, LOOKUP_STYLE, TRANSLATED, MINVALUE, MAXVALUE) VALUES ('MX_COUNTER_INTERVAL', 'INTERVAL', 'I4', 'interval', 'interval', 'F', 'N', 'N', '', '');
INSERT INTO TABLE_FIELD_FACE (TABLENAME, FIELDNAME, EDIT_STYLE, EDIT_JSTL_PATH, VIEW_JSTL_PATH, SEARCH_STYLE, LOOKUP_STYLE, TRANSLATED, MINVALUE, MAXVALUE) VALUES ('MX_COUNTER_INTERVAL', 'MATERIAL_TYPE_ID', 'MATERIAL_TYPE', 'id.materialTypeId', 'serviceTypeStep.materialType.caption', 'L', 'C', 'N', '', '');
INSERT INTO TABLE_FIELD_FACE (TABLENAME, FIELDNAME, EDIT_STYLE, EDIT_JSTL_PATH, VIEW_JSTL_PATH, SEARCH_STYLE, LOOKUP_STYLE, TRANSLATED, MINVALUE, MAXVALUE) VALUES ('MX_COUNTER_INTERVAL', 'SERVICE_TYPE_ID', 'SERVICE_TYPE', 'id.serviceTypeId', 'serviceTypeStep.serviceType.caption', 'L', 'C', 'N', '', '');


INSERT INTO TABLE_CONTROLLER_STATIC (TABLENAME, ROOTMAPPING, MODULE, CUSTOMER_SPECIFIC, ORGANIZATION_CHECK, CACHE_IN_HASH, SEARCH_VIEW, LIST_VIEW, EDIT_VIEW, SHOW_VIEW, SELECT_VIEW, ORDERBY, SEQUENCE_NAME) VALUES ('MX_COUNTER_TYPE', 'mxCounterType', 'maintenance', 'N', 'N', 'N', '', '', '', '', '', '', '');
INSERT INTO TABLE_FIELD_FACE (TABLENAME, FIELDNAME, EDIT_STYLE, EDIT_JSTL_PATH, VIEW_JSTL_PATH, SEARCH_STYLE, LOOKUP_STYLE, TRANSLATED, MINVALUE, MAXVALUE) VALUES ('MX_COUNTER_TYPE', 'CAPTION', 'T', 'caption', 'caption', 'F', 'N', 'N', '', '');
INSERT INTO TABLE_FIELD_FACE (TABLENAME, FIELDNAME, EDIT_STYLE, EDIT_JSTL_PATH, VIEW_JSTL_PATH, SEARCH_STYLE, LOOKUP_STYLE, TRANSLATED, MINVALUE, MAXVALUE) VALUES ('MX_COUNTER_TYPE', 'COUNTER_TYPE', 'S', 'id', 'id', 'F', 'N', 'N', '', '');


INSERT INTO TABLE_CONTROLLER_STATIC (TABLENAME, ROOTMAPPING, MODULE, CUSTOMER_SPECIFIC, ORGANIZATION_CHECK, CACHE_IN_HASH, SEARCH_VIEW, LIST_VIEW, EDIT_VIEW, SHOW_VIEW, SELECT_VIEW, ORDERBY, SEQUENCE_NAME) VALUES ('SERVICE_CHARGE', 'serviceCharge', 'maintenance', 'N', 'N', 'N', '', '', '', '', '', '', '');
INSERT INTO TABLE_FIELD_FACE (TABLENAME, FIELDNAME, EDIT_STYLE, EDIT_JSTL_PATH, VIEW_JSTL_PATH, SEARCH_STYLE, LOOKUP_STYLE, TRANSLATED, MINVALUE, MAXVALUE) VALUES ('SERVICE_CHARGE', 'BEGDA', 'D', 'id.begda', 'id.begda', 'F', 'N', 'N', '', '');
INSERT INTO TABLE_FIELD_FACE (TABLENAME, FIELDNAME, EDIT_STYLE, EDIT_JSTL_PATH, VIEW_JSTL_PATH, SEARCH_STYLE, LOOKUP_STYLE, TRANSLATED, MINVALUE, MAXVALUE) VALUES ('SERVICE_CHARGE', 'CHARGE', 'C', 'charge', 'charge', 'F', 'N', 'N', '', '');
INSERT INTO TABLE_FIELD_FACE (TABLENAME, FIELDNAME, EDIT_STYLE, EDIT_JSTL_PATH, VIEW_JSTL_PATH, SEARCH_STYLE, LOOKUP_STYLE, TRANSLATED, MINVALUE, MAXVALUE) VALUES ('SERVICE_CHARGE', 'ENDDA', 'D', 'endda', 'endda', 'F', 'N', 'N', '', '');
INSERT INTO TABLE_FIELD_FACE (TABLENAME, FIELDNAME, EDIT_STYLE, EDIT_JSTL_PATH, VIEW_JSTL_PATH, SEARCH_STYLE, LOOKUP_STYLE, TRANSLATED, MINVALUE, MAXVALUE) VALUES ('SERVICE_CHARGE', 'SERVICE_TYPE_ID', 'SERVICE_TYPE', 'id.serviceTypeId', 'serviceType.caption', 'L', 'C', 'N', '', '');


INSERT INTO TABLE_CONTROLLER_STATIC (TABLENAME, ROOTMAPPING, MODULE, CUSTOMER_SPECIFIC, ORGANIZATION_CHECK, CACHE_IN_HASH, SEARCH_VIEW, LIST_VIEW, EDIT_VIEW, SHOW_VIEW, SELECT_VIEW, ORDERBY, SEQUENCE_NAME) VALUES ('SERVICE_TYPE', 'serviceType', 'maintenance', 'Y', 'N', 'N', '', '', '', '', '', '', 'SERVICE_TYPE_ID_SEQ');
INSERT INTO TABLE_FIELD_FACE (TABLENAME, FIELDNAME, EDIT_STYLE, EDIT_JSTL_PATH, VIEW_JSTL_PATH, SEARCH_STYLE, LOOKUP_STYLE, TRANSLATED, MINVALUE, MAXVALUE) VALUES ('SERVICE_TYPE', 'BUSINESS_SERVICE_ID', 'BUSINESS_SERVICE', 'businessService.id', 'businessService.caption', 'L', 'C', 'N', '', '');
INSERT INTO TABLE_FIELD_FACE (TABLENAME, FIELDNAME, EDIT_STYLE, EDIT_JSTL_PATH, VIEW_JSTL_PATH, SEARCH_STYLE, LOOKUP_STYLE, TRANSLATED, MINVALUE, MAXVALUE) VALUES ('SERVICE_TYPE', 'CAPTION', 'T', 'caption', 'caption', 'F', 'N', 'N', '', '');
INSERT INTO TABLE_FIELD_FACE (TABLENAME, FIELDNAME, EDIT_STYLE, EDIT_JSTL_PATH, VIEW_JSTL_PATH, SEARCH_STYLE, LOOKUP_STYLE, TRANSLATED, MINVALUE, MAXVALUE) VALUES ('SERVICE_TYPE', 'OWNER_ID', 'H', 'ownerId', 'ownerId', 'F', 'N', 'N', '', '');
INSERT INTO TABLE_FIELD_FACE (TABLENAME, FIELDNAME, EDIT_STYLE, EDIT_JSTL_PATH, VIEW_JSTL_PATH, SEARCH_STYLE, LOOKUP_STYLE, TRANSLATED, MINVALUE, MAXVALUE) VALUES ('SERVICE_TYPE', 'SERVICE_TYPE_ID', 'S', 'id', 'id', 'F', 'N', 'N', '', '');


INSERT INTO TABLE_CONTROLLER_STATIC (TABLENAME, ROOTMAPPING, MODULE, CUSTOMER_SPECIFIC, ORGANIZATION_CHECK, CACHE_IN_HASH, SEARCH_VIEW, LIST_VIEW, EDIT_VIEW, SHOW_VIEW, SELECT_VIEW, ORDERBY, SEQUENCE_NAME) VALUES ('SERVICE_TYPE_STEP', 'serviceTypeStep', 'maintenance', 'N', 'N', 'N', '', '', '', '', '', '', '');
INSERT INTO TABLE_FIELD_FACE (TABLENAME, FIELDNAME, EDIT_STYLE, EDIT_JSTL_PATH, VIEW_JSTL_PATH, SEARCH_STYLE, LOOKUP_STYLE, TRANSLATED, MINVALUE, MAXVALUE) VALUES ('SERVICE_TYPE_STEP', 'DURATION', 'I4', 'duration', 'duration', 'F', 'N', 'N', '', '');
INSERT INTO TABLE_FIELD_FACE (TABLENAME, FIELDNAME, EDIT_STYLE, EDIT_JSTL_PATH, VIEW_JSTL_PATH, SEARCH_STYLE, LOOKUP_STYLE, TRANSLATED, MINVALUE, MAXVALUE) VALUES ('SERVICE_TYPE_STEP', 'MATERIAL_TYPE_ID', 'MATERIAL_TYPE', 'id.materialTypeId', 'materialType.caption', 'L', 'C', 'N', '', '');
INSERT INTO TABLE_FIELD_FACE (TABLENAME, FIELDNAME, EDIT_STYLE, EDIT_JSTL_PATH, VIEW_JSTL_PATH, SEARCH_STYLE, LOOKUP_STYLE, TRANSLATED, MINVALUE, MAXVALUE) VALUES ('SERVICE_TYPE_STEP', 'QUANTITY', 'I4', 'quantity', 'quantity', 'F', 'N', 'N', '', '');
INSERT INTO TABLE_FIELD_FACE (TABLENAME, FIELDNAME, EDIT_STYLE, EDIT_JSTL_PATH, VIEW_JSTL_PATH, SEARCH_STYLE, LOOKUP_STYLE, TRANSLATED, MINVALUE, MAXVALUE) VALUES ('SERVICE_TYPE_STEP', 'SERVICE_TYPE_ID', 'H', 'id.serviceTypeId', 'id.serviceTypeId', 'F', 'N', 'N', '', '');
INSERT INTO TABLE_FIELD_FACE (TABLENAME, FIELDNAME, EDIT_STYLE, EDIT_JSTL_PATH, VIEW_JSTL_PATH, SEARCH_STYLE, LOOKUP_STYLE, TRANSLATED, MINVALUE, MAXVALUE) VALUES ('SERVICE_TYPE_STEP', 'UNIT', 'MEASUREMENT_UNIT', 'unit', 'unit', 'L', 'C', 'N', '', '');


INSERT INTO TABLE_CONTROLLER_STATIC (TABLENAME, ROOTMAPPING, MODULE, CUSTOMER_SPECIFIC, ORGANIZATION_CHECK, CACHE_IN_HASH, SEARCH_VIEW, LIST_VIEW, EDIT_VIEW, SHOW_VIEW, SELECT_VIEW, ORDERBY, SEQUENCE_NAME) VALUES ('LOT_INVENTORY', 'lotInventory', 'material', 'N', 'Y', 'N', '', '', '', '', '', '', '');
INSERT INTO TABLE_FIELD_FACE (TABLENAME, FIELDNAME, EDIT_STYLE, EDIT_JSTL_PATH, VIEW_JSTL_PATH, SEARCH_STYLE, LOOKUP_STYLE, TRANSLATED, MINVALUE, MAXVALUE) VALUES ('LOT_INVENTORY', 'BEGDA', 'D', 'begda', 'begda', 'F', 'N', 'N', '', '');
INSERT INTO TABLE_FIELD_FACE (TABLENAME, FIELDNAME, EDIT_STYLE, EDIT_JSTL_PATH, VIEW_JSTL_PATH, SEARCH_STYLE, LOOKUP_STYLE, TRANSLATED, MINVALUE, MAXVALUE) VALUES ('LOT_INVENTORY', 'LOT_ID', 'T', 'id.lotId', 'id.lotId', 'F', 'N', 'N', '', '');
INSERT INTO TABLE_FIELD_FACE (TABLENAME, FIELDNAME, EDIT_STYLE, EDIT_JSTL_PATH, VIEW_JSTL_PATH, SEARCH_STYLE, LOOKUP_STYLE, TRANSLATED, MINVALUE, MAXVALUE) VALUES ('LOT_INVENTORY', 'MATERIAL_ID', 'H', 'id.materialId', 'id.materialId', 'F', 'N', 'N', '', '');
INSERT INTO TABLE_FIELD_FACE (TABLENAME, FIELDNAME, EDIT_STYLE, EDIT_JSTL_PATH, VIEW_JSTL_PATH, SEARCH_STYLE, LOOKUP_STYLE, TRANSLATED, MINVALUE, MAXVALUE) VALUES ('LOT_INVENTORY', 'ORGANIZATION_ID', 'H', 'id.organizationId', 'id.organizationId', 'F', 'N', 'N', '', '');
INSERT INTO TABLE_FIELD_FACE (TABLENAME, FIELDNAME, EDIT_STYLE, EDIT_JSTL_PATH, VIEW_JSTL_PATH, SEARCH_STYLE, LOOKUP_STYLE, TRANSLATED, MINVALUE, MAXVALUE) VALUES ('LOT_INVENTORY', 'QUANTITY', 'F', 'quantity', 'quantity', 'F', 'N', 'N', '', '');


INSERT INTO TABLE_CONTROLLER_STATIC (TABLENAME, ROOTMAPPING, MODULE, CUSTOMER_SPECIFIC, ORGANIZATION_CHECK, CACHE_IN_HASH, SEARCH_VIEW, LIST_VIEW, EDIT_VIEW, SHOW_VIEW, SELECT_VIEW, ORDERBY, SEQUENCE_NAME) VALUES ('MANUFACTURER', 'manufacturer', 'material', 'N', 'N', 'N', '', '', '', '', '', '', '');
INSERT INTO TABLE_FIELD_FACE (TABLENAME, FIELDNAME, EDIT_STYLE, EDIT_JSTL_PATH, VIEW_JSTL_PATH, SEARCH_STYLE, LOOKUP_STYLE, TRANSLATED, MINVALUE, MAXVALUE) VALUES ('MANUFACTURER', 'CAPTION', 'T', 'caption', 'caption', 'F', 'N', 'N', '', '');
INSERT INTO TABLE_FIELD_FACE (TABLENAME, FIELDNAME, EDIT_STYLE, EDIT_JSTL_PATH, VIEW_JSTL_PATH, SEARCH_STYLE, LOOKUP_STYLE, TRANSLATED, MINVALUE, MAXVALUE) VALUES ('MANUFACTURER', 'MANUFACTURER_ID', 'T', 'id', 'id', 'F', 'N', 'N', '', '');


INSERT INTO TABLE_CONTROLLER_STATIC (TABLENAME, ROOTMAPPING, MODULE, CUSTOMER_SPECIFIC, ORGANIZATION_CHECK, CACHE_IN_HASH, SEARCH_VIEW, LIST_VIEW, EDIT_VIEW, SHOW_VIEW, SELECT_VIEW, ORDERBY, SEQUENCE_NAME) VALUES ('MATERIAL', 'material', 'material', 'Y', 'N', 'N', '', '', '', '', '', '', 'MATERIAL_ID_SEQ');
INSERT INTO TABLE_FIELD_FACE (TABLENAME, FIELDNAME, EDIT_STYLE, EDIT_JSTL_PATH, VIEW_JSTL_PATH, SEARCH_STYLE, LOOKUP_STYLE, TRANSLATED, MINVALUE, MAXVALUE) VALUES ('MATERIAL', 'CAPTION', 'T', 'caption', 'caption', 'F', 'N', 'N', '', '');
INSERT INTO TABLE_FIELD_FACE (TABLENAME, FIELDNAME, EDIT_STYLE, EDIT_JSTL_PATH, VIEW_JSTL_PATH, SEARCH_STYLE, LOOKUP_STYLE, TRANSLATED, MINVALUE, MAXVALUE) VALUES ('MATERIAL', 'COST', 'C', 'cost', 'cost', 'F', 'N', 'N', '', '');
INSERT INTO TABLE_FIELD_FACE (TABLENAME, FIELDNAME, EDIT_STYLE, EDIT_JSTL_PATH, VIEW_JSTL_PATH, SEARCH_STYLE, LOOKUP_STYLE, TRANSLATED, MINVALUE, MAXVALUE) VALUES ('MATERIAL', 'COST_METHOD', 'COST_METHOD', 'costMethod', 'costMethod', 'F', 'N', 'N', '', '');
INSERT INTO TABLE_FIELD_FACE (TABLENAME, FIELDNAME, EDIT_STYLE, EDIT_JSTL_PATH, VIEW_JSTL_PATH, SEARCH_STYLE, LOOKUP_STYLE, TRANSLATED, MINVALUE, MAXVALUE) VALUES ('MATERIAL', 'DEFAULT_UNIT', 'MEASUREMENT_UNIT', 'defaultUnit', 'defaultUnit', 'L', 'C', 'N', '', '');
INSERT INTO TABLE_FIELD_FACE (TABLENAME, FIELDNAME, EDIT_STYLE, EDIT_JSTL_PATH, VIEW_JSTL_PATH, SEARCH_STYLE, LOOKUP_STYLE, TRANSLATED, MINVALUE, MAXVALUE) VALUES ('MATERIAL', 'EQUIPMENT', 'YESNO', 'equipment', 'equipment', 'L', 'R', 'N', '', '');
INSERT INTO TABLE_FIELD_FACE (TABLENAME, FIELDNAME, EDIT_STYLE, EDIT_JSTL_PATH, VIEW_JSTL_PATH, SEARCH_STYLE, LOOKUP_STYLE, TRANSLATED, MINVALUE, MAXVALUE) VALUES ('MATERIAL', 'ISSUE_TYPE', 'MATERIAL_ISSUE_TYPE', 'issueType', 'issueType', 'L', 'C', 'N', '', '');
INSERT INTO TABLE_FIELD_FACE (TABLENAME, FIELDNAME, EDIT_STYLE, EDIT_JSTL_PATH, VIEW_JSTL_PATH, SEARCH_STYLE, LOOKUP_STYLE, TRANSLATED, MINVALUE, MAXVALUE) VALUES ('MATERIAL', 'ISSUE_UNIT', 'MEASUREMENT_UNIT', 'issueUnit', 'issueUnit', 'L', 'C', 'N', '', '');
INSERT INTO TABLE_FIELD_FACE (TABLENAME, FIELDNAME, EDIT_STYLE, EDIT_JSTL_PATH, VIEW_JSTL_PATH, SEARCH_STYLE, LOOKUP_STYLE, TRANSLATED, MINVALUE, MAXVALUE) VALUES ('MATERIAL', 'MANUFACTURER_ID', 'MANUFACTURER', 'manufacturer.id', 'manufacturer.caption', 'L', 'C', 'N', '', '');
INSERT INTO TABLE_FIELD_FACE (TABLENAME, FIELDNAME, EDIT_STYLE, EDIT_JSTL_PATH, VIEW_JSTL_PATH, SEARCH_STYLE, LOOKUP_STYLE, TRANSLATED, MINVALUE, MAXVALUE) VALUES ('MATERIAL', 'MATERIAL_ID', 'S', 'id', 'id', 'F', 'N', 'N', '', '');
INSERT INTO TABLE_FIELD_FACE (TABLENAME, FIELDNAME, EDIT_STYLE, EDIT_JSTL_PATH, VIEW_JSTL_PATH, SEARCH_STYLE, LOOKUP_STYLE, TRANSLATED, MINVALUE, MAXVALUE) VALUES ('MATERIAL', 'MATERIAL_TYPE_ID', 'MATERIAL_TYPE', 'materialType.id', 'materialType.caption', 'L', 'C', 'N', '', '');
INSERT INTO TABLE_FIELD_FACE (TABLENAME, FIELDNAME, EDIT_STYLE, EDIT_JSTL_PATH, VIEW_JSTL_PATH, SEARCH_STYLE, LOOKUP_STYLE, TRANSLATED, MINVALUE, MAXVALUE) VALUES ('MATERIAL', 'OWNER_ID', 'H', 'ownerId', 'ownerId', 'F', 'N', 'N', '', '');
INSERT INTO TABLE_FIELD_FACE (TABLENAME, FIELDNAME, EDIT_STYLE, EDIT_JSTL_PATH, VIEW_JSTL_PATH, SEARCH_STYLE, LOOKUP_STYLE, TRANSLATED, MINVALUE, MAXVALUE) VALUES ('MATERIAL', 'PART_NUMBER', 'T', 'partNumber', 'partNumber', 'F', 'N', 'N', '', '');
INSERT INTO TABLE_FIELD_FACE (TABLENAME, FIELDNAME, EDIT_STYLE, EDIT_JSTL_PATH, VIEW_JSTL_PATH, SEARCH_STYLE, LOOKUP_STYLE, TRANSLATED, MINVALUE, MAXVALUE) VALUES ('MATERIAL', 'PURCHASE_UNIT', 'MEASUREMENT_UNIT', 'purchaseUnit', 'purchaseUnit', 'L', 'C', 'N', '', '');
INSERT INTO TABLE_FIELD_FACE (TABLENAME, FIELDNAME, EDIT_STYLE, EDIT_JSTL_PATH, VIEW_JSTL_PATH, SEARCH_STYLE, LOOKUP_STYLE, TRANSLATED, MINVALUE, MAXVALUE) VALUES ('MATERIAL', 'SHELF_LIFE', 'I2', 'shelfLife', 'shelfLife', 'F', 'N', 'N', '', '');
INSERT INTO TABLE_FIELD_FACE (TABLENAME, FIELDNAME, EDIT_STYLE, EDIT_JSTL_PATH, VIEW_JSTL_PATH, SEARCH_STYLE, LOOKUP_STYLE, TRANSLATED, MINVALUE, MAXVALUE) VALUES ('MATERIAL', 'STATUS', 'MATERIAL_STATUS', 'status', 'status', 'L', 'C', 'N', '', '');

INSERT INTO TABLE_CONTENT_TYPE (TABLENAME, OBJECT_TYPE, CAPTION, MIMETYPE) VALUES ('MATERIAL', 'MB', 'BROCHURE', '');
INSERT INTO TABLE_CONTENT_TYPE (TABLENAME, OBJECT_TYPE, CAPTION, MIMETYPE) VALUES ('MATERIAL', 'MT', 'PHOTO', '');

INSERT INTO TABLE_CONTROLLER_STATIC (TABLENAME, ROOTMAPPING, MODULE, CUSTOMER_SPECIFIC, ORGANIZATION_CHECK, CACHE_IN_HASH, SEARCH_VIEW, LIST_VIEW, EDIT_VIEW, SHOW_VIEW, SELECT_VIEW, ORDERBY, SEQUENCE_NAME) VALUES ('MATERIAL_ATTRIBUTE', 'materialAttribute', 'material', 'N', 'N', 'N', '', '', '', '', '', '', '');
INSERT INTO TABLE_FIELD_FACE (TABLENAME, FIELDNAME, EDIT_STYLE, EDIT_JSTL_PATH, VIEW_JSTL_PATH, SEARCH_STYLE, LOOKUP_STYLE, TRANSLATED, MINVALUE, MAXVALUE) VALUES ('MATERIAL_ATTRIBUTE', 'MAG_ID', 'MATERIAL_ATTRIBUTE_GROUP', 'id.magId', 'materialAttributeGroup.caption', 'L', 'C', 'N', '', '');
INSERT INTO TABLE_FIELD_FACE (TABLENAME, FIELDNAME, EDIT_STYLE, EDIT_JSTL_PATH, VIEW_JSTL_PATH, SEARCH_STYLE, LOOKUP_STYLE, TRANSLATED, MINVALUE, MAXVALUE) VALUES ('MATERIAL_ATTRIBUTE', 'MATERIAL_ID', 'H', 'id.materialId', 'id.materialId', 'F', 'N', 'N', '', '');
INSERT INTO TABLE_FIELD_FACE (TABLENAME, FIELDNAME, EDIT_STYLE, EDIT_JSTL_PATH, VIEW_JSTL_PATH, SEARCH_STYLE, LOOKUP_STYLE, TRANSLATED, MINVALUE, MAXVALUE) VALUES ('MATERIAL_ATTRIBUTE', 'VALUE', 'T', 'value', 'value', 'F', 'N', 'N', '', '');


INSERT INTO TABLE_CONTROLLER_STATIC (TABLENAME, ROOTMAPPING, MODULE, CUSTOMER_SPECIFIC, ORGANIZATION_CHECK, CACHE_IN_HASH, SEARCH_VIEW, LIST_VIEW, EDIT_VIEW, SHOW_VIEW, SELECT_VIEW, ORDERBY, SEQUENCE_NAME) VALUES ('MATERIAL_ATTRIBUTE_GROUP', 'materialAttributeGroup', 'material', 'Y', 'N', 'N', '', '', '', '', '', '', '');
INSERT INTO TABLE_FIELD_FACE (TABLENAME, FIELDNAME, EDIT_STYLE, EDIT_JSTL_PATH, VIEW_JSTL_PATH, SEARCH_STYLE, LOOKUP_STYLE, TRANSLATED, MINVALUE, MAXVALUE) VALUES ('MATERIAL_ATTRIBUTE_GROUP', 'CAPTION', 'T', 'caption', 'caption', 'F', 'N', 'N', '', '');
INSERT INTO TABLE_FIELD_FACE (TABLENAME, FIELDNAME, EDIT_STYLE, EDIT_JSTL_PATH, VIEW_JSTL_PATH, SEARCH_STYLE, LOOKUP_STYLE, TRANSLATED, MINVALUE, MAXVALUE) VALUES ('MATERIAL_ATTRIBUTE_GROUP', 'MAG_ID', 'T', 'id', 'id', 'F', 'N', 'N', '', '');
INSERT INTO TABLE_FIELD_FACE (TABLENAME, FIELDNAME, EDIT_STYLE, EDIT_JSTL_PATH, VIEW_JSTL_PATH, SEARCH_STYLE, LOOKUP_STYLE, TRANSLATED, MINVALUE, MAXVALUE) VALUES ('MATERIAL_ATTRIBUTE_GROUP', 'OWNER_ID', 'H', 'ownerId', 'ownerId', 'F', 'N', 'N', '', '');


INSERT INTO TABLE_CONTROLLER_STATIC (TABLENAME, ROOTMAPPING, MODULE, CUSTOMER_SPECIFIC, ORGANIZATION_CHECK, CACHE_IN_HASH, SEARCH_VIEW, LIST_VIEW, EDIT_VIEW, SHOW_VIEW, SELECT_VIEW, ORDERBY, SEQUENCE_NAME) VALUES ('MATERIAL_ATTRIBUTE_OPTION', 'materialAttributeOption', 'material', 'N', 'N', 'N', '', '', '', '', '', '', '');
INSERT INTO TABLE_FIELD_FACE (TABLENAME, FIELDNAME, EDIT_STYLE, EDIT_JSTL_PATH, VIEW_JSTL_PATH, SEARCH_STYLE, LOOKUP_STYLE, TRANSLATED, MINVALUE, MAXVALUE) VALUES ('MATERIAL_ATTRIBUTE_OPTION', 'CAPTION', 'T', 'caption', 'caption', 'F', 'N', 'N', '', '');
INSERT INTO TABLE_FIELD_FACE (TABLENAME, FIELDNAME, EDIT_STYLE, EDIT_JSTL_PATH, VIEW_JSTL_PATH, SEARCH_STYLE, LOOKUP_STYLE, TRANSLATED, MINVALUE, MAXVALUE) VALUES ('MATERIAL_ATTRIBUTE_OPTION', 'HIGH', 'T', 'high', 'high', 'F', 'N', 'N', '', '');
INSERT INTO TABLE_FIELD_FACE (TABLENAME, FIELDNAME, EDIT_STYLE, EDIT_JSTL_PATH, VIEW_JSTL_PATH, SEARCH_STYLE, LOOKUP_STYLE, TRANSLATED, MINVALUE, MAXVALUE) VALUES ('MATERIAL_ATTRIBUTE_OPTION', 'LOW', 'T', 'id.low', 'id.low', 'F', 'N', 'N', '', '');
INSERT INTO TABLE_FIELD_FACE (TABLENAME, FIELDNAME, EDIT_STYLE, EDIT_JSTL_PATH, VIEW_JSTL_PATH, SEARCH_STYLE, LOOKUP_STYLE, TRANSLATED, MINVALUE, MAXVALUE) VALUES ('MATERIAL_ATTRIBUTE_OPTION', 'MAG_ID', 'H', 'id.magId', 'id.magId', 'F', 'N', 'N', '', '');


INSERT INTO TABLE_CONTROLLER_STATIC (TABLENAME, ROOTMAPPING, MODULE, CUSTOMER_SPECIFIC, ORGANIZATION_CHECK, CACHE_IN_HASH, SEARCH_VIEW, LIST_VIEW, EDIT_VIEW, SHOW_VIEW, SELECT_VIEW, ORDERBY, SEQUENCE_NAME) VALUES ('MATERIAL_GROUP', 'materialGroup', 'material', 'Y', 'N', 'N', '', '', '', '', '', '', 'MATERIAL_GROUP_ID_SEQ');
INSERT INTO TABLE_FIELD_FACE (TABLENAME, FIELDNAME, EDIT_STYLE, EDIT_JSTL_PATH, VIEW_JSTL_PATH, SEARCH_STYLE, LOOKUP_STYLE, TRANSLATED, MINVALUE, MAXVALUE) VALUES ('MATERIAL_GROUP', 'CAPTION', 'T', 'caption', 'caption', 'F', 'N', 'N', '', '');
INSERT INTO TABLE_FIELD_FACE (TABLENAME, FIELDNAME, EDIT_STYLE, EDIT_JSTL_PATH, VIEW_JSTL_PATH, SEARCH_STYLE, LOOKUP_STYLE, TRANSLATED, MINVALUE, MAXVALUE) VALUES ('MATERIAL_GROUP', 'MATERIAL_GROUP_ID', 'S', 'id', 'id', 'F', 'N', 'N', '', '');
INSERT INTO TABLE_FIELD_FACE (TABLENAME, FIELDNAME, EDIT_STYLE, EDIT_JSTL_PATH, VIEW_JSTL_PATH, SEARCH_STYLE, LOOKUP_STYLE, TRANSLATED, MINVALUE, MAXVALUE) VALUES ('MATERIAL_GROUP', 'OWNER_ID', 'H', 'ownerId', 'ownerId', 'F', 'N', 'N', '', '');
INSERT INTO TABLE_FIELD_FACE (TABLENAME, FIELDNAME, EDIT_STYLE, EDIT_JSTL_PATH, VIEW_JSTL_PATH, SEARCH_STYLE, LOOKUP_STYLE, TRANSLATED, MINVALUE, MAXVALUE) VALUES ('MATERIAL_GROUP', 'PARENT_ID', 'MATERIAL_GROUP', 'materialGroup.id', 'materialGroup.caption', 'L', 'C', 'N', '', '');
INSERT INTO TABLE_FIELD_FACE (TABLENAME, FIELDNAME, EDIT_STYLE, EDIT_JSTL_PATH, VIEW_JSTL_PATH, SEARCH_STYLE, LOOKUP_STYLE, TRANSLATED, MINVALUE, MAXVALUE) VALUES ('MATERIAL_GROUP', 'PURPOSE', 'T', 'purpose', 'purpose', 'F', 'N', 'N', '', '');


INSERT INTO TABLE_CONTROLLER_STATIC (TABLENAME, ROOTMAPPING, MODULE, CUSTOMER_SPECIFIC, ORGANIZATION_CHECK, CACHE_IN_HASH, SEARCH_VIEW, LIST_VIEW, EDIT_VIEW, SHOW_VIEW, SELECT_VIEW, ORDERBY, SEQUENCE_NAME) VALUES ('MATERIAL_GROUP_ASSIGNMENT', 'materialGroupAssignment', 'material', 'N', 'N', 'N', '', '', '', '', '', '', '');
INSERT INTO TABLE_FIELD_FACE (TABLENAME, FIELDNAME, EDIT_STYLE, EDIT_JSTL_PATH, VIEW_JSTL_PATH, SEARCH_STYLE, LOOKUP_STYLE, TRANSLATED, MINVALUE, MAXVALUE) VALUES ('MATERIAL_GROUP_ASSIGNMENT', 'BEGDA', 'D', 'begda', 'begda', 'F', 'N', 'N', '', '');
INSERT INTO TABLE_FIELD_FACE (TABLENAME, FIELDNAME, EDIT_STYLE, EDIT_JSTL_PATH, VIEW_JSTL_PATH, SEARCH_STYLE, LOOKUP_STYLE, TRANSLATED, MINVALUE, MAXVALUE) VALUES ('MATERIAL_GROUP_ASSIGNMENT', 'MATERIAL_GROUP_ID', 'H', 'id.materialGroupId', 'id.materialGroupId', 'F', 'N', 'N', '', '');
INSERT INTO TABLE_FIELD_FACE (TABLENAME, FIELDNAME, EDIT_STYLE, EDIT_JSTL_PATH, VIEW_JSTL_PATH, SEARCH_STYLE, LOOKUP_STYLE, TRANSLATED, MINVALUE, MAXVALUE) VALUES ('MATERIAL_GROUP_ASSIGNMENT', 'MATERIAL_ID', 'MATERIAL', 'id.materialId', 'material.caption', 'L', 'C', 'N', '', '');


INSERT INTO TABLE_CONTROLLER_STATIC (TABLENAME, ROOTMAPPING, MODULE, CUSTOMER_SPECIFIC, ORGANIZATION_CHECK, CACHE_IN_HASH, SEARCH_VIEW, LIST_VIEW, EDIT_VIEW, SHOW_VIEW, SELECT_VIEW, ORDERBY, SEQUENCE_NAME) VALUES ('MATERIAL_INVENTORY', 'materialInventory', 'material', 'N', 'Y', 'N', '', '', '', '', '', '', '');
INSERT INTO TABLE_FIELD_FACE (TABLENAME, FIELDNAME, EDIT_STYLE, EDIT_JSTL_PATH, VIEW_JSTL_PATH, SEARCH_STYLE, LOOKUP_STYLE, TRANSLATED, MINVALUE, MAXVALUE) VALUES ('MATERIAL_INVENTORY', 'COST', 'C', 'cost', 'cost', 'F', 'N', 'N', '', '');
INSERT INTO TABLE_FIELD_FACE (TABLENAME, FIELDNAME, EDIT_STYLE, EDIT_JSTL_PATH, VIEW_JSTL_PATH, SEARCH_STYLE, LOOKUP_STYLE, TRANSLATED, MINVALUE, MAXVALUE) VALUES ('MATERIAL_INVENTORY', 'MATERIAL_ID', 'H', 'id.materialId', 'id.materialId', 'F', 'N', 'N', '', '');
INSERT INTO TABLE_FIELD_FACE (TABLENAME, FIELDNAME, EDIT_STYLE, EDIT_JSTL_PATH, VIEW_JSTL_PATH, SEARCH_STYLE, LOOKUP_STYLE, TRANSLATED, MINVALUE, MAXVALUE) VALUES ('MATERIAL_INVENTORY', 'ORGANIZATION_ID', 'H', 'id.organizationId', 'id.organizationId', 'F', 'N', 'N', '', '');
INSERT INTO TABLE_FIELD_FACE (TABLENAME, FIELDNAME, EDIT_STYLE, EDIT_JSTL_PATH, VIEW_JSTL_PATH, SEARCH_STYLE, LOOKUP_STYLE, TRANSLATED, MINVALUE, MAXVALUE) VALUES ('MATERIAL_INVENTORY', 'QUANTITY', 'F', 'quantity', 'quantity', 'F', 'N', 'N', '', '');
INSERT INTO TABLE_FIELD_FACE (TABLENAME, FIELDNAME, EDIT_STYLE, EDIT_JSTL_PATH, VIEW_JSTL_PATH, SEARCH_STYLE, LOOKUP_STYLE, TRANSLATED, MINVALUE, MAXVALUE) VALUES ('MATERIAL_INVENTORY', 'RESERVE_UNIT', 'MEASUREMENT_UNIT', 'reserveUnit', 'reserveUnit', 'L', 'C', 'N', '', '');
INSERT INTO TABLE_FIELD_FACE (TABLENAME, FIELDNAME, EDIT_STYLE, EDIT_JSTL_PATH, VIEW_JSTL_PATH, SEARCH_STYLE, LOOKUP_STYLE, TRANSLATED, MINVALUE, MAXVALUE) VALUES ('MATERIAL_INVENTORY', 'RESERVED', 'F', 'reserved', 'reserved', 'F', 'N', 'N', '', '');
INSERT INTO TABLE_FIELD_FACE (TABLENAME, FIELDNAME, EDIT_STYLE, EDIT_JSTL_PATH, VIEW_JSTL_PATH, SEARCH_STYLE, LOOKUP_STYLE, TRANSLATED, MINVALUE, MAXVALUE) VALUES ('MATERIAL_INVENTORY', 'UNIT', 'MEASUREMENT_UNIT', 'unit', 'unit', 'L', 'C', 'N', '', '');


INSERT INTO TABLE_CONTROLLER_STATIC (TABLENAME, ROOTMAPPING, MODULE, CUSTOMER_SPECIFIC, ORGANIZATION_CHECK, CACHE_IN_HASH, SEARCH_VIEW, LIST_VIEW, EDIT_VIEW, SHOW_VIEW, SELECT_VIEW, ORDERBY, SEQUENCE_NAME) VALUES ('MATERIAL_INVENTORY_HISTORY', 'materialInventoryHistory', 'material', 'N', 'Y', 'N', '', '', '', '', '', '', '');
INSERT INTO TABLE_FIELD_FACE (TABLENAME, FIELDNAME, EDIT_STYLE, EDIT_JSTL_PATH, VIEW_JSTL_PATH, SEARCH_STYLE, LOOKUP_STYLE, TRANSLATED, MINVALUE, MAXVALUE) VALUES ('MATERIAL_INVENTORY_HISTORY', 'MATERIAL_ID', 'H', 'id.materialId', 'id.materialId', 'F', 'N', 'N', '', '');
INSERT INTO TABLE_FIELD_FACE (TABLENAME, FIELDNAME, EDIT_STYLE, EDIT_JSTL_PATH, VIEW_JSTL_PATH, SEARCH_STYLE, LOOKUP_STYLE, TRANSLATED, MINVALUE, MAXVALUE) VALUES ('MATERIAL_INVENTORY_HISTORY', 'MONTH', 'I1', 'month', 'month', 'F', 'N', 'N', '', '');
INSERT INTO TABLE_FIELD_FACE (TABLENAME, FIELDNAME, EDIT_STYLE, EDIT_JSTL_PATH, VIEW_JSTL_PATH, SEARCH_STYLE, LOOKUP_STYLE, TRANSLATED, MINVALUE, MAXVALUE) VALUES ('MATERIAL_INVENTORY_HISTORY', 'ORGANIZATION_ID', 'H', 'id.organizationId', 'id.organizationId', 'F', 'N', 'N', '', '');
INSERT INTO TABLE_FIELD_FACE (TABLENAME, FIELDNAME, EDIT_STYLE, EDIT_JSTL_PATH, VIEW_JSTL_PATH, SEARCH_STYLE, LOOKUP_STYLE, TRANSLATED, MINVALUE, MAXVALUE) VALUES ('MATERIAL_INVENTORY_HISTORY', 'PERIOD_END', 'D', 'id.periodEnd', 'id.periodEnd', 'F', 'N', 'N', '', '');
INSERT INTO TABLE_FIELD_FACE (TABLENAME, FIELDNAME, EDIT_STYLE, EDIT_JSTL_PATH, VIEW_JSTL_PATH, SEARCH_STYLE, LOOKUP_STYLE, TRANSLATED, MINVALUE, MAXVALUE) VALUES ('MATERIAL_INVENTORY_HISTORY', 'QUARTER', 'I1', 'quarter', 'quarter', 'F', 'N', 'N', '', '');
INSERT INTO TABLE_FIELD_FACE (TABLENAME, FIELDNAME, EDIT_STYLE, EDIT_JSTL_PATH, VIEW_JSTL_PATH, SEARCH_STYLE, LOOKUP_STYLE, TRANSLATED, MINVALUE, MAXVALUE) VALUES ('MATERIAL_INVENTORY_HISTORY', 'WEEK', 'I1', 'week', 'week', 'F', 'N', 'N', '', '');
INSERT INTO TABLE_FIELD_FACE (TABLENAME, FIELDNAME, EDIT_STYLE, EDIT_JSTL_PATH, VIEW_JSTL_PATH, SEARCH_STYLE, LOOKUP_STYLE, TRANSLATED, MINVALUE, MAXVALUE) VALUES ('MATERIAL_INVENTORY_HISTORY', 'YEAR', 'I2', 'year', 'year', 'F', 'N', 'N', '', '');


INSERT INTO TABLE_CONTROLLER_STATIC (TABLENAME, ROOTMAPPING, MODULE, CUSTOMER_SPECIFIC, ORGANIZATION_CHECK, CACHE_IN_HASH, SEARCH_VIEW, LIST_VIEW, EDIT_VIEW, SHOW_VIEW, SELECT_VIEW, ORDERBY, SEQUENCE_NAME) VALUES ('MATERIAL_MOVEMENT', 'materialMovement', 'material', 'N', 'N', 'N', '', '', '', '', '', '', 'MATERIAL_MOVEMENT_ID_SEQ');
INSERT INTO TABLE_FIELD_FACE (TABLENAME, FIELDNAME, EDIT_STYLE, EDIT_JSTL_PATH, VIEW_JSTL_PATH, SEARCH_STYLE, LOOKUP_STYLE, TRANSLATED, MINVALUE, MAXVALUE) VALUES ('MATERIAL_MOVEMENT', 'BEGDA', 'R', 'begda', 'begda', 'F', 'N', 'N', '', '');
INSERT INTO TABLE_FIELD_FACE (TABLENAME, FIELDNAME, EDIT_STYLE, EDIT_JSTL_PATH, VIEW_JSTL_PATH, SEARCH_STYLE, LOOKUP_STYLE, TRANSLATED, MINVALUE, MAXVALUE) VALUES ('MATERIAL_MOVEMENT', 'FROM_ID', 'I4', 'fromId', 'fromId', 'F', 'N', 'N', '', '');
INSERT INTO TABLE_FIELD_FACE (TABLENAME, FIELDNAME, EDIT_STYLE, EDIT_JSTL_PATH, VIEW_JSTL_PATH, SEARCH_STYLE, LOOKUP_STYLE, TRANSLATED, MINVALUE, MAXVALUE) VALUES ('MATERIAL_MOVEMENT', 'FROM_TYPE', 'T', 'fromType', 'fromType', 'F', 'N', 'N', '', '');
INSERT INTO TABLE_FIELD_FACE (TABLENAME, FIELDNAME, EDIT_STYLE, EDIT_JSTL_PATH, VIEW_JSTL_PATH, SEARCH_STYLE, LOOKUP_STYLE, TRANSLATED, MINVALUE, MAXVALUE) VALUES ('MATERIAL_MOVEMENT', 'MATERIAL_ID', 'H', 'material.id', 'material.id', 'F', 'N', 'N', '', '');
INSERT INTO TABLE_FIELD_FACE (TABLENAME, FIELDNAME, EDIT_STYLE, EDIT_JSTL_PATH, VIEW_JSTL_PATH, SEARCH_STYLE, LOOKUP_STYLE, TRANSLATED, MINVALUE, MAXVALUE) VALUES ('MATERIAL_MOVEMENT', 'MM_TX_ID', 'S', 'id', 'id', 'F', 'N', 'N', '', '');
INSERT INTO TABLE_FIELD_FACE (TABLENAME, FIELDNAME, EDIT_STYLE, EDIT_JSTL_PATH, VIEW_JSTL_PATH, SEARCH_STYLE, LOOKUP_STYLE, TRANSLATED, MINVALUE, MAXVALUE) VALUES ('MATERIAL_MOVEMENT', 'MOVE_TYPE', 'MATERIAL_MOVE_TYPE', 'moveType', 'moveType', 'L', 'C', 'N', '', '');
INSERT INTO TABLE_FIELD_FACE (TABLENAME, FIELDNAME, EDIT_STYLE, EDIT_JSTL_PATH, VIEW_JSTL_PATH, SEARCH_STYLE, LOOKUP_STYLE, TRANSLATED, MINVALUE, MAXVALUE) VALUES ('MATERIAL_MOVEMENT', 'ORDER_ID', 'I4', 'orderId', 'orderId', 'F', 'N', 'N', '', '');
INSERT INTO TABLE_FIELD_FACE (TABLENAME, FIELDNAME, EDIT_STYLE, EDIT_JSTL_PATH, VIEW_JSTL_PATH, SEARCH_STYLE, LOOKUP_STYLE, TRANSLATED, MINVALUE, MAXVALUE) VALUES ('MATERIAL_MOVEMENT', 'ORDER_TYPE', 'ORDER_TYPE', 'orderType', 'orderType', 'L', 'C', 'N', '', '');
INSERT INTO TABLE_FIELD_FACE (TABLENAME, FIELDNAME, EDIT_STYLE, EDIT_JSTL_PATH, VIEW_JSTL_PATH, SEARCH_STYLE, LOOKUP_STYLE, TRANSLATED, MINVALUE, MAXVALUE) VALUES ('MATERIAL_MOVEMENT', 'QUANTITY', 'F', 'quantity', 'quantity', 'F', 'N', 'N', '', '');
INSERT INTO TABLE_FIELD_FACE (TABLENAME, FIELDNAME, EDIT_STYLE, EDIT_JSTL_PATH, VIEW_JSTL_PATH, SEARCH_STYLE, LOOKUP_STYLE, TRANSLATED, MINVALUE, MAXVALUE) VALUES ('MATERIAL_MOVEMENT', 'REVERS_TX_ID', 'I4', 'reversTxId', 'reversTxId', 'F', 'N', 'N', '', '');
INSERT INTO TABLE_FIELD_FACE (TABLENAME, FIELDNAME, EDIT_STYLE, EDIT_JSTL_PATH, VIEW_JSTL_PATH, SEARCH_STYLE, LOOKUP_STYLE, TRANSLATED, MINVALUE, MAXVALUE) VALUES ('MATERIAL_MOVEMENT', 'REVERSED', 'T', 'reversed', 'reversed', 'F', 'N', 'N', '', '');
INSERT INTO TABLE_FIELD_FACE (TABLENAME, FIELDNAME, EDIT_STYLE, EDIT_JSTL_PATH, VIEW_JSTL_PATH, SEARCH_STYLE, LOOKUP_STYLE, TRANSLATED, MINVALUE, MAXVALUE) VALUES ('MATERIAL_MOVEMENT', 'TO_ID', 'I4', 'toId', 'toId', 'F', 'N', 'N', '', '');
INSERT INTO TABLE_FIELD_FACE (TABLENAME, FIELDNAME, EDIT_STYLE, EDIT_JSTL_PATH, VIEW_JSTL_PATH, SEARCH_STYLE, LOOKUP_STYLE, TRANSLATED, MINVALUE, MAXVALUE) VALUES ('MATERIAL_MOVEMENT', 'TO_TYPE', 'T', 'toType', 'toType', 'F', 'N', 'N', '', '');
INSERT INTO TABLE_FIELD_FACE (TABLENAME, FIELDNAME, EDIT_STYLE, EDIT_JSTL_PATH, VIEW_JSTL_PATH, SEARCH_STYLE, LOOKUP_STYLE, TRANSLATED, MINVALUE, MAXVALUE) VALUES ('MATERIAL_MOVEMENT', 'UNIT', 'MEASUREMENT_UNIT', 'unit', 'unit', 'L', 'C', 'N', '', '');
INSERT INTO TABLE_FIELD_FACE (TABLENAME, FIELDNAME, EDIT_STYLE, EDIT_JSTL_PATH, VIEW_JSTL_PATH, SEARCH_STYLE, LOOKUP_STYLE, TRANSLATED, MINVALUE, MAXVALUE) VALUES ('MATERIAL_MOVEMENT', 'USERNAME', 'T', 'username', 'username', 'F', 'N', 'N', '', '');


INSERT INTO TABLE_CONTROLLER_STATIC (TABLENAME, ROOTMAPPING, MODULE, CUSTOMER_SPECIFIC, ORGANIZATION_CHECK, CACHE_IN_HASH, SEARCH_VIEW, LIST_VIEW, EDIT_VIEW, SHOW_VIEW, SELECT_VIEW, ORDERBY, SEQUENCE_NAME) VALUES ('MATERIAL_PACK_UNIT', 'materialPackUnit', 'material', 'N', 'N', 'N', '', '', '', '', '', '', '');
INSERT INTO TABLE_FIELD_FACE (TABLENAME, FIELDNAME, EDIT_STYLE, EDIT_JSTL_PATH, VIEW_JSTL_PATH, SEARCH_STYLE, LOOKUP_STYLE, TRANSLATED, MINVALUE, MAXVALUE) VALUES ('MATERIAL_PACK_UNIT', 'MATERIAL_ID', 'H', 'id.materialId', 'id.materialId', 'F', 'N', 'N', '', '');
INSERT INTO TABLE_FIELD_FACE (TABLENAME, FIELDNAME, EDIT_STYLE, EDIT_JSTL_PATH, VIEW_JSTL_PATH, SEARCH_STYLE, LOOKUP_STYLE, TRANSLATED, MINVALUE, MAXVALUE) VALUES ('MATERIAL_PACK_UNIT', 'PACK', 'T', 'id.pack', 'id.pack', 'F', 'N', 'N', '', '');
INSERT INTO TABLE_FIELD_FACE (TABLENAME, FIELDNAME, EDIT_STYLE, EDIT_JSTL_PATH, VIEW_JSTL_PATH, SEARCH_STYLE, LOOKUP_STYLE, TRANSLATED, MINVALUE, MAXVALUE) VALUES ('MATERIAL_PACK_UNIT', 'QUANTITY', 'F', 'quantity', 'quantity', 'F', 'N', 'N', '', '');
INSERT INTO TABLE_FIELD_FACE (TABLENAME, FIELDNAME, EDIT_STYLE, EDIT_JSTL_PATH, VIEW_JSTL_PATH, SEARCH_STYLE, LOOKUP_STYLE, TRANSLATED, MINVALUE, MAXVALUE) VALUES ('MATERIAL_PACK_UNIT', 'UNIT', 'MEASUREMENT_UNIT', 'unit', 'unit', 'L', 'C', 'N', '', '');


INSERT INTO TABLE_CONTROLLER_STATIC (TABLENAME, ROOTMAPPING, MODULE, CUSTOMER_SPECIFIC, ORGANIZATION_CHECK, CACHE_IN_HASH, SEARCH_VIEW, LIST_VIEW, EDIT_VIEW, SHOW_VIEW, SELECT_VIEW, ORDERBY, SEQUENCE_NAME) VALUES ('MATERIAL_RESERVATION', 'materialReservation', 'material', 'N', 'N', 'N', '', '', '', '', '', '', 'MATERIAL_RESERVATION_ID_SEQ');
INSERT INTO TABLE_FIELD_FACE (TABLENAME, FIELDNAME, EDIT_STYLE, EDIT_JSTL_PATH, VIEW_JSTL_PATH, SEARCH_STYLE, LOOKUP_STYLE, TRANSLATED, MINVALUE, MAXVALUE) VALUES ('MATERIAL_RESERVATION', 'BEGDA', 'DT', 'begda', 'begda', 'F', 'N', 'N', '', '');
INSERT INTO TABLE_FIELD_FACE (TABLENAME, FIELDNAME, EDIT_STYLE, EDIT_JSTL_PATH, VIEW_JSTL_PATH, SEARCH_STYLE, LOOKUP_STYLE, TRANSLATED, MINVALUE, MAXVALUE) VALUES ('MATERIAL_RESERVATION', 'MATERIAL_ID', 'H', 'material.id', 'material.id', 'F', 'N', 'N', '', '');
INSERT INTO TABLE_FIELD_FACE (TABLENAME, FIELDNAME, EDIT_STYLE, EDIT_JSTL_PATH, VIEW_JSTL_PATH, SEARCH_STYLE, LOOKUP_STYLE, TRANSLATED, MINVALUE, MAXVALUE) VALUES ('MATERIAL_RESERVATION', 'ORDER_ID', 'I4', 'orderId', 'orderId', 'F', 'N', 'N', '', '');
INSERT INTO TABLE_FIELD_FACE (TABLENAME, FIELDNAME, EDIT_STYLE, EDIT_JSTL_PATH, VIEW_JSTL_PATH, SEARCH_STYLE, LOOKUP_STYLE, TRANSLATED, MINVALUE, MAXVALUE) VALUES ('MATERIAL_RESERVATION', 'ORDER_TYPE', 'ORDER_TYPE', 'orderType', 'orderType', 'L', 'C', 'N', '', '');
INSERT INTO TABLE_FIELD_FACE (TABLENAME, FIELDNAME, EDIT_STYLE, EDIT_JSTL_PATH, VIEW_JSTL_PATH, SEARCH_STYLE, LOOKUP_STYLE, TRANSLATED, MINVALUE, MAXVALUE) VALUES ('MATERIAL_RESERVATION', 'QUANTITY', 'F', 'quantity', 'quantity', 'F', 'N', 'N', '', '');
INSERT INTO TABLE_FIELD_FACE (TABLENAME, FIELDNAME, EDIT_STYLE, EDIT_JSTL_PATH, VIEW_JSTL_PATH, SEARCH_STYLE, LOOKUP_STYLE, TRANSLATED, MINVALUE, MAXVALUE) VALUES ('MATERIAL_RESERVATION', 'RESERVATION_ID', 'S', 'id', 'id', 'F', 'N', 'N', '', '');
INSERT INTO TABLE_FIELD_FACE (TABLENAME, FIELDNAME, EDIT_STYLE, EDIT_JSTL_PATH, VIEW_JSTL_PATH, SEARCH_STYLE, LOOKUP_STYLE, TRANSLATED, MINVALUE, MAXVALUE) VALUES ('MATERIAL_RESERVATION', 'STATUS', 'RESERVATION_STATUS', 'status', 'status', 'L', 'C', 'N', '', '');
INSERT INTO TABLE_FIELD_FACE (TABLENAME, FIELDNAME, EDIT_STYLE, EDIT_JSTL_PATH, VIEW_JSTL_PATH, SEARCH_STYLE, LOOKUP_STYLE, TRANSLATED, MINVALUE, MAXVALUE) VALUES ('MATERIAL_RESERVATION', 'UNIT', 'MEASUREMENT_UNIT', 'unit', 'unit', 'L', 'C', 'N', '', '');


INSERT INTO TABLE_CONTROLLER_STATIC (TABLENAME, ROOTMAPPING, MODULE, CUSTOMER_SPECIFIC, ORGANIZATION_CHECK, CACHE_IN_HASH, SEARCH_VIEW, LIST_VIEW, EDIT_VIEW, SHOW_VIEW, SELECT_VIEW, ORDERBY, SEQUENCE_NAME) VALUES ('MATERIAL_SALE_PRICE', 'materialSalePrice', 'material', 'N', 'N', 'N', '', '', '', '', '', '', '');
INSERT INTO TABLE_FIELD_FACE (TABLENAME, FIELDNAME, EDIT_STYLE, EDIT_JSTL_PATH, VIEW_JSTL_PATH, SEARCH_STYLE, LOOKUP_STYLE, TRANSLATED, MINVALUE, MAXVALUE) VALUES ('MATERIAL_SALE_PRICE', 'BEGDA', 'D', 'id.begda', 'id.begda', 'F', 'N', 'N', '', '');
INSERT INTO TABLE_FIELD_FACE (TABLENAME, FIELDNAME, EDIT_STYLE, EDIT_JSTL_PATH, VIEW_JSTL_PATH, SEARCH_STYLE, LOOKUP_STYLE, TRANSLATED, MINVALUE, MAXVALUE) VALUES ('MATERIAL_SALE_PRICE', 'ENDDA', 'D', 'endda', 'endda', 'F', 'N', 'N', '', '');
INSERT INTO TABLE_FIELD_FACE (TABLENAME, FIELDNAME, EDIT_STYLE, EDIT_JSTL_PATH, VIEW_JSTL_PATH, SEARCH_STYLE, LOOKUP_STYLE, TRANSLATED, MINVALUE, MAXVALUE) VALUES ('MATERIAL_SALE_PRICE', 'MATERIAL_ID', 'H', 'id.materialId', 'id.materialId', 'F', 'N', 'N', '', '');
INSERT INTO TABLE_FIELD_FACE (TABLENAME, FIELDNAME, EDIT_STYLE, EDIT_JSTL_PATH, VIEW_JSTL_PATH, SEARCH_STYLE, LOOKUP_STYLE, TRANSLATED, MINVALUE, MAXVALUE) VALUES ('MATERIAL_SALE_PRICE', 'PRICE', 'C', 'price', 'price', 'F', 'N', 'N', '', '');


INSERT INTO TABLE_CONTROLLER_STATIC (TABLENAME, ROOTMAPPING, MODULE, CUSTOMER_SPECIFIC, ORGANIZATION_CHECK, CACHE_IN_HASH, SEARCH_VIEW, LIST_VIEW, EDIT_VIEW, SHOW_VIEW, SELECT_VIEW, ORDERBY, SEQUENCE_NAME) VALUES ('MATERIAL_SALE_TAX', 'materialSaleTax', 'material', 'N', 'N', 'N', '', '', '', '', '', '', '');
INSERT INTO TABLE_FIELD_FACE (TABLENAME, FIELDNAME, EDIT_STYLE, EDIT_JSTL_PATH, VIEW_JSTL_PATH, SEARCH_STYLE, LOOKUP_STYLE, TRANSLATED, MINVALUE, MAXVALUE) VALUES ('MATERIAL_SALE_TAX', 'BEGDA', 'D', 'id.begda', 'id.begda', 'F', 'N', 'N', '', '');
INSERT INTO TABLE_FIELD_FACE (TABLENAME, FIELDNAME, EDIT_STYLE, EDIT_JSTL_PATH, VIEW_JSTL_PATH, SEARCH_STYLE, LOOKUP_STYLE, TRANSLATED, MINVALUE, MAXVALUE) VALUES ('MATERIAL_SALE_TAX', 'ENDDA', 'D', 'endda', 'endda', 'F', 'N', 'N', '', '');
INSERT INTO TABLE_FIELD_FACE (TABLENAME, FIELDNAME, EDIT_STYLE, EDIT_JSTL_PATH, VIEW_JSTL_PATH, SEARCH_STYLE, LOOKUP_STYLE, TRANSLATED, MINVALUE, MAXVALUE) VALUES ('MATERIAL_SALE_TAX', 'MATERIAL_ID', 'H', 'id.materialId', 'id.materialId', 'F', 'N', 'N', '', '');
INSERT INTO TABLE_FIELD_FACE (TABLENAME, FIELDNAME, EDIT_STYLE, EDIT_JSTL_PATH, VIEW_JSTL_PATH, SEARCH_STYLE, LOOKUP_STYLE, TRANSLATED, MINVALUE, MAXVALUE) VALUES ('MATERIAL_SALE_TAX', 'RATE', 'F', 'rate', 'rate', 'F', 'N', 'N', '', '');
INSERT INTO TABLE_FIELD_FACE (TABLENAME, FIELDNAME, EDIT_STYLE, EDIT_JSTL_PATH, VIEW_JSTL_PATH, SEARCH_STYLE, LOOKUP_STYLE, TRANSLATED, MINVALUE, MAXVALUE) VALUES ('MATERIAL_SALE_TAX', 'TAX_ID', 'TAX_TYPE', 'id.taxId', 'id.taxId', 'L', 'C', 'N', '', '');


INSERT INTO TABLE_CONTROLLER_STATIC (TABLENAME, ROOTMAPPING, MODULE, CUSTOMER_SPECIFIC, ORGANIZATION_CHECK, CACHE_IN_HASH, SEARCH_VIEW, LIST_VIEW, EDIT_VIEW, SHOW_VIEW, SELECT_VIEW, ORDERBY, SEQUENCE_NAME) VALUES ('MATERIAL_TYPE', 'materialType', 'material', 'N', 'N', 'N', '', '', '', '', '', '', '');
INSERT INTO TABLE_FIELD_FACE (TABLENAME, FIELDNAME, EDIT_STYLE, EDIT_JSTL_PATH, VIEW_JSTL_PATH, SEARCH_STYLE, LOOKUP_STYLE, TRANSLATED, MINVALUE, MAXVALUE) VALUES ('MATERIAL_TYPE', 'CAPTION', 'T', 'caption', 'caption', 'F', 'N', 'N', '', '');
INSERT INTO TABLE_FIELD_FACE (TABLENAME, FIELDNAME, EDIT_STYLE, EDIT_JSTL_PATH, VIEW_JSTL_PATH, SEARCH_STYLE, LOOKUP_STYLE, TRANSLATED, MINVALUE, MAXVALUE) VALUES ('MATERIAL_TYPE', 'LOGO', 'T', 'logo', 'logo', 'F', 'N', 'N', '', '');
INSERT INTO TABLE_FIELD_FACE (TABLENAME, FIELDNAME, EDIT_STYLE, EDIT_JSTL_PATH, VIEW_JSTL_PATH, SEARCH_STYLE, LOOKUP_STYLE, TRANSLATED, MINVALUE, MAXVALUE) VALUES ('MATERIAL_TYPE', 'MASTER', 'MATERIAL_GROUP', 'master', 'master', 'L', 'T', 'N', '', '');
INSERT INTO TABLE_FIELD_FACE (TABLENAME, FIELDNAME, EDIT_STYLE, EDIT_JSTL_PATH, VIEW_JSTL_PATH, SEARCH_STYLE, LOOKUP_STYLE, TRANSLATED, MINVALUE, MAXVALUE) VALUES ('MATERIAL_TYPE', 'MATERIAL_TYPE_ID', 'T', 'id', 'id', 'F', 'N', 'N', '', '');
INSERT INTO TABLE_FIELD_FACE (TABLENAME, FIELDNAME, EDIT_STYLE, EDIT_JSTL_PATH, VIEW_JSTL_PATH, SEARCH_STYLE, LOOKUP_STYLE, TRANSLATED, MINVALUE, MAXVALUE) VALUES ('MATERIAL_TYPE', 'UNIT', 'MEASUREMENT_UNIT', 'unit', 'unit', 'L', 'C', 'N', '', '');


INSERT INTO TABLE_CONTROLLER_STATIC (TABLENAME, ROOTMAPPING, MODULE, CUSTOMER_SPECIFIC, ORGANIZATION_CHECK, CACHE_IN_HASH, SEARCH_VIEW, LIST_VIEW, EDIT_VIEW, SHOW_VIEW, SELECT_VIEW, ORDERBY, SEQUENCE_NAME) VALUES ('MATERIAL_TYPE_ATTRIBUTE', 'materialTypeAttribute', 'material', 'N', 'N', 'N', '', '', '', '', '', '', '');
INSERT INTO TABLE_FIELD_FACE (TABLENAME, FIELDNAME, EDIT_STYLE, EDIT_JSTL_PATH, VIEW_JSTL_PATH, SEARCH_STYLE, LOOKUP_STYLE, TRANSLATED, MINVALUE, MAXVALUE) VALUES ('MATERIAL_TYPE_ATTRIBUTE', 'DEFAULT_VALUE', 'T', 'defaultValue', 'defaultValue', 'F', 'N', 'N', '', '');
INSERT INTO TABLE_FIELD_FACE (TABLENAME, FIELDNAME, EDIT_STYLE, EDIT_JSTL_PATH, VIEW_JSTL_PATH, SEARCH_STYLE, LOOKUP_STYLE, TRANSLATED, MINVALUE, MAXVALUE) VALUES ('MATERIAL_TYPE_ATTRIBUTE', 'MAG_ID', 'MATERIAL_ATTRIBUTE_GROUP', 'id.magId', 'materialAttributeGroup.caption', 'F', 'C', 'N', '', '');
INSERT INTO TABLE_FIELD_FACE (TABLENAME, FIELDNAME, EDIT_STYLE, EDIT_JSTL_PATH, VIEW_JSTL_PATH, SEARCH_STYLE, LOOKUP_STYLE, TRANSLATED, MINVALUE, MAXVALUE) VALUES ('MATERIAL_TYPE_ATTRIBUTE', 'MANDATORY', 'YESNO', 'mandatory', 'mandatory', 'F', 'R', 'N', '', '');
INSERT INTO TABLE_FIELD_FACE (TABLENAME, FIELDNAME, EDIT_STYLE, EDIT_JSTL_PATH, VIEW_JSTL_PATH, SEARCH_STYLE, LOOKUP_STYLE, TRANSLATED, MINVALUE, MAXVALUE) VALUES ('MATERIAL_TYPE_ATTRIBUTE', 'MATERIAL_TYPE_ID', 'H', 'id.materialTypeId', 'id.materialTypeId', 'F', 'N', 'N', '', '');


INSERT INTO TABLE_CONTROLLER_STATIC (TABLENAME, ROOTMAPPING, MODULE, CUSTOMER_SPECIFIC, ORGANIZATION_CHECK, CACHE_IN_HASH, SEARCH_VIEW, LIST_VIEW, EDIT_VIEW, SHOW_VIEW, SELECT_VIEW, ORDERBY, SEQUENCE_NAME) VALUES ('CREDIT_CARD', 'creditCard', 'personnel', 'N', 'N', 'N', '', '', '', '', '', '', '');
INSERT INTO TABLE_FIELD_FACE (TABLENAME, FIELDNAME, EDIT_STYLE, EDIT_JSTL_PATH, VIEW_JSTL_PATH, SEARCH_STYLE, LOOKUP_STYLE, TRANSLATED, MINVALUE, MAXVALUE) VALUES ('CREDIT_CARD', 'CARD_NUMBER', 'T', 'id', 'id', 'F', 'N', 'N', '', '');
INSERT INTO TABLE_FIELD_FACE (TABLENAME, FIELDNAME, EDIT_STYLE, EDIT_JSTL_PATH, VIEW_JSTL_PATH, SEARCH_STYLE, LOOKUP_STYLE, TRANSLATED, MINVALUE, MAXVALUE) VALUES ('CREDIT_CARD', 'CVC2', 'T', 'cvc2', 'cvc2', 'F', 'N', 'N', '', '');
INSERT INTO TABLE_FIELD_FACE (TABLENAME, FIELDNAME, EDIT_STYLE, EDIT_JSTL_PATH, VIEW_JSTL_PATH, SEARCH_STYLE, LOOKUP_STYLE, TRANSLATED, MINVALUE, MAXVALUE) VALUES ('CREDIT_CARD', 'EXPIRE_MONTH', 'I2', 'expireMonth', 'expireMonth', 'F', 'N', 'N', '', '');
INSERT INTO TABLE_FIELD_FACE (TABLENAME, FIELDNAME, EDIT_STYLE, EDIT_JSTL_PATH, VIEW_JSTL_PATH, SEARCH_STYLE, LOOKUP_STYLE, TRANSLATED, MINVALUE, MAXVALUE) VALUES ('CREDIT_CARD', 'EXPIRE_YEAR', 'I2', 'expireYear', 'expireYear', 'F', 'N', 'N', '', '');
INSERT INTO TABLE_FIELD_FACE (TABLENAME, FIELDNAME, EDIT_STYLE, EDIT_JSTL_PATH, VIEW_JSTL_PATH, SEARCH_STYLE, LOOKUP_STYLE, TRANSLATED, MINVALUE, MAXVALUE) VALUES ('CREDIT_CARD', 'NAME_ON_CARD', 'T', 'nameOnCard', 'nameOnCard', 'F', 'N', 'N', '', '');
INSERT INTO TABLE_FIELD_FACE (TABLENAME, FIELDNAME, EDIT_STYLE, EDIT_JSTL_PATH, VIEW_JSTL_PATH, SEARCH_STYLE, LOOKUP_STYLE, TRANSLATED, MINVALUE, MAXVALUE) VALUES ('CREDIT_CARD', 'PERSON_ID', 'PERSON', 'personId', 'personId', 'F', 'N', 'N', '', '');


INSERT INTO TABLE_CONTROLLER_STATIC (TABLENAME, ROOTMAPPING, MODULE, CUSTOMER_SPECIFIC, ORGANIZATION_CHECK, CACHE_IN_HASH, SEARCH_VIEW, LIST_VIEW, EDIT_VIEW, SHOW_VIEW, SELECT_VIEW, ORDERBY, SEQUENCE_NAME) VALUES ('EMPLOYEE', 'employee', 'personnel', 'Y', 'N', 'N', '', '', '', '', '', '', '');
INSERT INTO TABLE_FIELD_FACE (TABLENAME, FIELDNAME, EDIT_STYLE, EDIT_JSTL_PATH, VIEW_JSTL_PATH, SEARCH_STYLE, LOOKUP_STYLE, TRANSLATED, MINVALUE, MAXVALUE) VALUES ('EMPLOYEE', 'CELL_PHONE', 'T', 'cellPhone', 'cellPhone', 'F', 'N', 'N', '', '');
INSERT INTO TABLE_FIELD_FACE (TABLENAME, FIELDNAME, EDIT_STYLE, EDIT_JSTL_PATH, VIEW_JSTL_PATH, SEARCH_STYLE, LOOKUP_STYLE, TRANSLATED, MINVALUE, MAXVALUE) VALUES ('EMPLOYEE', 'DEPARTURE', 'D', 'departure', 'departure', 'F', 'N', 'N', '', '');
INSERT INTO TABLE_FIELD_FACE (TABLENAME, FIELDNAME, EDIT_STYLE, EDIT_JSTL_PATH, VIEW_JSTL_PATH, SEARCH_STYLE, LOOKUP_STYLE, TRANSLATED, MINVALUE, MAXVALUE) VALUES ('EMPLOYEE', 'DEPARTURE_TYPE', 'DEPARTURE_TYPE', 'departureType', 'departureType', 'L', 'C', 'N', '', '');
INSERT INTO TABLE_FIELD_FACE (TABLENAME, FIELDNAME, EDIT_STYLE, EDIT_JSTL_PATH, VIEW_JSTL_PATH, SEARCH_STYLE, LOOKUP_STYLE, TRANSLATED, MINVALUE, MAXVALUE) VALUES ('EMPLOYEE', 'EMAIL_ADDRESS', 'T', 'emailAddress', 'emailAddress', 'F', 'N', 'N', '', '');
INSERT INTO TABLE_FIELD_FACE (TABLENAME, FIELDNAME, EDIT_STYLE, EDIT_JSTL_PATH, VIEW_JSTL_PATH, SEARCH_STYLE, LOOKUP_STYLE, TRANSLATED, MINVALUE, MAXVALUE) VALUES ('EMPLOYEE', 'EMPLOYMENT', 'D', 'id.employment', 'id.employment', 'F', 'N', 'N', '', '');
INSERT INTO TABLE_FIELD_FACE (TABLENAME, FIELDNAME, EDIT_STYLE, EDIT_JSTL_PATH, VIEW_JSTL_PATH, SEARCH_STYLE, LOOKUP_STYLE, TRANSLATED, MINVALUE, MAXVALUE) VALUES ('EMPLOYEE', 'OWNER_ID', 'H', 'ownerId', 'ownerId', 'F', 'N', 'N', '', '');
INSERT INTO TABLE_FIELD_FACE (TABLENAME, FIELDNAME, EDIT_STYLE, EDIT_JSTL_PATH, VIEW_JSTL_PATH, SEARCH_STYLE, LOOKUP_STYLE, TRANSLATED, MINVALUE, MAXVALUE) VALUES ('EMPLOYEE', 'PERSON_ID', 'H', 'id.personId', 'id.personId', 'F', 'N', 'N', '', '');
INSERT INTO TABLE_FIELD_FACE (TABLENAME, FIELDNAME, EDIT_STYLE, EDIT_JSTL_PATH, VIEW_JSTL_PATH, SEARCH_STYLE, LOOKUP_STYLE, TRANSLATED, MINVALUE, MAXVALUE) VALUES ('EMPLOYEE', 'POSITION', 'T', 'position', 'position', 'F', 'N', 'N', '', '');
INSERT INTO TABLE_FIELD_FACE (TABLENAME, FIELDNAME, EDIT_STYLE, EDIT_JSTL_PATH, VIEW_JSTL_PATH, SEARCH_STYLE, LOOKUP_STYLE, TRANSLATED, MINVALUE, MAXVALUE) VALUES ('EMPLOYEE', 'WORK_PHONE', 'T', 'workPhone', 'workPhone', 'F', 'N', 'N', '', '');


INSERT INTO TABLE_CONTROLLER_STATIC (TABLENAME, ROOTMAPPING, MODULE, CUSTOMER_SPECIFIC, ORGANIZATION_CHECK, CACHE_IN_HASH, SEARCH_VIEW, LIST_VIEW, EDIT_VIEW, SHOW_VIEW, SELECT_VIEW, ORDERBY, SEQUENCE_NAME) VALUES ('ORGANIZATION', 'organization', 'personnel', 'Y', 'Y', 'N', '', '', '', '', '', '', 'ORGANIZATION_ID_SEQ');
INSERT INTO TABLE_FIELD_FACE (TABLENAME, FIELDNAME, EDIT_STYLE, EDIT_JSTL_PATH, VIEW_JSTL_PATH, SEARCH_STYLE, LOOKUP_STYLE, TRANSLATED, MINVALUE, MAXVALUE) VALUES ('ORGANIZATION', 'ADDRESS_ID', 'PARTNER_ADDRESS', 'partnerAddress.id.addressId', 'partnerAddress.street', 'L', 'C', 'N', '', '');
INSERT INTO TABLE_FIELD_FACE (TABLENAME, FIELDNAME, EDIT_STYLE, EDIT_JSTL_PATH, VIEW_JSTL_PATH, SEARCH_STYLE, LOOKUP_STYLE, TRANSLATED, MINVALUE, MAXVALUE) VALUES ('ORGANIZATION', 'CAPTION', 'T', 'caption', 'caption', 'F', 'N', 'N', '', '');
INSERT INTO TABLE_FIELD_FACE (TABLENAME, FIELDNAME, EDIT_STYLE, EDIT_JSTL_PATH, VIEW_JSTL_PATH, SEARCH_STYLE, LOOKUP_STYLE, TRANSLATED, MINVALUE, MAXVALUE) VALUES ('ORGANIZATION', 'ORGANIZATION_ID', 'S', 'id', 'id', 'F', 'N', 'N', '', '');
INSERT INTO TABLE_FIELD_FACE (TABLENAME, FIELDNAME, EDIT_STYLE, EDIT_JSTL_PATH, VIEW_JSTL_PATH, SEARCH_STYLE, LOOKUP_STYLE, TRANSLATED, MINVALUE, MAXVALUE) VALUES ('ORGANIZATION', 'ORGANIZATION_TYPE', 'ORGANIZATION_TYPE', 'organizationType', 'organizationType', 'L', 'C', 'N', '', '');
INSERT INTO TABLE_FIELD_FACE (TABLENAME, FIELDNAME, EDIT_STYLE, EDIT_JSTL_PATH, VIEW_JSTL_PATH, SEARCH_STYLE, LOOKUP_STYLE, TRANSLATED, MINVALUE, MAXVALUE) VALUES ('ORGANIZATION', 'OWNER_ID', 'H', 'partnerAddress.id.businessPartnerId', 'partnerAddress.id.businessPartnerId', 'F', 'N', 'N', '', '');
INSERT INTO TABLE_FIELD_FACE (TABLENAME, FIELDNAME, EDIT_STYLE, EDIT_JSTL_PATH, VIEW_JSTL_PATH, SEARCH_STYLE, LOOKUP_STYLE, TRANSLATED, MINVALUE, MAXVALUE) VALUES ('ORGANIZATION', 'PARENT_ID', 'ORGANIZATION', 'organization.id', 'organization.caption', 'L', 'C', 'N', '', '');


INSERT INTO TABLE_CONTROLLER_STATIC (TABLENAME, ROOTMAPPING, MODULE, CUSTOMER_SPECIFIC, ORGANIZATION_CHECK, CACHE_IN_HASH, SEARCH_VIEW, LIST_VIEW, EDIT_VIEW, SHOW_VIEW, SELECT_VIEW, ORDERBY, SEQUENCE_NAME) VALUES ('PERSON', 'person', 'personnel', 'N', 'N', 'N', '', '', '', '', '', '', 'PERSON_ID_SEQ');
INSERT INTO TABLE_FIELD_FACE (TABLENAME, FIELDNAME, EDIT_STYLE, EDIT_JSTL_PATH, VIEW_JSTL_PATH, SEARCH_STYLE, LOOKUP_STYLE, TRANSLATED, MINVALUE, MAXVALUE) VALUES ('PERSON', 'BIRTHDAY', 'D', 'birthday', 'birthday', 'F', 'N', 'N', '', '');
INSERT INTO TABLE_FIELD_FACE (TABLENAME, FIELDNAME, EDIT_STYLE, EDIT_JSTL_PATH, VIEW_JSTL_PATH, SEARCH_STYLE, LOOKUP_STYLE, TRANSLATED, MINVALUE, MAXVALUE) VALUES ('PERSON', 'CELL_PHONE', 'T', 'cellPhone', 'cellPhone', 'F', 'N', 'N', '', '');
INSERT INTO TABLE_FIELD_FACE (TABLENAME, FIELDNAME, EDIT_STYLE, EDIT_JSTL_PATH, VIEW_JSTL_PATH, SEARCH_STYLE, LOOKUP_STYLE, TRANSLATED, MINVALUE, MAXVALUE) VALUES ('PERSON', 'FIRST_NAME', 'T', 'firstName', 'firstName', 'F', 'N', 'N', '', '');
INSERT INTO TABLE_FIELD_FACE (TABLENAME, FIELDNAME, EDIT_STYLE, EDIT_JSTL_PATH, VIEW_JSTL_PATH, SEARCH_STYLE, LOOKUP_STYLE, TRANSLATED, MINVALUE, MAXVALUE) VALUES ('PERSON', 'GENDER', 'GENDER', 'gender', 'gender', 'L', 'R', 'N', '', '');
INSERT INTO TABLE_FIELD_FACE (TABLENAME, FIELDNAME, EDIT_STYLE, EDIT_JSTL_PATH, VIEW_JSTL_PATH, SEARCH_STYLE, LOOKUP_STYLE, TRANSLATED, MINVALUE, MAXVALUE) VALUES ('PERSON', 'GOVERNMENT_ID', 'T', 'governmentId', 'governmentId', 'F', 'N', 'N', '', '');
INSERT INTO TABLE_FIELD_FACE (TABLENAME, FIELDNAME, EDIT_STYLE, EDIT_JSTL_PATH, VIEW_JSTL_PATH, SEARCH_STYLE, LOOKUP_STYLE, TRANSLATED, MINVALUE, MAXVALUE) VALUES ('PERSON', 'LAST_NAME', 'T', 'lastName', 'lastName', 'F', 'N', 'N', '', '');
INSERT INTO TABLE_FIELD_FACE (TABLENAME, FIELDNAME, EDIT_STYLE, EDIT_JSTL_PATH, VIEW_JSTL_PATH, SEARCH_STYLE, LOOKUP_STYLE, TRANSLATED, MINVALUE, MAXVALUE) VALUES ('PERSON', 'MIDDLE_NAME', 'T', 'middleName', 'middleName', 'F', 'N', 'N', '', '');
INSERT INTO TABLE_FIELD_FACE (TABLENAME, FIELDNAME, EDIT_STYLE, EDIT_JSTL_PATH, VIEW_JSTL_PATH, SEARCH_STYLE, LOOKUP_STYLE, TRANSLATED, MINVALUE, MAXVALUE) VALUES ('PERSON', 'NATIONALITY', 'COUNTRY', 'nationality', 'nationality', 'L', 'C', 'N', '', '');
INSERT INTO TABLE_FIELD_FACE (TABLENAME, FIELDNAME, EDIT_STYLE, EDIT_JSTL_PATH, VIEW_JSTL_PATH, SEARCH_STYLE, LOOKUP_STYLE, TRANSLATED, MINVALUE, MAXVALUE) VALUES ('PERSON', 'PERSON_ID', 'S', 'id', 'id', 'F', 'N', 'N', '', '');
INSERT INTO TABLE_FIELD_FACE (TABLENAME, FIELDNAME, EDIT_STYLE, EDIT_JSTL_PATH, VIEW_JSTL_PATH, SEARCH_STYLE, LOOKUP_STYLE, TRANSLATED, MINVALUE, MAXVALUE) VALUES ('PERSON', 'PERSONAL_MAIL', 'T', 'personalMail', 'personalMail', 'F', 'N', 'N', '', '');

INSERT INTO TABLE_CONTENT_TYPE (TABLENAME, OBJECT_TYPE, CAPTION, MIMETYPE) VALUES ('PERSON', 'CV', 'CV', '');
INSERT INTO TABLE_CONTENT_TYPE (TABLENAME, OBJECT_TYPE, CAPTION, MIMETYPE) VALUES ('PERSON', 'PH', 'PHOTO', '');
INSERT INTO TABLE_ACTION (TABLENAME, ACTION, CAPTION, METHOD, ENABLE, AUTHORITY_CHECK, RECORD_SPECIFIC) VALUES ('PERSON', 'FIRE', 'FIRE', 'fire', 'Y', 'Y', 'Y');
INSERT INTO TABLE_ACTION (TABLENAME, ACTION, CAPTION, METHOD, ENABLE, AUTHORITY_CHECK, RECORD_SPECIFIC) VALUES ('PERSON', 'HIRE', 'HIRE', 'hire', 'Y', 'Y', 'Y');

INSERT INTO TABLE_CONTROLLER_STATIC (TABLENAME, ROOTMAPPING, MODULE, CUSTOMER_SPECIFIC, ORGANIZATION_CHECK, CACHE_IN_HASH, SEARCH_VIEW, LIST_VIEW, EDIT_VIEW, SHOW_VIEW, SELECT_VIEW, ORDERBY, SEQUENCE_NAME) VALUES ('PERSON_QUALIFICATION', 'personQualification', 'personnel', 'N', 'N', 'N', '', '', '', '', '', '', '');
INSERT INTO TABLE_FIELD_FACE (TABLENAME, FIELDNAME, EDIT_STYLE, EDIT_JSTL_PATH, VIEW_JSTL_PATH, SEARCH_STYLE, LOOKUP_STYLE, TRANSLATED, MINVALUE, MAXVALUE) VALUES ('PERSON_QUALIFICATION', 'BEGDA', 'D', 'id.begda', 'id.begda', 'F', 'N', 'N', '', '');
INSERT INTO TABLE_FIELD_FACE (TABLENAME, FIELDNAME, EDIT_STYLE, EDIT_JSTL_PATH, VIEW_JSTL_PATH, SEARCH_STYLE, LOOKUP_STYLE, TRANSLATED, MINVALUE, MAXVALUE) VALUES ('PERSON_QUALIFICATION', 'DEPARTMENT', 'T', 'department', 'department', 'F', 'N', 'N', '', '');
INSERT INTO TABLE_FIELD_FACE (TABLENAME, FIELDNAME, EDIT_STYLE, EDIT_JSTL_PATH, VIEW_JSTL_PATH, SEARCH_STYLE, LOOKUP_STYLE, TRANSLATED, MINVALUE, MAXVALUE) VALUES ('PERSON_QUALIFICATION', 'ENDDA', 'D', 'endda', 'endda', 'F', 'N', 'N', '', '');
INSERT INTO TABLE_FIELD_FACE (TABLENAME, FIELDNAME, EDIT_STYLE, EDIT_JSTL_PATH, VIEW_JSTL_PATH, SEARCH_STYLE, LOOKUP_STYLE, TRANSLATED, MINVALUE, MAXVALUE) VALUES ('PERSON_QUALIFICATION', 'GRADE', 'F', 'grade', 'grade', 'F', 'N', 'N', '', '');
INSERT INTO TABLE_FIELD_FACE (TABLENAME, FIELDNAME, EDIT_STYLE, EDIT_JSTL_PATH, VIEW_JSTL_PATH, SEARCH_STYLE, LOOKUP_STYLE, TRANSLATED, MINVALUE, MAXVALUE) VALUES ('PERSON_QUALIFICATION', 'ISSUER', 'T', 'issuer', 'issuer', 'F', 'N', 'N', '', '');
INSERT INTO TABLE_FIELD_FACE (TABLENAME, FIELDNAME, EDIT_STYLE, EDIT_JSTL_PATH, VIEW_JSTL_PATH, SEARCH_STYLE, LOOKUP_STYLE, TRANSLATED, MINVALUE, MAXVALUE) VALUES ('PERSON_QUALIFICATION', 'PERSON_ID', 'H', 'id.personId', 'id.personId', 'F', 'N', 'N', '', '');
INSERT INTO TABLE_FIELD_FACE (TABLENAME, FIELDNAME, EDIT_STYLE, EDIT_JSTL_PATH, VIEW_JSTL_PATH, SEARCH_STYLE, LOOKUP_STYLE, TRANSLATED, MINVALUE, MAXVALUE) VALUES ('PERSON_QUALIFICATION', 'QUALIFICATION_ID', 'QUALIFICATION', 'id.qualificationId', 'qualification.caption', 'L', 'C', 'N', '', '');


INSERT INTO TABLE_CONTROLLER_STATIC (TABLENAME, ROOTMAPPING, MODULE, CUSTOMER_SPECIFIC, ORGANIZATION_CHECK, CACHE_IN_HASH, SEARCH_VIEW, LIST_VIEW, EDIT_VIEW, SHOW_VIEW, SELECT_VIEW, ORDERBY, SEQUENCE_NAME) VALUES ('POSITION', 'position', 'personnel', 'Y', 'Y', 'N', '', '', '', '', '', '', '');
INSERT INTO TABLE_FIELD_FACE (TABLENAME, FIELDNAME, EDIT_STYLE, EDIT_JSTL_PATH, VIEW_JSTL_PATH, SEARCH_STYLE, LOOKUP_STYLE, TRANSLATED, MINVALUE, MAXVALUE) VALUES ('POSITION', 'BEGDA', 'D', 'begda', 'begda', 'F', 'N', 'N', '', '');
INSERT INTO TABLE_FIELD_FACE (TABLENAME, FIELDNAME, EDIT_STYLE, EDIT_JSTL_PATH, VIEW_JSTL_PATH, SEARCH_STYLE, LOOKUP_STYLE, TRANSLATED, MINVALUE, MAXVALUE) VALUES ('POSITION', 'ENDDA', 'D', 'endda', 'endda', 'F', 'N', 'N', '', '');
INSERT INTO TABLE_FIELD_FACE (TABLENAME, FIELDNAME, EDIT_STYLE, EDIT_JSTL_PATH, VIEW_JSTL_PATH, SEARCH_STYLE, LOOKUP_STYLE, TRANSLATED, MINVALUE, MAXVALUE) VALUES ('POSITION', 'ORGANIZATION_ID', 'H', 'id.organizationId', 'id.organizationId', 'F', 'N', 'N', '', '');
INSERT INTO TABLE_FIELD_FACE (TABLENAME, FIELDNAME, EDIT_STYLE, EDIT_JSTL_PATH, VIEW_JSTL_PATH, SEARCH_STYLE, LOOKUP_STYLE, TRANSLATED, MINVALUE, MAXVALUE) VALUES ('POSITION', 'OWNER_ID', 'H', 'id.ownerId', 'id.ownerId', 'F', 'N', 'N', '', '');
INSERT INTO TABLE_FIELD_FACE (TABLENAME, FIELDNAME, EDIT_STYLE, EDIT_JSTL_PATH, VIEW_JSTL_PATH, SEARCH_STYLE, LOOKUP_STYLE, TRANSLATED, MINVALUE, MAXVALUE) VALUES ('POSITION', 'POSITION', 'POSITION_TYPE', 'id.position', 'id.position', 'L', 'C', 'N', '', '');


INSERT INTO TABLE_CONTROLLER_STATIC (TABLENAME, ROOTMAPPING, MODULE, CUSTOMER_SPECIFIC, ORGANIZATION_CHECK, CACHE_IN_HASH, SEARCH_VIEW, LIST_VIEW, EDIT_VIEW, SHOW_VIEW, SELECT_VIEW, ORDERBY, SEQUENCE_NAME) VALUES ('POSITION_ASSIGNMENT', 'positionAssignment', 'personnel', 'Y', 'Y', 'N', '', '', '', '', '', '', '');
INSERT INTO TABLE_FIELD_FACE (TABLENAME, FIELDNAME, EDIT_STYLE, EDIT_JSTL_PATH, VIEW_JSTL_PATH, SEARCH_STYLE, LOOKUP_STYLE, TRANSLATED, MINVALUE, MAXVALUE) VALUES ('POSITION_ASSIGNMENT', 'ASSIGNMENT_TYPE', 'POSITION_ASSIGNMENT_TYPE', 'assignmentType', 'assignmentType', 'L', 'C', 'N', '', '');
INSERT INTO TABLE_FIELD_FACE (TABLENAME, FIELDNAME, EDIT_STYLE, EDIT_JSTL_PATH, VIEW_JSTL_PATH, SEARCH_STYLE, LOOKUP_STYLE, TRANSLATED, MINVALUE, MAXVALUE) VALUES ('POSITION_ASSIGNMENT', 'BEGDA', 'D', 'id.begda', 'id.begda', 'F', 'N', 'N', '', '');
INSERT INTO TABLE_FIELD_FACE (TABLENAME, FIELDNAME, EDIT_STYLE, EDIT_JSTL_PATH, VIEW_JSTL_PATH, SEARCH_STYLE, LOOKUP_STYLE, TRANSLATED, MINVALUE, MAXVALUE) VALUES ('POSITION_ASSIGNMENT', 'EMPLOYMENT', 'D', 'id.employment', 'employee.person.lastName', 'F', 'N', 'N', '', '');
INSERT INTO TABLE_FIELD_FACE (TABLENAME, FIELDNAME, EDIT_STYLE, EDIT_JSTL_PATH, VIEW_JSTL_PATH, SEARCH_STYLE, LOOKUP_STYLE, TRANSLATED, MINVALUE, MAXVALUE) VALUES ('POSITION_ASSIGNMENT', 'ENDDA', 'D', 'endda', 'endda', 'F', 'N', 'N', '', '');
INSERT INTO TABLE_FIELD_FACE (TABLENAME, FIELDNAME, EDIT_STYLE, EDIT_JSTL_PATH, VIEW_JSTL_PATH, SEARCH_STYLE, LOOKUP_STYLE, TRANSLATED, MINVALUE, MAXVALUE) VALUES ('POSITION_ASSIGNMENT', 'ORGANIZATION_ID', 'H', 'id.organizationId', 'id.organizationId', 'F', 'N', 'N', '', '');
INSERT INTO TABLE_FIELD_FACE (TABLENAME, FIELDNAME, EDIT_STYLE, EDIT_JSTL_PATH, VIEW_JSTL_PATH, SEARCH_STYLE, LOOKUP_STYLE, TRANSLATED, MINVALUE, MAXVALUE) VALUES ('POSITION_ASSIGNMENT', 'OWNER_ID', 'H', 'id.ownerId', 'id.ownerId', 'F', 'N', 'N', '', '');
INSERT INTO TABLE_FIELD_FACE (TABLENAME, FIELDNAME, EDIT_STYLE, EDIT_JSTL_PATH, VIEW_JSTL_PATH, SEARCH_STYLE, LOOKUP_STYLE, TRANSLATED, MINVALUE, MAXVALUE) VALUES ('POSITION_ASSIGNMENT', 'PERSON_ID', 'EMPLOYEE', 'id.personId', 'employee.person.firstName', 'L', 'C', 'N', '', '');
INSERT INTO TABLE_FIELD_FACE (TABLENAME, FIELDNAME, EDIT_STYLE, EDIT_JSTL_PATH, VIEW_JSTL_PATH, SEARCH_STYLE, LOOKUP_STYLE, TRANSLATED, MINVALUE, MAXVALUE) VALUES ('POSITION_ASSIGNMENT', 'POSITION', 'H', 'id.position', 'id.position', 'F', 'N', 'N', '', '');
INSERT INTO TABLE_FIELD_FACE (TABLENAME, FIELDNAME, EDIT_STYLE, EDIT_JSTL_PATH, VIEW_JSTL_PATH, SEARCH_STYLE, LOOKUP_STYLE, TRANSLATED, MINVALUE, MAXVALUE) VALUES ('POSITION_ASSIGNMENT', 'REASON', 'POSITION_ASSIGNMENT_REASON_TYP', 'reason', 'reason', 'L', 'C', 'N', '', '');


INSERT INTO TABLE_CONTROLLER_STATIC (TABLENAME, ROOTMAPPING, MODULE, CUSTOMER_SPECIFIC, ORGANIZATION_CHECK, CACHE_IN_HASH, SEARCH_VIEW, LIST_VIEW, EDIT_VIEW, SHOW_VIEW, SELECT_VIEW, ORDERBY, SEQUENCE_NAME) VALUES ('POSITION_QUALIFICATION', 'positionQualification', 'personnel', 'Y', 'Y', 'N', '', '', '', '', '', '', '');
INSERT INTO TABLE_FIELD_FACE (TABLENAME, FIELDNAME, EDIT_STYLE, EDIT_JSTL_PATH, VIEW_JSTL_PATH, SEARCH_STYLE, LOOKUP_STYLE, TRANSLATED, MINVALUE, MAXVALUE) VALUES ('POSITION_QUALIFICATION', 'GRADE', 'F', 'grade', 'grade', 'F', 'N', 'N', '', '');
INSERT INTO TABLE_FIELD_FACE (TABLENAME, FIELDNAME, EDIT_STYLE, EDIT_JSTL_PATH, VIEW_JSTL_PATH, SEARCH_STYLE, LOOKUP_STYLE, TRANSLATED, MINVALUE, MAXVALUE) VALUES ('POSITION_QUALIFICATION', 'IMPACT_PERCENT', 'I1', 'impactPercent', 'impactPercent', 'F', 'N', 'N', '', '');
INSERT INTO TABLE_FIELD_FACE (TABLENAME, FIELDNAME, EDIT_STYLE, EDIT_JSTL_PATH, VIEW_JSTL_PATH, SEARCH_STYLE, LOOKUP_STYLE, TRANSLATED, MINVALUE, MAXVALUE) VALUES ('POSITION_QUALIFICATION', 'ORGANIZATION_ID', 'H', 'id.organizationId', 'id.organizationId', 'F', 'N', 'N', '', '');
INSERT INTO TABLE_FIELD_FACE (TABLENAME, FIELDNAME, EDIT_STYLE, EDIT_JSTL_PATH, VIEW_JSTL_PATH, SEARCH_STYLE, LOOKUP_STYLE, TRANSLATED, MINVALUE, MAXVALUE) VALUES ('POSITION_QUALIFICATION', 'OWNER_ID', 'H', 'id.ownerId', 'id.ownerId', 'F', 'N', 'N', '', '');
INSERT INTO TABLE_FIELD_FACE (TABLENAME, FIELDNAME, EDIT_STYLE, EDIT_JSTL_PATH, VIEW_JSTL_PATH, SEARCH_STYLE, LOOKUP_STYLE, TRANSLATED, MINVALUE, MAXVALUE) VALUES ('POSITION_QUALIFICATION', 'POSITION', 'H', 'id.position', 'id.position', 'F', 'N', 'N', '', '');
INSERT INTO TABLE_FIELD_FACE (TABLENAME, FIELDNAME, EDIT_STYLE, EDIT_JSTL_PATH, VIEW_JSTL_PATH, SEARCH_STYLE, LOOKUP_STYLE, TRANSLATED, MINVALUE, MAXVALUE) VALUES ('POSITION_QUALIFICATION', 'PRIORITY', 'T', 'priority', 'priority', 'F', 'N', 'N', '', '');
INSERT INTO TABLE_FIELD_FACE (TABLENAME, FIELDNAME, EDIT_STYLE, EDIT_JSTL_PATH, VIEW_JSTL_PATH, SEARCH_STYLE, LOOKUP_STYLE, TRANSLATED, MINVALUE, MAXVALUE) VALUES ('POSITION_QUALIFICATION', 'QUALIFICATION_ID', 'QUALIFICATION', 'id.qualificationId', 'qualification.caption', 'L', 'C', 'N', '', '');


INSERT INTO TABLE_CONTROLLER_STATIC (TABLENAME, ROOTMAPPING, MODULE, CUSTOMER_SPECIFIC, ORGANIZATION_CHECK, CACHE_IN_HASH, SEARCH_VIEW, LIST_VIEW, EDIT_VIEW, SHOW_VIEW, SELECT_VIEW, ORDERBY, SEQUENCE_NAME) VALUES ('POSITION_TYPE', 'positionType', 'personnel', 'Y', 'N', 'N', '', '', '', '', '', '', '');
INSERT INTO TABLE_FIELD_FACE (TABLENAME, FIELDNAME, EDIT_STYLE, EDIT_JSTL_PATH, VIEW_JSTL_PATH, SEARCH_STYLE, LOOKUP_STYLE, TRANSLATED, MINVALUE, MAXVALUE) VALUES ('POSITION_TYPE', 'CAPTION', 'T', 'caption', 'caption', 'F', 'N', 'N', '', '');
INSERT INTO TABLE_FIELD_FACE (TABLENAME, FIELDNAME, EDIT_STYLE, EDIT_JSTL_PATH, VIEW_JSTL_PATH, SEARCH_STYLE, LOOKUP_STYLE, TRANSLATED, MINVALUE, MAXVALUE) VALUES ('POSITION_TYPE', 'OWNER_ID', 'H', 'id.ownerId', 'id.ownerId', 'F', 'N', 'N', '', '');
INSERT INTO TABLE_FIELD_FACE (TABLENAME, FIELDNAME, EDIT_STYLE, EDIT_JSTL_PATH, VIEW_JSTL_PATH, SEARCH_STYLE, LOOKUP_STYLE, TRANSLATED, MINVALUE, MAXVALUE) VALUES ('POSITION_TYPE', 'POSITION', 'T', 'id.position', 'id.position', 'F', 'N', 'N', '', '');


INSERT INTO TABLE_CONTROLLER_STATIC (TABLENAME, ROOTMAPPING, MODULE, CUSTOMER_SPECIFIC, ORGANIZATION_CHECK, CACHE_IN_HASH, SEARCH_VIEW, LIST_VIEW, EDIT_VIEW, SHOW_VIEW, SELECT_VIEW, ORDERBY, SEQUENCE_NAME) VALUES ('QUALIFICATION', 'qualification', 'personnel', 'N', 'N', 'N', '', '', '', '', '', '', 'QUALIFICATION_ID_SEQ');
INSERT INTO TABLE_FIELD_FACE (TABLENAME, FIELDNAME, EDIT_STYLE, EDIT_JSTL_PATH, VIEW_JSTL_PATH, SEARCH_STYLE, LOOKUP_STYLE, TRANSLATED, MINVALUE, MAXVALUE) VALUES ('QUALIFICATION', 'CAPTION', 'T', 'caption', 'caption', 'F', 'N', 'N', '', '');
INSERT INTO TABLE_FIELD_FACE (TABLENAME, FIELDNAME, EDIT_STYLE, EDIT_JSTL_PATH, VIEW_JSTL_PATH, SEARCH_STYLE, LOOKUP_STYLE, TRANSLATED, MINVALUE, MAXVALUE) VALUES ('QUALIFICATION', 'GRADE_BASE', 'F', 'gradeBase', 'gradeBase', 'F', 'N', 'N', '', '');
INSERT INTO TABLE_FIELD_FACE (TABLENAME, FIELDNAME, EDIT_STYLE, EDIT_JSTL_PATH, VIEW_JSTL_PATH, SEARCH_STYLE, LOOKUP_STYLE, TRANSLATED, MINVALUE, MAXVALUE) VALUES ('QUALIFICATION', 'QUALIFICATION_ID', 'S', 'id', 'id', 'F', 'N', 'N', '', '');
INSERT INTO TABLE_FIELD_FACE (TABLENAME, FIELDNAME, EDIT_STYLE, EDIT_JSTL_PATH, VIEW_JSTL_PATH, SEARCH_STYLE, LOOKUP_STYLE, TRANSLATED, MINVALUE, MAXVALUE) VALUES ('QUALIFICATION', 'QUALIFICATION_TYPE', 'QUALIFICATION_TYPE', 'qualificationType', 'qualificationType', 'L', 'C', 'N', '', '');
INSERT INTO TABLE_FIELD_FACE (TABLENAME, FIELDNAME, EDIT_STYLE, EDIT_JSTL_PATH, VIEW_JSTL_PATH, SEARCH_STYLE, LOOKUP_STYLE, TRANSLATED, MINVALUE, MAXVALUE) VALUES ('QUALIFICATION', 'VALIDITY', 'I4', 'validity', 'validity', 'F', 'N', 'N', '', '');


INSERT INTO TABLE_CONTROLLER_STATIC (TABLENAME, ROOTMAPPING, MODULE, CUSTOMER_SPECIFIC, ORGANIZATION_CHECK, CACHE_IN_HASH, SEARCH_VIEW, LIST_VIEW, EDIT_VIEW, SHOW_VIEW, SELECT_VIEW, ORDERBY, SEQUENCE_NAME) VALUES ('USER_ACCOUNT_OWNER', 'userAccountOwner', 'personnel', 'N', 'N', 'N', '', '', '', '', '', '', '');
INSERT INTO TABLE_FIELD_FACE (TABLENAME, FIELDNAME, EDIT_STYLE, EDIT_JSTL_PATH, VIEW_JSTL_PATH, SEARCH_STYLE, LOOKUP_STYLE, TRANSLATED, MINVALUE, MAXVALUE) VALUES ('USER_ACCOUNT_OWNER', 'BEGDA', 'DT', 'id.begda', 'id.begda', 'F', 'N', 'N', '', '');
INSERT INTO TABLE_FIELD_FACE (TABLENAME, FIELDNAME, EDIT_STYLE, EDIT_JSTL_PATH, VIEW_JSTL_PATH, SEARCH_STYLE, LOOKUP_STYLE, TRANSLATED, MINVALUE, MAXVALUE) VALUES ('USER_ACCOUNT_OWNER', 'PERSON_ID', 'T', 'id.personId', 'person.firstName', 'F', 'N', 'N', '', '');
INSERT INTO TABLE_FIELD_FACE (TABLENAME, FIELDNAME, EDIT_STYLE, EDIT_JSTL_PATH, VIEW_JSTL_PATH, SEARCH_STYLE, LOOKUP_STYLE, TRANSLATED, MINVALUE, MAXVALUE) VALUES ('USER_ACCOUNT_OWNER', 'USERNAME', 'T', 'id.username', 'id.username', 'F', 'N', 'N', '', '');


INSERT INTO TABLE_CONTROLLER_STATIC (TABLENAME, ROOTMAPPING, MODULE, CUSTOMER_SPECIFIC, ORGANIZATION_CHECK, CACHE_IN_HASH, SEARCH_VIEW, LIST_VIEW, EDIT_VIEW, SHOW_VIEW, SELECT_VIEW, ORDERBY, SEQUENCE_NAME) VALUES ('BOM_OPERATION', 'bomOperation', 'production', 'N', 'N', 'N', '', '', '', '', '', '', 'BOM_OPERATION_ID_SEQ');
INSERT INTO TABLE_FIELD_FACE (TABLENAME, FIELDNAME, EDIT_STYLE, EDIT_JSTL_PATH, VIEW_JSTL_PATH, SEARCH_STYLE, LOOKUP_STYLE, TRANSLATED, MINVALUE, MAXVALUE) VALUES ('BOM_OPERATION', 'BOM_OPERATION_ID', 'S', 'id', 'id', 'F', 'N', 'N', '', '');
INSERT INTO TABLE_FIELD_FACE (TABLENAME, FIELDNAME, EDIT_STYLE, EDIT_JSTL_PATH, VIEW_JSTL_PATH, SEARCH_STYLE, LOOKUP_STYLE, TRANSLATED, MINVALUE, MAXVALUE) VALUES ('BOM_OPERATION', 'CAPTION', 'T', 'caption', 'caption', 'F', 'N', 'N', '', '');
INSERT INTO TABLE_FIELD_FACE (TABLENAME, FIELDNAME, EDIT_STYLE, EDIT_JSTL_PATH, VIEW_JSTL_PATH, SEARCH_STYLE, LOOKUP_STYLE, TRANSLATED, MINVALUE, MAXVALUE) VALUES ('BOM_OPERATION', 'FACILITY_TYPE', 'FACILITY_TYPE', 'facilityType', 'facilityType', 'L', 'C', 'N', '', '');
INSERT INTO TABLE_FIELD_FACE (TABLENAME, FIELDNAME, EDIT_STYLE, EDIT_JSTL_PATH, VIEW_JSTL_PATH, SEARCH_STYLE, LOOKUP_STYLE, TRANSLATED, MINVALUE, MAXVALUE) VALUES ('BOM_OPERATION', 'MAKEUP_TIME', 'I4', 'makeupTime', 'makeupTime', 'F', 'N', 'N', '', '');
INSERT INTO TABLE_FIELD_FACE (TABLENAME, FIELDNAME, EDIT_STYLE, EDIT_JSTL_PATH, VIEW_JSTL_PATH, SEARCH_STYLE, LOOKUP_STYLE, TRANSLATED, MINVALUE, MAXVALUE) VALUES ('BOM_OPERATION', 'MATERIAL_ID', 'MATERIAL', 'material.id', 'material.caption', 'L', 'C', 'N', '', '');
INSERT INTO TABLE_FIELD_FACE (TABLENAME, FIELDNAME, EDIT_STYLE, EDIT_JSTL_PATH, VIEW_JSTL_PATH, SEARCH_STYLE, LOOKUP_STYLE, TRANSLATED, MINVALUE, MAXVALUE) VALUES ('BOM_OPERATION', 'PRODUCTION_UNIT', 'MEASUREMENT_UNIT', 'productionUnit', 'productionUnit', 'L', 'C', 'N', '', '');
INSERT INTO TABLE_FIELD_FACE (TABLENAME, FIELDNAME, EDIT_STYLE, EDIT_JSTL_PATH, VIEW_JSTL_PATH, SEARCH_STYLE, LOOKUP_STYLE, TRANSLATED, MINVALUE, MAXVALUE) VALUES ('BOM_OPERATION', 'SETUP_TIME', 'I4', 'setupTime', 'setupTime', 'F', 'N', 'N', '', '');
INSERT INTO TABLE_FIELD_FACE (TABLENAME, FIELDNAME, EDIT_STYLE, EDIT_JSTL_PATH, VIEW_JSTL_PATH, SEARCH_STYLE, LOOKUP_STYLE, TRANSLATED, MINVALUE, MAXVALUE) VALUES ('BOM_OPERATION', 'UNIT_TIME', 'I4', 'unitTime', 'unitTime', 'F', 'N', 'N', '', '');


INSERT INTO TABLE_CONTROLLER_STATIC (TABLENAME, ROOTMAPPING, MODULE, CUSTOMER_SPECIFIC, ORGANIZATION_CHECK, CACHE_IN_HASH, SEARCH_VIEW, LIST_VIEW, EDIT_VIEW, SHOW_VIEW, SELECT_VIEW, ORDERBY, SEQUENCE_NAME) VALUES ('BOM_OPERATION_STEP', 'bomOperationStep', 'production', 'N', 'N', 'N', '', '', '', '', '', '', '');
INSERT INTO TABLE_FIELD_FACE (TABLENAME, FIELDNAME, EDIT_STYLE, EDIT_JSTL_PATH, VIEW_JSTL_PATH, SEARCH_STYLE, LOOKUP_STYLE, TRANSLATED, MINVALUE, MAXVALUE) VALUES ('BOM_OPERATION_STEP', 'BOM_OPERATION_ID', 'H', 'id.bomOperationId', 'id.bomOperationId', 'F', 'N', 'N', '', '');
INSERT INTO TABLE_FIELD_FACE (TABLENAME, FIELDNAME, EDIT_STYLE, EDIT_JSTL_PATH, VIEW_JSTL_PATH, SEARCH_STYLE, LOOKUP_STYLE, TRANSLATED, MINVALUE, MAXVALUE) VALUES ('BOM_OPERATION_STEP', 'LEAD_TIME', 'I4', 'leadTime', 'leadTime', 'F', 'N', 'N', '', '');
INSERT INTO TABLE_FIELD_FACE (TABLENAME, FIELDNAME, EDIT_STYLE, EDIT_JSTL_PATH, VIEW_JSTL_PATH, SEARCH_STYLE, LOOKUP_STYLE, TRANSLATED, MINVALUE, MAXVALUE) VALUES ('BOM_OPERATION_STEP', 'MATERIAL_ID', 'MATERIAL', 'material.id', 'material.caption', 'L', 'C', 'N', '', '');
INSERT INTO TABLE_FIELD_FACE (TABLENAME, FIELDNAME, EDIT_STYLE, EDIT_JSTL_PATH, VIEW_JSTL_PATH, SEARCH_STYLE, LOOKUP_STYLE, TRANSLATED, MINVALUE, MAXVALUE) VALUES ('BOM_OPERATION_STEP', 'QUANTITY', 'F', 'quantity', 'quantity', 'F', 'N', 'N', '', '');
INSERT INTO TABLE_FIELD_FACE (TABLENAME, FIELDNAME, EDIT_STYLE, EDIT_JSTL_PATH, VIEW_JSTL_PATH, SEARCH_STYLE, LOOKUP_STYLE, TRANSLATED, MINVALUE, MAXVALUE) VALUES ('BOM_OPERATION_STEP', 'STEP', 'I2', 'id.step', 'id.step', 'F', 'N', 'N', '', '');
INSERT INTO TABLE_FIELD_FACE (TABLENAME, FIELDNAME, EDIT_STYLE, EDIT_JSTL_PATH, VIEW_JSTL_PATH, SEARCH_STYLE, LOOKUP_STYLE, TRANSLATED, MINVALUE, MAXVALUE) VALUES ('BOM_OPERATION_STEP', 'UNIT', 'MEASUREMENT_UNIT', 'unit', 'unit', 'L', 'C', 'N', '', '');


INSERT INTO TABLE_CONTROLLER_STATIC (TABLENAME, ROOTMAPPING, MODULE, CUSTOMER_SPECIFIC, ORGANIZATION_CHECK, CACHE_IN_HASH, SEARCH_VIEW, LIST_VIEW, EDIT_VIEW, SHOW_VIEW, SELECT_VIEW, ORDERBY, SEQUENCE_NAME) VALUES ('BOM_OPERATION_STEP_RESOURCE', 'bomOperationStepResource', 'production', 'N', 'N', 'N', '', '', '', '', '', '', '');
INSERT INTO TABLE_FIELD_FACE (TABLENAME, FIELDNAME, EDIT_STYLE, EDIT_JSTL_PATH, VIEW_JSTL_PATH, SEARCH_STYLE, LOOKUP_STYLE, TRANSLATED, MINVALUE, MAXVALUE) VALUES ('BOM_OPERATION_STEP_RESOURCE', 'BOM_OPERATION_ID', 'I4', 'id.bomOperationId', 'id.bomOperationId', 'F', 'N', 'N', '', '');
INSERT INTO TABLE_FIELD_FACE (TABLENAME, FIELDNAME, EDIT_STYLE, EDIT_JSTL_PATH, VIEW_JSTL_PATH, SEARCH_STYLE, LOOKUP_STYLE, TRANSLATED, MINVALUE, MAXVALUE) VALUES ('BOM_OPERATION_STEP_RESOURCE', 'RESOURCE_TYPE', 'RESOURCE_TYPE', 'id.resourceType', 'id.resourceType', 'L', 'C', 'N', '', '');
INSERT INTO TABLE_FIELD_FACE (TABLENAME, FIELDNAME, EDIT_STYLE, EDIT_JSTL_PATH, VIEW_JSTL_PATH, SEARCH_STYLE, LOOKUP_STYLE, TRANSLATED, MINVALUE, MAXVALUE) VALUES ('BOM_OPERATION_STEP_RESOURCE', 'STEP', 'I2', 'id.step', 'id.step', 'F', 'N', 'N', '', '');
INSERT INTO TABLE_FIELD_FACE (TABLENAME, FIELDNAME, EDIT_STYLE, EDIT_JSTL_PATH, VIEW_JSTL_PATH, SEARCH_STYLE, LOOKUP_STYLE, TRANSLATED, MINVALUE, MAXVALUE) VALUES ('BOM_OPERATION_STEP_RESOURCE', 'UNIT_DURATION', 'I4', 'unitDuration', 'unitDuration', 'F', 'N', 'N', '', '');


INSERT INTO TABLE_CONTROLLER_STATIC (TABLENAME, ROOTMAPPING, MODULE, CUSTOMER_SPECIFIC, ORGANIZATION_CHECK, CACHE_IN_HASH, SEARCH_VIEW, LIST_VIEW, EDIT_VIEW, SHOW_VIEW, SELECT_VIEW, ORDERBY, SEQUENCE_NAME) VALUES ('PRODUCTION_JOB', 'productionJob', 'production', 'N', 'Y', 'N', '', '', '', '', '', '', 'PRODUCTION_JOB_ID_SEQ');
INSERT INTO TABLE_FIELD_FACE (TABLENAME, FIELDNAME, EDIT_STYLE, EDIT_JSTL_PATH, VIEW_JSTL_PATH, SEARCH_STYLE, LOOKUP_STYLE, TRANSLATED, MINVALUE, MAXVALUE) VALUES ('PRODUCTION_JOB', 'BOM_OPERATION_ID', 'I4', 'bomOperationId', 'bomOperationId', 'F', 'N', 'N', '', '');
INSERT INTO TABLE_FIELD_FACE (TABLENAME, FIELDNAME, EDIT_STYLE, EDIT_JSTL_PATH, VIEW_JSTL_PATH, SEARCH_STYLE, LOOKUP_STYLE, TRANSLATED, MINVALUE, MAXVALUE) VALUES ('PRODUCTION_JOB', 'LINE', 'SP', 'line', 'line', 'F', 'N', 'N', '', '');
INSERT INTO TABLE_FIELD_FACE (TABLENAME, FIELDNAME, EDIT_STYLE, EDIT_JSTL_PATH, VIEW_JSTL_PATH, SEARCH_STYLE, LOOKUP_STYLE, TRANSLATED, MINVALUE, MAXVALUE) VALUES ('PRODUCTION_JOB', 'ORGANIZATION_ID', 'ORGANIZATION', 'organization.id', 'organization.caption', 'L', 'C', 'N', '', '');
INSERT INTO TABLE_FIELD_FACE (TABLENAME, FIELDNAME, EDIT_STYLE, EDIT_JSTL_PATH, VIEW_JSTL_PATH, SEARCH_STYLE, LOOKUP_STYLE, TRANSLATED, MINVALUE, MAXVALUE) VALUES ('PRODUCTION_JOB', 'PRODUCTION_JOB_ID', 'S', 'id', 'id', 'F', 'N', 'N', '', '');
INSERT INTO TABLE_FIELD_FACE (TABLENAME, FIELDNAME, EDIT_STYLE, EDIT_JSTL_PATH, VIEW_JSTL_PATH, SEARCH_STYLE, LOOKUP_STYLE, TRANSLATED, MINVALUE, MAXVALUE) VALUES ('PRODUCTION_JOB', 'PRODUCTION_ORDER_ID', 'I4', 'productionOrderId', 'productionOrderId', 'F', 'N', 'N', '', '');


INSERT INTO TABLE_CONTROLLER_STATIC (TABLENAME, ROOTMAPPING, MODULE, CUSTOMER_SPECIFIC, ORGANIZATION_CHECK, CACHE_IN_HASH, SEARCH_VIEW, LIST_VIEW, EDIT_VIEW, SHOW_VIEW, SELECT_VIEW, ORDERBY, SEQUENCE_NAME) VALUES ('PRODUCTION_JOB_RESOURCE', 'productionJobResource', 'production', 'N', 'Y', 'N', '', '', '', '', '', '', '');
INSERT INTO TABLE_FIELD_FACE (TABLENAME, FIELDNAME, EDIT_STYLE, EDIT_JSTL_PATH, VIEW_JSTL_PATH, SEARCH_STYLE, LOOKUP_STYLE, TRANSLATED, MINVALUE, MAXVALUE) VALUES ('PRODUCTION_JOB_RESOURCE', 'BEGDA', 'D', 'begda', 'begda', 'F', 'N', 'N', '', '');
INSERT INTO TABLE_FIELD_FACE (TABLENAME, FIELDNAME, EDIT_STYLE, EDIT_JSTL_PATH, VIEW_JSTL_PATH, SEARCH_STYLE, LOOKUP_STYLE, TRANSLATED, MINVALUE, MAXVALUE) VALUES ('PRODUCTION_JOB_RESOURCE', 'DURATION', 'I4', 'duration', 'duration', 'F', 'N', 'N', '', '');
INSERT INTO TABLE_FIELD_FACE (TABLENAME, FIELDNAME, EDIT_STYLE, EDIT_JSTL_PATH, VIEW_JSTL_PATH, SEARCH_STYLE, LOOKUP_STYLE, TRANSLATED, MINVALUE, MAXVALUE) VALUES ('PRODUCTION_JOB_RESOURCE', 'ORGANIZATION_ID', 'H', 'id.organizationId', 'id.organizationId', 'F', 'N', 'N', '', '');
INSERT INTO TABLE_FIELD_FACE (TABLENAME, FIELDNAME, EDIT_STYLE, EDIT_JSTL_PATH, VIEW_JSTL_PATH, SEARCH_STYLE, LOOKUP_STYLE, TRANSLATED, MINVALUE, MAXVALUE) VALUES ('PRODUCTION_JOB_RESOURCE', 'PRODUCTION_JOB_ID', 'H', 'id.productionJobId', 'id.productionJobId', 'F', 'N', 'N', '', '');
INSERT INTO TABLE_FIELD_FACE (TABLENAME, FIELDNAME, EDIT_STYLE, EDIT_JSTL_PATH, VIEW_JSTL_PATH, SEARCH_STYLE, LOOKUP_STYLE, TRANSLATED, MINVALUE, MAXVALUE) VALUES ('PRODUCTION_JOB_RESOURCE', 'QUANTITY', 'I4', 'quantity', 'quantity', 'F', 'N', 'N', '', '');
INSERT INTO TABLE_FIELD_FACE (TABLENAME, FIELDNAME, EDIT_STYLE, EDIT_JSTL_PATH, VIEW_JSTL_PATH, SEARCH_STYLE, LOOKUP_STYLE, TRANSLATED, MINVALUE, MAXVALUE) VALUES ('PRODUCTION_JOB_RESOURCE', 'RESOURCE_TYPE', 'RESOURCE_TYPE', 'id.resourceType', 'id.resourceType', 'L', 'C', 'N', '', '');


INSERT INTO TABLE_CONTROLLER_STATIC (TABLENAME, ROOTMAPPING, MODULE, CUSTOMER_SPECIFIC, ORGANIZATION_CHECK, CACHE_IN_HASH, SEARCH_VIEW, LIST_VIEW, EDIT_VIEW, SHOW_VIEW, SELECT_VIEW, ORDERBY, SEQUENCE_NAME) VALUES ('PRODUCTION_LINE_REASON', 'productionLineReason', 'production', 'N', 'N', 'N', '', '', '', '', '', '', '');
INSERT INTO TABLE_FIELD_FACE (TABLENAME, FIELDNAME, EDIT_STYLE, EDIT_JSTL_PATH, VIEW_JSTL_PATH, SEARCH_STYLE, LOOKUP_STYLE, TRANSLATED, MINVALUE, MAXVALUE) VALUES ('PRODUCTION_LINE_REASON', 'LINE', 'H', 'id.line', 'id.line', 'F', 'N', 'N', '', '');
INSERT INTO TABLE_FIELD_FACE (TABLENAME, FIELDNAME, EDIT_STYLE, EDIT_JSTL_PATH, VIEW_JSTL_PATH, SEARCH_STYLE, LOOKUP_STYLE, TRANSLATED, MINVALUE, MAXVALUE) VALUES ('PRODUCTION_LINE_REASON', 'ORDER_ID', 'I4', 'id.orderId', 'id.orderId', 'F', 'N', 'N', '', '');
INSERT INTO TABLE_FIELD_FACE (TABLENAME, FIELDNAME, EDIT_STYLE, EDIT_JSTL_PATH, VIEW_JSTL_PATH, SEARCH_STYLE, LOOKUP_STYLE, TRANSLATED, MINVALUE, MAXVALUE) VALUES ('PRODUCTION_LINE_REASON', 'ORDER_LINE', 'I2', 'id.orderLine', 'id.orderLine', 'F', 'N', 'N', '', '');
INSERT INTO TABLE_FIELD_FACE (TABLENAME, FIELDNAME, EDIT_STYLE, EDIT_JSTL_PATH, VIEW_JSTL_PATH, SEARCH_STYLE, LOOKUP_STYLE, TRANSLATED, MINVALUE, MAXVALUE) VALUES ('PRODUCTION_LINE_REASON', 'ORDER_TYPE', 'ORDER_TYPE', 'id.orderType', 'id.orderType', 'L', 'C', 'N', '', '');
INSERT INTO TABLE_FIELD_FACE (TABLENAME, FIELDNAME, EDIT_STYLE, EDIT_JSTL_PATH, VIEW_JSTL_PATH, SEARCH_STYLE, LOOKUP_STYLE, TRANSLATED, MINVALUE, MAXVALUE) VALUES ('PRODUCTION_LINE_REASON', 'PRIORITY', 'I2', 'priority', 'priority', 'F', 'N', 'N', '', '');
INSERT INTO TABLE_FIELD_FACE (TABLENAME, FIELDNAME, EDIT_STYLE, EDIT_JSTL_PATH, VIEW_JSTL_PATH, SEARCH_STYLE, LOOKUP_STYLE, TRANSLATED, MINVALUE, MAXVALUE) VALUES ('PRODUCTION_LINE_REASON', 'PRODUCTION_ORDER_ID', 'H', 'id.productionOrderId', 'id.productionOrderId', 'F', 'N', 'N', '', '');


INSERT INTO TABLE_CONTROLLER_STATIC (TABLENAME, ROOTMAPPING, MODULE, CUSTOMER_SPECIFIC, ORGANIZATION_CHECK, CACHE_IN_HASH, SEARCH_VIEW, LIST_VIEW, EDIT_VIEW, SHOW_VIEW, SELECT_VIEW, ORDERBY, SEQUENCE_NAME) VALUES ('PRODUCTION_ORDER', 'productionOrder', 'production', 'Y', 'Y', 'N', '', '', '', '', '', '', 'PRODUCTION_ORDER_ID_SEQ');
INSERT INTO TABLE_FIELD_FACE (TABLENAME, FIELDNAME, EDIT_STYLE, EDIT_JSTL_PATH, VIEW_JSTL_PATH, SEARCH_STYLE, LOOKUP_STYLE, TRANSLATED, MINVALUE, MAXVALUE) VALUES ('PRODUCTION_ORDER', 'DESCRIPTION', 'T', 'description', 'description', 'F', 'N', 'N', '', '');
INSERT INTO TABLE_FIELD_FACE (TABLENAME, FIELDNAME, EDIT_STYLE, EDIT_JSTL_PATH, VIEW_JSTL_PATH, SEARCH_STYLE, LOOKUP_STYLE, TRANSLATED, MINVALUE, MAXVALUE) VALUES ('PRODUCTION_ORDER', 'DUE_DATE', 'D', 'dueDate', 'dueDate', 'F', 'N', 'N', '', '');
INSERT INTO TABLE_FIELD_FACE (TABLENAME, FIELDNAME, EDIT_STYLE, EDIT_JSTL_PATH, VIEW_JSTL_PATH, SEARCH_STYLE, LOOKUP_STYLE, TRANSLATED, MINVALUE, MAXVALUE) VALUES ('PRODUCTION_ORDER', 'ORDER_DATE', 'R', 'orderDate', 'orderDate', 'F', 'N', 'N', '', '');
INSERT INTO TABLE_FIELD_FACE (TABLENAME, FIELDNAME, EDIT_STYLE, EDIT_JSTL_PATH, VIEW_JSTL_PATH, SEARCH_STYLE, LOOKUP_STYLE, TRANSLATED, MINVALUE, MAXVALUE) VALUES ('PRODUCTION_ORDER', 'ORGANIZATION_ID', 'ORGANIZATION', 'organization.id', 'organization.caption', 'L', 'C', 'N', '', '');
INSERT INTO TABLE_FIELD_FACE (TABLENAME, FIELDNAME, EDIT_STYLE, EDIT_JSTL_PATH, VIEW_JSTL_PATH, SEARCH_STYLE, LOOKUP_STYLE, TRANSLATED, MINVALUE, MAXVALUE) VALUES ('PRODUCTION_ORDER', 'OWNER_ID', 'H', 'ownerId', 'ownerId', 'F', 'N', 'N', '', '');
INSERT INTO TABLE_FIELD_FACE (TABLENAME, FIELDNAME, EDIT_STYLE, EDIT_JSTL_PATH, VIEW_JSTL_PATH, SEARCH_STYLE, LOOKUP_STYLE, TRANSLATED, MINVALUE, MAXVALUE) VALUES ('PRODUCTION_ORDER', 'PRODUCTION_ORDER_ID', 'S', 'id', 'id', 'F', 'N', 'N', '', '');
INSERT INTO TABLE_FIELD_FACE (TABLENAME, FIELDNAME, EDIT_STYLE, EDIT_JSTL_PATH, VIEW_JSTL_PATH, SEARCH_STYLE, LOOKUP_STYLE, TRANSLATED, MINVALUE, MAXVALUE) VALUES ('PRODUCTION_ORDER', 'STATUS', 'PRODUCTION_ORDER_STATUS', 'status', 'status', 'L', 'C', 'N', '', '');
INSERT INTO TABLE_FIELD_FACE (TABLENAME, FIELDNAME, EDIT_STYLE, EDIT_JSTL_PATH, VIEW_JSTL_PATH, SEARCH_STYLE, LOOKUP_STYLE, TRANSLATED, MINVALUE, MAXVALUE) VALUES ('PRODUCTION_ORDER', 'USERNAME', 'T', 'username', 'username', 'F', 'N', 'N', '', '');

INSERT INTO TABLE_CONTENT_TYPE (TABLENAME, OBJECT_TYPE, CAPTION, MIMETYPE) VALUES ('PRODUCTION_ORDER', 'PO', 'PHOTO', '');
INSERT INTO TABLE_ACTION (TABLENAME, ACTION, CAPTION, METHOD, ENABLE, AUTHORITY_CHECK, RECORD_SPECIFIC) VALUES ('PRODUCTION_ORDER', 'PRINT', 'PRINT', 'print', 'Y', 'N', 'Y');
INSERT INTO TABLE_ACTION (TABLENAME, ACTION, CAPTION, METHOD, ENABLE, AUTHORITY_CHECK, RECORD_SPECIFIC) VALUES ('PRODUCTION_ORDER', 'PULL', 'PULL', 'pull', 'Y', 'Y', 'Y');

INSERT INTO TABLE_CONTROLLER_STATIC (TABLENAME, ROOTMAPPING, MODULE, CUSTOMER_SPECIFIC, ORGANIZATION_CHECK, CACHE_IN_HASH, SEARCH_VIEW, LIST_VIEW, EDIT_VIEW, SHOW_VIEW, SELECT_VIEW, ORDERBY, SEQUENCE_NAME) VALUES ('PRODUCTION_ORDER_ITEM', 'productionOrderItem', 'production', 'N', 'N', 'N', '', '', '', '', '', '', '');
INSERT INTO TABLE_FIELD_FACE (TABLENAME, FIELDNAME, EDIT_STYLE, EDIT_JSTL_PATH, VIEW_JSTL_PATH, SEARCH_STYLE, LOOKUP_STYLE, TRANSLATED, MINVALUE, MAXVALUE) VALUES ('PRODUCTION_ORDER_ITEM', 'LINE', 'SP', 'id.line', 'id.line', 'F', 'N', 'N', '', '');
INSERT INTO TABLE_FIELD_FACE (TABLENAME, FIELDNAME, EDIT_STYLE, EDIT_JSTL_PATH, VIEW_JSTL_PATH, SEARCH_STYLE, LOOKUP_STYLE, TRANSLATED, MINVALUE, MAXVALUE) VALUES ('PRODUCTION_ORDER_ITEM', 'MATERIAL_ID', 'MATERIAL', 'material.id', 'material.caption', 'L', 'C', 'N', '', '');
INSERT INTO TABLE_FIELD_FACE (TABLENAME, FIELDNAME, EDIT_STYLE, EDIT_JSTL_PATH, VIEW_JSTL_PATH, SEARCH_STYLE, LOOKUP_STYLE, TRANSLATED, MINVALUE, MAXVALUE) VALUES ('PRODUCTION_ORDER_ITEM', 'PRODUCTION_ORDER_ID', 'H', 'id.productionOrderId', 'id.productionOrderId', 'F', 'N', 'N', '', '');
INSERT INTO TABLE_FIELD_FACE (TABLENAME, FIELDNAME, EDIT_STYLE, EDIT_JSTL_PATH, VIEW_JSTL_PATH, SEARCH_STYLE, LOOKUP_STYLE, TRANSLATED, MINVALUE, MAXVALUE) VALUES ('PRODUCTION_ORDER_ITEM', 'QUANTITY', 'F', 'quantity', 'quantity', 'F', 'N', 'N', '', '');
INSERT INTO TABLE_FIELD_FACE (TABLENAME, FIELDNAME, EDIT_STYLE, EDIT_JSTL_PATH, VIEW_JSTL_PATH, SEARCH_STYLE, LOOKUP_STYLE, TRANSLATED, MINVALUE, MAXVALUE) VALUES ('PRODUCTION_ORDER_ITEM', 'STATUS', 'PRODUCTION_ORDER_ITEM_STATUS', 'status', 'status', 'L', 'C', 'N', '', '');
INSERT INTO TABLE_FIELD_FACE (TABLENAME, FIELDNAME, EDIT_STYLE, EDIT_JSTL_PATH, VIEW_JSTL_PATH, SEARCH_STYLE, LOOKUP_STYLE, TRANSLATED, MINVALUE, MAXVALUE) VALUES ('PRODUCTION_ORDER_ITEM', 'UNIT', 'MEASUREMENT_UNIT', 'unit', 'unit', 'L', 'C', 'N', '', '');


INSERT INTO TABLE_CONTROLLER_STATIC (TABLENAME, ROOTMAPPING, MODULE, CUSTOMER_SPECIFIC, ORGANIZATION_CHECK, CACHE_IN_HASH, SEARCH_VIEW, LIST_VIEW, EDIT_VIEW, SHOW_VIEW, SELECT_VIEW, ORDERBY, SEQUENCE_NAME) VALUES ('PRODUCTION_RESOURCE', 'productionResource', 'production', 'N', 'Y', 'N', '', '', '', '', '', '', '');
INSERT INTO TABLE_FIELD_FACE (TABLENAME, FIELDNAME, EDIT_STYLE, EDIT_JSTL_PATH, VIEW_JSTL_PATH, SEARCH_STYLE, LOOKUP_STYLE, TRANSLATED, MINVALUE, MAXVALUE) VALUES ('PRODUCTION_RESOURCE', 'ORGANIZATION_ID', 'H', 'id.organizationId', 'id.organizationId', 'F', 'N', 'N', '', '');
INSERT INTO TABLE_FIELD_FACE (TABLENAME, FIELDNAME, EDIT_STYLE, EDIT_JSTL_PATH, VIEW_JSTL_PATH, SEARCH_STYLE, LOOKUP_STYLE, TRANSLATED, MINVALUE, MAXVALUE) VALUES ('PRODUCTION_RESOURCE', 'QUANTITY', 'I4', 'quantity', 'quantity', 'F', 'N', 'N', '', '');
INSERT INTO TABLE_FIELD_FACE (TABLENAME, FIELDNAME, EDIT_STYLE, EDIT_JSTL_PATH, VIEW_JSTL_PATH, SEARCH_STYLE, LOOKUP_STYLE, TRANSLATED, MINVALUE, MAXVALUE) VALUES ('PRODUCTION_RESOURCE', 'RESOURCE_TYPE', 'RESOURCE_TYPE', 'id.resourceType', 'id.resourceType', 'L', 'C', 'N', '', '');
INSERT INTO TABLE_FIELD_FACE (TABLENAME, FIELDNAME, EDIT_STYLE, EDIT_JSTL_PATH, VIEW_JSTL_PATH, SEARCH_STYLE, LOOKUP_STYLE, TRANSLATED, MINVALUE, MAXVALUE) VALUES ('PRODUCTION_RESOURCE', 'UNIT', 'MEASUREMENT_UNIT', 'unit', 'unit', 'L', 'C', 'N', '', '');


INSERT INTO TABLE_CONTROLLER_STATIC (TABLENAME, ROOTMAPPING, MODULE, CUSTOMER_SPECIFIC, ORGANIZATION_CHECK, CACHE_IN_HASH, SEARCH_VIEW, LIST_VIEW, EDIT_VIEW, SHOW_VIEW, SELECT_VIEW, ORDERBY, SEQUENCE_NAME) VALUES ('CATEGORY', 'category', 'project', 'N', 'N', 'N', '', 'manhour/categoryList', 'manhour/categoryEdit', '', '', '', 'CATEGORY_ID_SEQ');
INSERT INTO TABLE_FIELD_FACE (TABLENAME, FIELDNAME, EDIT_STYLE, EDIT_JSTL_PATH, VIEW_JSTL_PATH, SEARCH_STYLE, LOOKUP_STYLE, TRANSLATED, MINVALUE, MAXVALUE) VALUES ('CATEGORY', 'ACCOUNT_SCHEMA_ID', 'H', 'accountSchema.id', 'accountSchema.id', 'F', 'N', 'N', '', '');
INSERT INTO TABLE_FIELD_FACE (TABLENAME, FIELDNAME, EDIT_STYLE, EDIT_JSTL_PATH, VIEW_JSTL_PATH, SEARCH_STYLE, LOOKUP_STYLE, TRANSLATED, MINVALUE, MAXVALUE) VALUES ('CATEGORY', 'CAPTION', 'T', 'caption', 'caption', 'F', 'N', 'N', '', '');
INSERT INTO TABLE_FIELD_FACE (TABLENAME, FIELDNAME, EDIT_STYLE, EDIT_JSTL_PATH, VIEW_JSTL_PATH, SEARCH_STYLE, LOOKUP_STYLE, TRANSLATED, MINVALUE, MAXVALUE) VALUES ('CATEGORY', 'CAT_INDEX', 'T', 'catIndex', 'catIndex', 'F', 'N', 'N', '', '');
INSERT INTO TABLE_FIELD_FACE (TABLENAME, FIELDNAME, EDIT_STYLE, EDIT_JSTL_PATH, VIEW_JSTL_PATH, SEARCH_STYLE, LOOKUP_STYLE, TRANSLATED, MINVALUE, MAXVALUE) VALUES ('CATEGORY', 'CAT_LEVEL', 'H', 'catLevel', 'catLevel', 'F', 'N', 'N', '', '');
INSERT INTO TABLE_FIELD_FACE (TABLENAME, FIELDNAME, EDIT_STYLE, EDIT_JSTL_PATH, VIEW_JSTL_PATH, SEARCH_STYLE, LOOKUP_STYLE, TRANSLATED, MINVALUE, MAXVALUE) VALUES ('CATEGORY', 'CATEGORY_ID', 'S', 'id', 'id', 'F', 'N', 'N', '', '');
INSERT INTO TABLE_FIELD_FACE (TABLENAME, FIELDNAME, EDIT_STYLE, EDIT_JSTL_PATH, VIEW_JSTL_PATH, SEARCH_STYLE, LOOKUP_STYLE, TRANSLATED, MINVALUE, MAXVALUE) VALUES ('CATEGORY', 'DETAILS', 'T', 'details', 'details', 'F', 'N', 'N', '', '');
INSERT INTO TABLE_FIELD_FACE (TABLENAME, FIELDNAME, EDIT_STYLE, EDIT_JSTL_PATH, VIEW_JSTL_PATH, SEARCH_STYLE, LOOKUP_STYLE, TRANSLATED, MINVALUE, MAXVALUE) VALUES ('CATEGORY', 'MAIN_FLAG', 'T', 'mainFlag', 'mainFlag', 'F', 'N', 'N', '', '');
INSERT INTO TABLE_FIELD_FACE (TABLENAME, FIELDNAME, EDIT_STYLE, EDIT_JSTL_PATH, VIEW_JSTL_PATH, SEARCH_STYLE, LOOKUP_STYLE, TRANSLATED, MINVALUE, MAXVALUE) VALUES ('CATEGORY', 'PARENT_ID', 'T', 'parentId', 'parentId', 'F', 'N', 'N', '', '');
INSERT INTO TABLE_FIELD_FACE (TABLENAME, FIELDNAME, EDIT_STYLE, EDIT_JSTL_PATH, VIEW_JSTL_PATH, SEARCH_STYLE, LOOKUP_STYLE, TRANSLATED, MINVALUE, MAXVALUE) VALUES ('CATEGORY', 'PROJECT_ID', 'H', 'projectId', 'projectId', 'F', 'N', 'N', '', '');
INSERT INTO TABLE_FIELD_FACE (TABLENAME, FIELDNAME, EDIT_STYLE, EDIT_JSTL_PATH, VIEW_JSTL_PATH, SEARCH_STYLE, LOOKUP_STYLE, TRANSLATED, MINVALUE, MAXVALUE) VALUES ('CATEGORY', 'TREE_CODE', 'T', 'treeCode', 'treeCode', 'F', 'N', 'N', '', '');
INSERT INTO TABLE_FIELD_FACE (TABLENAME, FIELDNAME, EDIT_STYLE, EDIT_JSTL_PATH, VIEW_JSTL_PATH, SEARCH_STYLE, LOOKUP_STYLE, TRANSLATED, MINVALUE, MAXVALUE) VALUES ('CATEGORY', 'UNIT', 'MEASUREMENT_UNIT', 'unit', 'unit', 'L', 'C', 'N', '', '');
INSERT INTO TABLE_FIELD_FACE (TABLENAME, FIELDNAME, EDIT_STYLE, EDIT_JSTL_PATH, VIEW_JSTL_PATH, SEARCH_STYLE, LOOKUP_STYLE, TRANSLATED, MINVALUE, MAXVALUE) VALUES ('CATEGORY', 'UNIT2', 'T', 'unit2', 'unit2', 'F', 'N', 'N', '', '');


INSERT INTO TABLE_CONTROLLER_STATIC (TABLENAME, ROOTMAPPING, MODULE, CUSTOMER_SPECIFIC, ORGANIZATION_CHECK, CACHE_IN_HASH, SEARCH_VIEW, LIST_VIEW, EDIT_VIEW, SHOW_VIEW, SELECT_VIEW, ORDERBY, SEQUENCE_NAME) VALUES ('CATEGORY_TEXT', 'categoryText', 'project', 'N', 'N', 'N', '', '', '', '', '', '', '');
INSERT INTO TABLE_FIELD_FACE (TABLENAME, FIELDNAME, EDIT_STYLE, EDIT_JSTL_PATH, VIEW_JSTL_PATH, SEARCH_STYLE, LOOKUP_STYLE, TRANSLATED, MINVALUE, MAXVALUE) VALUES ('CATEGORY_TEXT', 'CAPTION', 'T', 'caption', 'caption', 'F', 'N', 'N', '', '');
INSERT INTO TABLE_FIELD_FACE (TABLENAME, FIELDNAME, EDIT_STYLE, EDIT_JSTL_PATH, VIEW_JSTL_PATH, SEARCH_STYLE, LOOKUP_STYLE, TRANSLATED, MINVALUE, MAXVALUE) VALUES ('CATEGORY_TEXT', 'CATEGORY_ID', 'H', 'id.categoryId', 'id.categoryId', 'F', 'N', 'N', '', '');
INSERT INTO TABLE_FIELD_FACE (TABLENAME, FIELDNAME, EDIT_STYLE, EDIT_JSTL_PATH, VIEW_JSTL_PATH, SEARCH_STYLE, LOOKUP_STYLE, TRANSLATED, MINVALUE, MAXVALUE) VALUES ('CATEGORY_TEXT', 'LANGCODE', 'T', 'id.langcode', 'id.langcode', 'F', 'N', 'N', '', '');


INSERT INTO TABLE_CONTROLLER_STATIC (TABLENAME, ROOTMAPPING, MODULE, CUSTOMER_SPECIFIC, ORGANIZATION_CHECK, CACHE_IN_HASH, SEARCH_VIEW, LIST_VIEW, EDIT_VIEW, SHOW_VIEW, SELECT_VIEW, ORDERBY, SEQUENCE_NAME) VALUES ('PROJECT', 'project', 'project', 'Y', 'Y', 'N', '', '', '', 'manhour/projectShow', '', '', 'PROJECT_ID_SEQ');
INSERT INTO TABLE_FIELD_FACE (TABLENAME, FIELDNAME, EDIT_STYLE, EDIT_JSTL_PATH, VIEW_JSTL_PATH, SEARCH_STYLE, LOOKUP_STYLE, TRANSLATED, MINVALUE, MAXVALUE) VALUES ('PROJECT', 'ADVANCE_PERCENT', 'T', 'advancePercent', 'advancePercent', 'F', 'N', 'N', '', '');
INSERT INTO TABLE_FIELD_FACE (TABLENAME, FIELDNAME, EDIT_STYLE, EDIT_JSTL_PATH, VIEW_JSTL_PATH, SEARCH_STYLE, LOOKUP_STYLE, TRANSLATED, MINVALUE, MAXVALUE) VALUES ('PROJECT', 'AREA_HANDOVER', 'D', 'areaHandover', 'areaHandover', 'F', 'N', 'N', '', '');
INSERT INTO TABLE_FIELD_FACE (TABLENAME, FIELDNAME, EDIT_STYLE, EDIT_JSTL_PATH, VIEW_JSTL_PATH, SEARCH_STYLE, LOOKUP_STYLE, TRANSLATED, MINVALUE, MAXVALUE) VALUES ('PROJECT', 'CAPTION', 'T', 'caption', 'caption', 'F', 'N', 'N', '', '');
INSERT INTO TABLE_FIELD_FACE (TABLENAME, FIELDNAME, EDIT_STYLE, EDIT_JSTL_PATH, VIEW_JSTL_PATH, SEARCH_STYLE, LOOKUP_STYLE, TRANSLATED, MINVALUE, MAXVALUE) VALUES ('PROJECT', 'CONTRACT_DATE', 'D', 'contractDate', 'contractDate', 'F', 'N', 'N', '', '');
INSERT INTO TABLE_FIELD_FACE (TABLENAME, FIELDNAME, EDIT_STYLE, EDIT_JSTL_PATH, VIEW_JSTL_PATH, SEARCH_STYLE, LOOKUP_STYLE, TRANSLATED, MINVALUE, MAXVALUE) VALUES ('PROJECT', 'CONTRACT_EXCHANGE', 'EXCHANGE', 'contractExchange', 'contractExchange', 'L', 'C', 'N', '', '');
INSERT INTO TABLE_FIELD_FACE (TABLENAME, FIELDNAME, EDIT_STYLE, EDIT_JSTL_PATH, VIEW_JSTL_PATH, SEARCH_STYLE, LOOKUP_STYLE, TRANSLATED, MINVALUE, MAXVALUE) VALUES ('PROJECT', 'CONTRACTED_AMOUNT', 'C', 'contractedAmount', 'contractedAmount', 'F', 'N', 'N', '', '');
INSERT INTO TABLE_FIELD_FACE (TABLENAME, FIELDNAME, EDIT_STYLE, EDIT_JSTL_PATH, VIEW_JSTL_PATH, SEARCH_STYLE, LOOKUP_STYLE, TRANSLATED, MINVALUE, MAXVALUE) VALUES ('PROJECT', 'COUNTRY', 'COUNTRY', 'country', 'country', 'L', 'C', 'N', '', '');
INSERT INTO TABLE_FIELD_FACE (TABLENAME, FIELDNAME, EDIT_STYLE, EDIT_JSTL_PATH, VIEW_JSTL_PATH, SEARCH_STYLE, LOOKUP_STYLE, TRANSLATED, MINVALUE, MAXVALUE) VALUES ('PROJECT', 'CUSTOMER', 'T', 'customer', 'customer', 'F', 'N', 'N', '', '');
INSERT INTO TABLE_FIELD_FACE (TABLENAME, FIELDNAME, EDIT_STYLE, EDIT_JSTL_PATH, VIEW_JSTL_PATH, SEARCH_STYLE, LOOKUP_STYLE, TRANSLATED, MINVALUE, MAXVALUE) VALUES ('PROJECT', 'DURATION', 'T', 'duration', 'duration', 'F', 'N', 'N', '', '');
INSERT INTO TABLE_FIELD_FACE (TABLENAME, FIELDNAME, EDIT_STYLE, EDIT_JSTL_PATH, VIEW_JSTL_PATH, SEARCH_STYLE, LOOKUP_STYLE, TRANSLATED, MINVALUE, MAXVALUE) VALUES ('PROJECT', 'DURATION_TYPE', 'DURATION_TYPE', 'durationType', 'durationType', 'L', 'C', 'N', '', '');
INSERT INTO TABLE_FIELD_FACE (TABLENAME, FIELDNAME, EDIT_STYLE, EDIT_JSTL_PATH, VIEW_JSTL_PATH, SEARCH_STYLE, LOOKUP_STYLE, TRANSLATED, MINVALUE, MAXVALUE) VALUES ('PROJECT', 'END_OF_WARRANTY', 'D', 'endOfWarranty', 'endOfWarranty', 'F', 'N', 'N', '', '');
INSERT INTO TABLE_FIELD_FACE (TABLENAME, FIELDNAME, EDIT_STYLE, EDIT_JSTL_PATH, VIEW_JSTL_PATH, SEARCH_STYLE, LOOKUP_STYLE, TRANSLATED, MINVALUE, MAXVALUE) VALUES ('PROJECT', 'EXPECTED_COMPLETION', 'D', 'expectedCompletion', 'expectedCompletion', 'F', 'N', 'N', '', '');
INSERT INTO TABLE_FIELD_FACE (TABLENAME, FIELDNAME, EDIT_STYLE, EDIT_JSTL_PATH, VIEW_JSTL_PATH, SEARCH_STYLE, LOOKUP_STYLE, TRANSLATED, MINVALUE, MAXVALUE) VALUES ('PROJECT', 'EXPECTED_COST', 'T', 'expectedCost', 'expectedCost', 'F', 'N', 'N', '', '');
INSERT INTO TABLE_FIELD_FACE (TABLENAME, FIELDNAME, EDIT_STYLE, EDIT_JSTL_PATH, VIEW_JSTL_PATH, SEARCH_STYLE, LOOKUP_STYLE, TRANSLATED, MINVALUE, MAXVALUE) VALUES ('PROJECT', 'LETTER_OF_ADVANCE', 'T', 'letterOfAdvance', 'letterOfAdvance', 'F', 'N', 'N', '', '');
INSERT INTO TABLE_FIELD_FACE (TABLENAME, FIELDNAME, EDIT_STYLE, EDIT_JSTL_PATH, VIEW_JSTL_PATH, SEARCH_STYLE, LOOKUP_STYLE, TRANSLATED, MINVALUE, MAXVALUE) VALUES ('PROJECT', 'LETTER_OF_WARRANTY', 'T', 'letterOfWarranty', 'letterOfWarranty', 'F', 'N', 'N', '', '');
INSERT INTO TABLE_FIELD_FACE (TABLENAME, FIELDNAME, EDIT_STYLE, EDIT_JSTL_PATH, VIEW_JSTL_PATH, SEARCH_STYLE, LOOKUP_STYLE, TRANSLATED, MINVALUE, MAXVALUE) VALUES ('PROJECT', 'LOCATION', 'T', 'location', 'location', 'F', 'N', 'N', '', '');
INSERT INTO TABLE_FIELD_FACE (TABLENAME, FIELDNAME, EDIT_STYLE, EDIT_JSTL_PATH, VIEW_JSTL_PATH, SEARCH_STYLE, LOOKUP_STYLE, TRANSLATED, MINVALUE, MAXVALUE) VALUES ('PROJECT', 'ORGANIZATION_ID', 'ORGANIZATION', 'organizationId', 'organizationId', 'L', 'C', 'N', '', '');
INSERT INTO TABLE_FIELD_FACE (TABLENAME, FIELDNAME, EDIT_STYLE, EDIT_JSTL_PATH, VIEW_JSTL_PATH, SEARCH_STYLE, LOOKUP_STYLE, TRANSLATED, MINVALUE, MAXVALUE) VALUES ('PROJECT', 'OWNER_ID', 'H', 'ownerId', 'ownerId', 'F', 'N', 'N', '', '');
INSERT INTO TABLE_FIELD_FACE (TABLENAME, FIELDNAME, EDIT_STYLE, EDIT_JSTL_PATH, VIEW_JSTL_PATH, SEARCH_STYLE, LOOKUP_STYLE, TRANSLATED, MINVALUE, MAXVALUE) VALUES ('PROJECT', 'PROJECT_ID', 'S', 'id', 'id', 'F', 'N', 'N', '', '');
INSERT INTO TABLE_FIELD_FACE (TABLENAME, FIELDNAME, EDIT_STYLE, EDIT_JSTL_PATH, VIEW_JSTL_PATH, SEARCH_STYLE, LOOKUP_STYLE, TRANSLATED, MINVALUE, MAXVALUE) VALUES ('PROJECT', 'REVIZED_COMPLETION', 'D', 'revizedCompletion', 'revizedCompletion', 'F', 'N', 'N', '', '');
INSERT INTO TABLE_FIELD_FACE (TABLENAME, FIELDNAME, EDIT_STYLE, EDIT_JSTL_PATH, VIEW_JSTL_PATH, SEARCH_STYLE, LOOKUP_STYLE, TRANSLATED, MINVALUE, MAXVALUE) VALUES ('PROJECT', 'REVIZED_DURATION', 'T', 'revizedDuration', 'revizedDuration', 'F', 'N', 'N', '', '');
INSERT INTO TABLE_FIELD_FACE (TABLENAME, FIELDNAME, EDIT_STYLE, EDIT_JSTL_PATH, VIEW_JSTL_PATH, SEARCH_STYLE, LOOKUP_STYLE, TRANSLATED, MINVALUE, MAXVALUE) VALUES ('PROJECT', 'STATUS', 'R', 'status', 'status', 'F', 'N', 'N', '', '');

INSERT INTO TABLE_ACTION (TABLENAME, ACTION, CAPTION, METHOD, ENABLE, AUTHORITY_CHECK, RECORD_SPECIFIC) VALUES ('PROJECT', 'APPROVE_FINAL', 'APPROVE_FINAL', 'approveFinal', 'Y', 'Y', 'Y');
INSERT INTO TABLE_ACTION (TABLENAME, ACTION, CAPTION, METHOD, ENABLE, AUTHORITY_CHECK, RECORD_SPECIFIC) VALUES ('PROJECT', 'APPROVE_PROGRESS', 'APPROVE_PROGRESS', 'approveProgress', 'Y', 'Y', 'Y');
INSERT INTO TABLE_ACTION (TABLENAME, ACTION, CAPTION, METHOD, ENABLE, AUTHORITY_CHECK, RECORD_SPECIFIC) VALUES ('PROJECT', 'APPROVE_WBS', 'APPROVE_WBS', 'approveWbs', 'Y', 'Y', 'Y');
INSERT INTO TABLE_ACTION (TABLENAME, ACTION, CAPTION, METHOD, ENABLE, AUTHORITY_CHECK, RECORD_SPECIFIC) VALUES ('PROJECT', 'APPROVE_WITHDRAW', 'APPROVE_WITHDRAW', 'approveWithdraw', 'Y', 'Y', 'Y');

INSERT INTO TABLE_CONTROLLER_STATIC (TABLENAME, ROOTMAPPING, MODULE, CUSTOMER_SPECIFIC, ORGANIZATION_CHECK, CACHE_IN_HASH, SEARCH_VIEW, LIST_VIEW, EDIT_VIEW, SHOW_VIEW, SELECT_VIEW, ORDERBY, SEQUENCE_NAME) VALUES ('PROJECT_APPROVAL_HISTORY', 'projectApprovalHistory', 'project', 'N', 'N', 'N', '', '', '', '', '', '', '');
INSERT INTO TABLE_FIELD_FACE (TABLENAME, FIELDNAME, EDIT_STYLE, EDIT_JSTL_PATH, VIEW_JSTL_PATH, SEARCH_STYLE, LOOKUP_STYLE, TRANSLATED, MINVALUE, MAXVALUE) VALUES ('PROJECT_APPROVAL_HISTORY', 'APPROVAL', 'R', 'approval', 'approval', 'F', 'N', 'N', '', '');
INSERT INTO TABLE_FIELD_FACE (TABLENAME, FIELDNAME, EDIT_STYLE, EDIT_JSTL_PATH, VIEW_JSTL_PATH, SEARCH_STYLE, LOOKUP_STYLE, TRANSLATED, MINVALUE, MAXVALUE) VALUES ('PROJECT_APPROVAL_HISTORY', 'PROJECT_ID', 'H', 'id.projectId', 'id.projectId', 'F', 'N', 'N', '', '');
INSERT INTO TABLE_FIELD_FACE (TABLENAME, FIELDNAME, EDIT_STYLE, EDIT_JSTL_PATH, VIEW_JSTL_PATH, SEARCH_STYLE, LOOKUP_STYLE, TRANSLATED, MINVALUE, MAXVALUE) VALUES ('PROJECT_APPROVAL_HISTORY', 'STATUS', 'R', 'status', 'status', 'F', 'N', 'N', '', '');
INSERT INTO TABLE_FIELD_FACE (TABLENAME, FIELDNAME, EDIT_STYLE, EDIT_JSTL_PATH, VIEW_JSTL_PATH, SEARCH_STYLE, LOOKUP_STYLE, TRANSLATED, MINVALUE, MAXVALUE) VALUES ('PROJECT_APPROVAL_HISTORY', 'USERNAME', 'R', 'username', 'username', 'F', 'N', 'N', '', '');


INSERT INTO TABLE_CONTROLLER_STATIC (TABLENAME, ROOTMAPPING, MODULE, CUSTOMER_SPECIFIC, ORGANIZATION_CHECK, CACHE_IN_HASH, SEARCH_VIEW, LIST_VIEW, EDIT_VIEW, SHOW_VIEW, SELECT_VIEW, ORDERBY, SEQUENCE_NAME) VALUES ('PROJECT_TEAM', 'projectTeam', 'project', 'N', 'N', 'N', '', '', 'manhour/projectTeamEdit', 'manhour/projectTeamShow', '', '', '');
INSERT INTO TABLE_FIELD_FACE (TABLENAME, FIELDNAME, EDIT_STYLE, EDIT_JSTL_PATH, VIEW_JSTL_PATH, SEARCH_STYLE, LOOKUP_STYLE, TRANSLATED, MINVALUE, MAXVALUE) VALUES ('PROJECT_TEAM', 'CAPTION', 'T', 'caption', 'caption', 'F', 'N', 'N', '', '');
INSERT INTO TABLE_FIELD_FACE (TABLENAME, FIELDNAME, EDIT_STYLE, EDIT_JSTL_PATH, VIEW_JSTL_PATH, SEARCH_STYLE, LOOKUP_STYLE, TRANSLATED, MINVALUE, MAXVALUE) VALUES ('PROJECT_TEAM', 'PROJECT_ID', 'H', 'id.projectId', 'id.projectId', 'F', 'N', 'N', '', '');
INSERT INTO TABLE_FIELD_FACE (TABLENAME, FIELDNAME, EDIT_STYLE, EDIT_JSTL_PATH, VIEW_JSTL_PATH, SEARCH_STYLE, LOOKUP_STYLE, TRANSLATED, MINVALUE, MAXVALUE) VALUES ('PROJECT_TEAM', 'TEAM_ID', 'T', 'id.teamId', 'id.teamId', 'F', 'N', 'N', '', '');

INSERT INTO TABLE_ACTION (TABLENAME, ACTION, CAPTION, METHOD, ENABLE, AUTHORITY_CHECK, RECORD_SPECIFIC) VALUES ('PROJECT_TEAM', 'APPROVE_MANHOUR', 'APPROVE_MANHOUR', 'approveManhour', 'Y', 'Y', 'Y');
INSERT INTO TABLE_ACTION (TABLENAME, ACTION, CAPTION, METHOD, ENABLE, AUTHORITY_CHECK, RECORD_SPECIFIC) VALUES ('PROJECT_TEAM', 'APPROVE_QUANTITY', 'APPROVE_QUANTITY', 'approveQuantity', 'Y', 'Y', 'Y');

INSERT INTO TABLE_CONTROLLER_STATIC (TABLENAME, ROOTMAPPING, MODULE, CUSTOMER_SPECIFIC, ORGANIZATION_CHECK, CACHE_IN_HASH, SEARCH_VIEW, LIST_VIEW, EDIT_VIEW, SHOW_VIEW, SELECT_VIEW, ORDERBY, SEQUENCE_NAME) VALUES ('PROJECT_TEAM_PERSON', 'projectTeamPerson', 'project', 'N', 'N', 'N', '', '', 'manhour/projectTeamPersonEdit', '', '', '', '');
INSERT INTO TABLE_FIELD_FACE (TABLENAME, FIELDNAME, EDIT_STYLE, EDIT_JSTL_PATH, VIEW_JSTL_PATH, SEARCH_STYLE, LOOKUP_STYLE, TRANSLATED, MINVALUE, MAXVALUE) VALUES ('PROJECT_TEAM_PERSON', 'PROJECT_ID', 'H', 'id.projectId', 'id.projectId', 'F', 'N', 'N', '', '');
INSERT INTO TABLE_FIELD_FACE (TABLENAME, FIELDNAME, EDIT_STYLE, EDIT_JSTL_PATH, VIEW_JSTL_PATH, SEARCH_STYLE, LOOKUP_STYLE, TRANSLATED, MINVALUE, MAXVALUE) VALUES ('PROJECT_TEAM_PERSON', 'TEAM_ID', 'H', 'id.teamId', 'id.teamId', 'F', 'N', 'N', '', '');
INSERT INTO TABLE_FIELD_FACE (TABLENAME, FIELDNAME, EDIT_STYLE, EDIT_JSTL_PATH, VIEW_JSTL_PATH, SEARCH_STYLE, LOOKUP_STYLE, TRANSLATED, MINVALUE, MAXVALUE) VALUES ('PROJECT_TEAM_PERSON', 'TEAM_LEAD', 'T', 'teamLead', 'teamLead', 'F', 'N', 'N', '', '');
INSERT INTO TABLE_FIELD_FACE (TABLENAME, FIELDNAME, EDIT_STYLE, EDIT_JSTL_PATH, VIEW_JSTL_PATH, SEARCH_STYLE, LOOKUP_STYLE, TRANSLATED, MINVALUE, MAXVALUE) VALUES ('PROJECT_TEAM_PERSON', 'WORKER_ID', 'H', 'id.workerId', 'id.workerId', 'F', 'N', 'N', '', '');

INSERT INTO TABLE_ACTION (TABLENAME, ACTION, CAPTION, METHOD, ENABLE, AUTHORITY_CHECK, RECORD_SPECIFIC) VALUES ('PROJECT_TEAM_PERSON', 'ADD_EMPLOYEE', 'ADD_EMPLOYEE', 'addEmployee', 'Y', 'Y', 'Y');
INSERT INTO TABLE_ACTION (TABLENAME, ACTION, CAPTION, METHOD, ENABLE, AUTHORITY_CHECK, RECORD_SPECIFIC) VALUES ('PROJECT_TEAM_PERSON', 'ADD_SUBCONTRACTOR', 'ADD_SUBCONTRACTOR', 'addSubcontractor', 'Y', 'Y', 'Y');

INSERT INTO TABLE_CONTROLLER_STATIC (TABLENAME, ROOTMAPPING, MODULE, CUSTOMER_SPECIFIC, ORGANIZATION_CHECK, CACHE_IN_HASH, SEARCH_VIEW, LIST_VIEW, EDIT_VIEW, SHOW_VIEW, SELECT_VIEW, ORDERBY, SEQUENCE_NAME) VALUES ('PROJECT_TEAM_TEMPLATE', 'projectTeamTemplate', 'project', 'N', 'N', 'N', '', '', '', '', 'manhour/projectTeamTemplateSelect', '', '');
INSERT INTO TABLE_FIELD_FACE (TABLENAME, FIELDNAME, EDIT_STYLE, EDIT_JSTL_PATH, VIEW_JSTL_PATH, SEARCH_STYLE, LOOKUP_STYLE, TRANSLATED, MINVALUE, MAXVALUE) VALUES ('PROJECT_TEAM_TEMPLATE', 'CATEGORY_ID', 'H', 'id.categoryId', 'id.categoryId', 'F', 'N', 'N', '', '');
INSERT INTO TABLE_FIELD_FACE (TABLENAME, FIELDNAME, EDIT_STYLE, EDIT_JSTL_PATH, VIEW_JSTL_PATH, SEARCH_STYLE, LOOKUP_STYLE, TRANSLATED, MINVALUE, MAXVALUE) VALUES ('PROJECT_TEAM_TEMPLATE', 'PROJECT_ID', 'H', 'id.projectId', 'id.projectId', 'F', 'N', 'N', '', '');
INSERT INTO TABLE_FIELD_FACE (TABLENAME, FIELDNAME, EDIT_STYLE, EDIT_JSTL_PATH, VIEW_JSTL_PATH, SEARCH_STYLE, LOOKUP_STYLE, TRANSLATED, MINVALUE, MAXVALUE) VALUES ('PROJECT_TEAM_TEMPLATE', 'TEAM_ID', 'H', 'id.teamId', 'id.teamId', 'F', 'N', 'N', '', '');


INSERT INTO TABLE_CONTROLLER_STATIC (TABLENAME, ROOTMAPPING, MODULE, CUSTOMER_SPECIFIC, ORGANIZATION_CHECK, CACHE_IN_HASH, SEARCH_VIEW, LIST_VIEW, EDIT_VIEW, SHOW_VIEW, SELECT_VIEW, ORDERBY, SEQUENCE_NAME) VALUES ('PROJECT_WBS', 'projectWbs', 'project', 'N', 'N', 'N', '', '', 'manhour/projectWbsEdit', 'manhour/projectWbsShow', 'manhour/projectWbsSelect', '', '');
INSERT INTO TABLE_FIELD_FACE (TABLENAME, FIELDNAME, EDIT_STYLE, EDIT_JSTL_PATH, VIEW_JSTL_PATH, SEARCH_STYLE, LOOKUP_STYLE, TRANSLATED, MINVALUE, MAXVALUE) VALUES ('PROJECT_WBS', 'ACCOUNT_SCHEMA_ID', 'H', 'accountSchema.id', 'accountSchema.id', 'F', 'N', 'N', '', '');
INSERT INTO TABLE_FIELD_FACE (TABLENAME, FIELDNAME, EDIT_STYLE, EDIT_JSTL_PATH, VIEW_JSTL_PATH, SEARCH_STYLE, LOOKUP_STYLE, TRANSLATED, MINVALUE, MAXVALUE) VALUES ('PROJECT_WBS', 'CATEGORY_ID', 'H', 'id.categoryId', 'id.categoryId', 'F', 'N', 'N', '', '');
INSERT INTO TABLE_FIELD_FACE (TABLENAME, FIELDNAME, EDIT_STYLE, EDIT_JSTL_PATH, VIEW_JSTL_PATH, SEARCH_STYLE, LOOKUP_STYLE, TRANSLATED, MINVALUE, MAXVALUE) VALUES ('PROJECT_WBS', 'CUSTOMER_WBS_CAPTION', 'T', 'customerWbsCaption', 'customerWbsCaption', 'F', 'N', 'N', '', '');
INSERT INTO TABLE_FIELD_FACE (TABLENAME, FIELDNAME, EDIT_STYLE, EDIT_JSTL_PATH, VIEW_JSTL_PATH, SEARCH_STYLE, LOOKUP_STYLE, TRANSLATED, MINVALUE, MAXVALUE) VALUES ('PROJECT_WBS', 'CUSTOMER_WBS_CODE', 'T', 'customerWbsCode', 'customerWbsCode', 'F', 'N', 'N', '', '');
INSERT INTO TABLE_FIELD_FACE (TABLENAME, FIELDNAME, EDIT_STYLE, EDIT_JSTL_PATH, VIEW_JSTL_PATH, SEARCH_STYLE, LOOKUP_STYLE, TRANSLATED, MINVALUE, MAXVALUE) VALUES ('PROJECT_WBS', 'METRIC', 'T', 'metric', 'metric', 'F', 'N', 'N', '', '');
INSERT INTO TABLE_FIELD_FACE (TABLENAME, FIELDNAME, EDIT_STYLE, EDIT_JSTL_PATH, VIEW_JSTL_PATH, SEARCH_STYLE, LOOKUP_STYLE, TRANSLATED, MINVALUE, MAXVALUE) VALUES ('PROJECT_WBS', 'PLANNED_METRIC', 'T', 'plannedMetric', 'plannedMetric', 'F', 'N', 'N', '', '');
INSERT INTO TABLE_FIELD_FACE (TABLENAME, FIELDNAME, EDIT_STYLE, EDIT_JSTL_PATH, VIEW_JSTL_PATH, SEARCH_STYLE, LOOKUP_STYLE, TRANSLATED, MINVALUE, MAXVALUE) VALUES ('PROJECT_WBS', 'PLANNED_QUANTITY', 'T', 'plannedQuantity', 'plannedQuantity', 'F', 'N', 'N', '', '');
INSERT INTO TABLE_FIELD_FACE (TABLENAME, FIELDNAME, EDIT_STYLE, EDIT_JSTL_PATH, VIEW_JSTL_PATH, SEARCH_STYLE, LOOKUP_STYLE, TRANSLATED, MINVALUE, MAXVALUE) VALUES ('PROJECT_WBS', 'PROJECT_ID', 'H', 'id.projectId', 'id.projectId', 'F', 'N', 'N', '', '');
INSERT INTO TABLE_FIELD_FACE (TABLENAME, FIELDNAME, EDIT_STYLE, EDIT_JSTL_PATH, VIEW_JSTL_PATH, SEARCH_STYLE, LOOKUP_STYLE, TRANSLATED, MINVALUE, MAXVALUE) VALUES ('PROJECT_WBS', 'PUP_METRIC', 'T', 'pupMetric', 'pupMetric', 'F', 'N', 'N', '', '');
INSERT INTO TABLE_FIELD_FACE (TABLENAME, FIELDNAME, EDIT_STYLE, EDIT_JSTL_PATH, VIEW_JSTL_PATH, SEARCH_STYLE, LOOKUP_STYLE, TRANSLATED, MINVALUE, MAXVALUE) VALUES ('PROJECT_WBS', 'PUP_QUANTITY', 'T', 'pupQuantity', 'pupQuantity', 'F', 'N', 'N', '', '');
INSERT INTO TABLE_FIELD_FACE (TABLENAME, FIELDNAME, EDIT_STYLE, EDIT_JSTL_PATH, VIEW_JSTL_PATH, SEARCH_STYLE, LOOKUP_STYLE, TRANSLATED, MINVALUE, MAXVALUE) VALUES ('PROJECT_WBS', 'QUANTITY', 'T', 'quantity', 'quantity', 'F', 'N', 'N', '', '');
INSERT INTO TABLE_FIELD_FACE (TABLENAME, FIELDNAME, EDIT_STYLE, EDIT_JSTL_PATH, VIEW_JSTL_PATH, SEARCH_STYLE, LOOKUP_STYLE, TRANSLATED, MINVALUE, MAXVALUE) VALUES ('PROJECT_WBS', 'UNIT', 'MEASUREMENT_UNIT', 'unit', 'unit', 'L', 'C', 'N', '', '');


INSERT INTO TABLE_CONTROLLER_STATIC (TABLENAME, ROOTMAPPING, MODULE, CUSTOMER_SPECIFIC, ORGANIZATION_CHECK, CACHE_IN_HASH, SEARCH_VIEW, LIST_VIEW, EDIT_VIEW, SHOW_VIEW, SELECT_VIEW, ORDERBY, SEQUENCE_NAME) VALUES ('PROJECT_WBS_MANHOUR', 'projectWbsManhour', 'project', 'N', 'N', 'N', '', '', '', '', 'manhour/projectWbsManhourSelect', '', '');
INSERT INTO TABLE_FIELD_FACE (TABLENAME, FIELDNAME, EDIT_STYLE, EDIT_JSTL_PATH, VIEW_JSTL_PATH, SEARCH_STYLE, LOOKUP_STYLE, TRANSLATED, MINVALUE, MAXVALUE) VALUES ('PROJECT_WBS_MANHOUR', 'ACTIVITY_DATE', 'D', 'id.activityDate', 'id.activityDate', 'F', 'N', 'N', '', '');
INSERT INTO TABLE_FIELD_FACE (TABLENAME, FIELDNAME, EDIT_STYLE, EDIT_JSTL_PATH, VIEW_JSTL_PATH, SEARCH_STYLE, LOOKUP_STYLE, TRANSLATED, MINVALUE, MAXVALUE) VALUES ('PROJECT_WBS_MANHOUR', 'CATEGORY_ID', 'H', 'id.categoryId', 'id.categoryId', 'F', 'N', 'N', '', '');
INSERT INTO TABLE_FIELD_FACE (TABLENAME, FIELDNAME, EDIT_STYLE, EDIT_JSTL_PATH, VIEW_JSTL_PATH, SEARCH_STYLE, LOOKUP_STYLE, TRANSLATED, MINVALUE, MAXVALUE) VALUES ('PROJECT_WBS_MANHOUR', 'FOREIGN_MH', 'T', 'foreignMh', 'foreignMh', 'F', 'N', 'N', '', '');
INSERT INTO TABLE_FIELD_FACE (TABLENAME, FIELDNAME, EDIT_STYLE, EDIT_JSTL_PATH, VIEW_JSTL_PATH, SEARCH_STYLE, LOOKUP_STYLE, TRANSLATED, MINVALUE, MAXVALUE) VALUES ('PROJECT_WBS_MANHOUR', 'LOCAL_MH', 'H', 'localMh', 'localMh', 'F', 'N', 'N', '', '');
INSERT INTO TABLE_FIELD_FACE (TABLENAME, FIELDNAME, EDIT_STYLE, EDIT_JSTL_PATH, VIEW_JSTL_PATH, SEARCH_STYLE, LOOKUP_STYLE, TRANSLATED, MINVALUE, MAXVALUE) VALUES ('PROJECT_WBS_MANHOUR', 'MANHOUR', 'T', 'manhour', 'manhour', 'F', 'N', 'N', '', '');
INSERT INTO TABLE_FIELD_FACE (TABLENAME, FIELDNAME, EDIT_STYLE, EDIT_JSTL_PATH, VIEW_JSTL_PATH, SEARCH_STYLE, LOOKUP_STYLE, TRANSLATED, MINVALUE, MAXVALUE) VALUES ('PROJECT_WBS_MANHOUR', 'OVERTIME', 'H', 'overtime', 'overtime', 'F', 'N', 'N', '', '');
INSERT INTO TABLE_FIELD_FACE (TABLENAME, FIELDNAME, EDIT_STYLE, EDIT_JSTL_PATH, VIEW_JSTL_PATH, SEARCH_STYLE, LOOKUP_STYLE, TRANSLATED, MINVALUE, MAXVALUE) VALUES ('PROJECT_WBS_MANHOUR', 'PROJECT_ID', 'H', 'id.projectId', 'id.projectId', 'F', 'N', 'N', '', '');
INSERT INTO TABLE_FIELD_FACE (TABLENAME, FIELDNAME, EDIT_STYLE, EDIT_JSTL_PATH, VIEW_JSTL_PATH, SEARCH_STYLE, LOOKUP_STYLE, TRANSLATED, MINVALUE, MAXVALUE) VALUES ('PROJECT_WBS_MANHOUR', 'STATUS', 'R', 'status', 'status', 'F', 'N', 'N', '', '');
INSERT INTO TABLE_FIELD_FACE (TABLENAME, FIELDNAME, EDIT_STYLE, EDIT_JSTL_PATH, VIEW_JSTL_PATH, SEARCH_STYLE, LOOKUP_STYLE, TRANSLATED, MINVALUE, MAXVALUE) VALUES ('PROJECT_WBS_MANHOUR', 'TEAM_ID', 'H', 'id.teamId', 'id.teamId', 'F', 'N', 'N', '', '');
INSERT INTO TABLE_FIELD_FACE (TABLENAME, FIELDNAME, EDIT_STYLE, EDIT_JSTL_PATH, VIEW_JSTL_PATH, SEARCH_STYLE, LOOKUP_STYLE, TRANSLATED, MINVALUE, MAXVALUE) VALUES ('PROJECT_WBS_MANHOUR', 'TR_MH', 'T', 'trMh', 'trMh', 'F', 'N', 'N', '', '');
INSERT INTO TABLE_FIELD_FACE (TABLENAME, FIELDNAME, EDIT_STYLE, EDIT_JSTL_PATH, VIEW_JSTL_PATH, SEARCH_STYLE, LOOKUP_STYLE, TRANSLATED, MINVALUE, MAXVALUE) VALUES ('PROJECT_WBS_MANHOUR', 'WORKER_ID', 'T', 'id.workerId', 'worker.caption', 'F', 'N', 'N', '', '');


INSERT INTO TABLE_CONTROLLER_STATIC (TABLENAME, ROOTMAPPING, MODULE, CUSTOMER_SPECIFIC, ORGANIZATION_CHECK, CACHE_IN_HASH, SEARCH_VIEW, LIST_VIEW, EDIT_VIEW, SHOW_VIEW, SELECT_VIEW, ORDERBY, SEQUENCE_NAME) VALUES ('PROJECT_WBS_QUANTITY', 'projectWbsQuantity', 'project', 'N', 'N', 'N', '', '', 'manhour/projectWbsQuantityEdit', '', 'manhour/projectWbsQuantitySelect', '', '');
INSERT INTO TABLE_FIELD_FACE (TABLENAME, FIELDNAME, EDIT_STYLE, EDIT_JSTL_PATH, VIEW_JSTL_PATH, SEARCH_STYLE, LOOKUP_STYLE, TRANSLATED, MINVALUE, MAXVALUE) VALUES ('PROJECT_WBS_QUANTITY', 'BEGDA', 'D', 'id.begda', 'id.begda', 'F', 'N', 'N', '', '');
INSERT INTO TABLE_FIELD_FACE (TABLENAME, FIELDNAME, EDIT_STYLE, EDIT_JSTL_PATH, VIEW_JSTL_PATH, SEARCH_STYLE, LOOKUP_STYLE, TRANSLATED, MINVALUE, MAXVALUE) VALUES ('PROJECT_WBS_QUANTITY', 'CATEGORY_ID', 'H', 'id.categoryId', 'id.categoryId', 'F', 'N', 'N', '', '');
INSERT INTO TABLE_FIELD_FACE (TABLENAME, FIELDNAME, EDIT_STYLE, EDIT_JSTL_PATH, VIEW_JSTL_PATH, SEARCH_STYLE, LOOKUP_STYLE, TRANSLATED, MINVALUE, MAXVALUE) VALUES ('PROJECT_WBS_QUANTITY', 'ENDDA', 'D', 'endda', 'endda', 'F', 'N', 'N', '', '');
INSERT INTO TABLE_FIELD_FACE (TABLENAME, FIELDNAME, EDIT_STYLE, EDIT_JSTL_PATH, VIEW_JSTL_PATH, SEARCH_STYLE, LOOKUP_STYLE, TRANSLATED, MINVALUE, MAXVALUE) VALUES ('PROJECT_WBS_QUANTITY', 'PROJECT_ID', 'H', 'id.projectId', 'id.projectId', 'F', 'N', 'N', '', '');
INSERT INTO TABLE_FIELD_FACE (TABLENAME, FIELDNAME, EDIT_STYLE, EDIT_JSTL_PATH, VIEW_JSTL_PATH, SEARCH_STYLE, LOOKUP_STYLE, TRANSLATED, MINVALUE, MAXVALUE) VALUES ('PROJECT_WBS_QUANTITY', 'QUANTITY', 'T', 'quantity', 'quantity', 'F', 'N', 'N', '', '');
INSERT INTO TABLE_FIELD_FACE (TABLENAME, FIELDNAME, EDIT_STYLE, EDIT_JSTL_PATH, VIEW_JSTL_PATH, SEARCH_STYLE, LOOKUP_STYLE, TRANSLATED, MINVALUE, MAXVALUE) VALUES ('PROJECT_WBS_QUANTITY', 'STATUS', 'R', 'status', 'status', 'F', 'N', 'N', '', '');
INSERT INTO TABLE_FIELD_FACE (TABLENAME, FIELDNAME, EDIT_STYLE, EDIT_JSTL_PATH, VIEW_JSTL_PATH, SEARCH_STYLE, LOOKUP_STYLE, TRANSLATED, MINVALUE, MAXVALUE) VALUES ('PROJECT_WBS_QUANTITY', 'TEAM_ID', 'H', 'id.teamId', 'id.teamId', 'F', 'N', 'N', '', '');


INSERT INTO TABLE_CONTROLLER_STATIC (TABLENAME, ROOTMAPPING, MODULE, CUSTOMER_SPECIFIC, ORGANIZATION_CHECK, CACHE_IN_HASH, SEARCH_VIEW, LIST_VIEW, EDIT_VIEW, SHOW_VIEW, SELECT_VIEW, ORDERBY, SEQUENCE_NAME) VALUES ('SUBCONTRACTOR', 'subcontractor', 'project', 'N', 'N', 'N', '', '', '', '', '', '', 'SUBCONTRACTOR_ID_SEQ');
INSERT INTO TABLE_FIELD_FACE (TABLENAME, FIELDNAME, EDIT_STYLE, EDIT_JSTL_PATH, VIEW_JSTL_PATH, SEARCH_STYLE, LOOKUP_STYLE, TRANSLATED, MINVALUE, MAXVALUE) VALUES ('SUBCONTRACTOR', 'BEGDA', 'D', 'begda', 'begda', 'F', 'N', 'N', '', '');
INSERT INTO TABLE_FIELD_FACE (TABLENAME, FIELDNAME, EDIT_STYLE, EDIT_JSTL_PATH, VIEW_JSTL_PATH, SEARCH_STYLE, LOOKUP_STYLE, TRANSLATED, MINVALUE, MAXVALUE) VALUES ('SUBCONTRACTOR', 'BUSINESS_PARTNER_ID', 'BUSINESS_PARTNER', 'businessPartner.id', 'businessPartner.caption', 'F', 'N', 'N', '', '');
INSERT INTO TABLE_FIELD_FACE (TABLENAME, FIELDNAME, EDIT_STYLE, EDIT_JSTL_PATH, VIEW_JSTL_PATH, SEARCH_STYLE, LOOKUP_STYLE, TRANSLATED, MINVALUE, MAXVALUE) VALUES ('SUBCONTRACTOR', 'EXT_SUBCONTRACTOR', 'T', 'extSubcontractor', 'extSubcontractor', 'F', 'N', 'N', '', '');


INSERT INTO TABLE_CONTROLLER_STATIC (TABLENAME, ROOTMAPPING, MODULE, CUSTOMER_SPECIFIC, ORGANIZATION_CHECK, CACHE_IN_HASH, SEARCH_VIEW, LIST_VIEW, EDIT_VIEW, SHOW_VIEW, SELECT_VIEW, ORDERBY, SEQUENCE_NAME) VALUES ('WORKER', 'worker', 'project', 'N', 'N', 'N', '', '', '', '', '', '', 'WORKER_ID_SEQ');
INSERT INTO TABLE_FIELD_FACE (TABLENAME, FIELDNAME, EDIT_STYLE, EDIT_JSTL_PATH, VIEW_JSTL_PATH, SEARCH_STYLE, LOOKUP_STYLE, TRANSLATED, MINVALUE, MAXVALUE) VALUES ('WORKER', 'BUSINESS_PARTNER_ID', 'H', 'subcontractor.id', 'subcontractor.businessPartner.caption', 'L', 'C', 'N', '', '');
INSERT INTO TABLE_FIELD_FACE (TABLENAME, FIELDNAME, EDIT_STYLE, EDIT_JSTL_PATH, VIEW_JSTL_PATH, SEARCH_STYLE, LOOKUP_STYLE, TRANSLATED, MINVALUE, MAXVALUE) VALUES ('WORKER', 'CAPTION', 'T', 'caption', 'caption', 'F', 'N', 'N', '', '');
INSERT INTO TABLE_FIELD_FACE (TABLENAME, FIELDNAME, EDIT_STYLE, EDIT_JSTL_PATH, VIEW_JSTL_PATH, SEARCH_STYLE, LOOKUP_STYLE, TRANSLATED, MINVALUE, MAXVALUE) VALUES ('WORKER', 'CITIZENSHIP', 'COUNTRY', 'citizenShip', 'citizenShip', 'L', 'C', 'N', '', '');
INSERT INTO TABLE_FIELD_FACE (TABLENAME, FIELDNAME, EDIT_STYLE, EDIT_JSTL_PATH, VIEW_JSTL_PATH, SEARCH_STYLE, LOOKUP_STYLE, TRANSLATED, MINVALUE, MAXVALUE) VALUES ('WORKER', 'PERSON_ID', 'EMPLOYEE', 'personId', 'personId', 'L', 'C', 'N', '', '');
INSERT INTO TABLE_FIELD_FACE (TABLENAME, FIELDNAME, EDIT_STYLE, EDIT_JSTL_PATH, VIEW_JSTL_PATH, SEARCH_STYLE, LOOKUP_STYLE, TRANSLATED, MINVALUE, MAXVALUE) VALUES ('WORKER', 'WORKER_ID', 'S', 'id', 'id', 'F', 'N', 'N', '', '');


INSERT INTO TABLE_CONTROLLER_STATIC (TABLENAME, ROOTMAPPING, MODULE, CUSTOMER_SPECIFIC, ORGANIZATION_CHECK, CACHE_IN_HASH, SEARCH_VIEW, LIST_VIEW, EDIT_VIEW, SHOW_VIEW, SELECT_VIEW, ORDERBY, SEQUENCE_NAME) VALUES ('PROPOSAL_TO_RFP', 'proposalToRfp', 'purchase', 'Y', 'N', 'N', '', '', '', '', '', '', 'PROPOSAL_ID_SEQ');
INSERT INTO TABLE_FIELD_FACE (TABLENAME, FIELDNAME, EDIT_STYLE, EDIT_JSTL_PATH, VIEW_JSTL_PATH, SEARCH_STYLE, LOOKUP_STYLE, TRANSLATED, MINVALUE, MAXVALUE) VALUES ('PROPOSAL_TO_RFP', 'CURRENCY', 'EXCHANGE', 'currency', 'currency', 'F', 'N', 'N', '', '');
INSERT INTO TABLE_FIELD_FACE (TABLENAME, FIELDNAME, EDIT_STYLE, EDIT_JSTL_PATH, VIEW_JSTL_PATH, SEARCH_STYLE, LOOKUP_STYLE, TRANSLATED, MINVALUE, MAXVALUE) VALUES ('PROPOSAL_TO_RFP', 'DELIVERY_NOTE', 'T', 'deliveryNote', 'deliveryNote', 'F', 'N', 'N', '', '');
INSERT INTO TABLE_FIELD_FACE (TABLENAME, FIELDNAME, EDIT_STYLE, EDIT_JSTL_PATH, VIEW_JSTL_PATH, SEARCH_STYLE, LOOKUP_STYLE, TRANSLATED, MINVALUE, MAXVALUE) VALUES ('PROPOSAL_TO_RFP', 'DESCRIPTION', 'T', 'description', 'description', 'F', 'N', 'N', '', '');
INSERT INTO TABLE_FIELD_FACE (TABLENAME, FIELDNAME, EDIT_STYLE, EDIT_JSTL_PATH, VIEW_JSTL_PATH, SEARCH_STYLE, LOOKUP_STYLE, TRANSLATED, MINVALUE, MAXVALUE) VALUES ('PROPOSAL_TO_RFP', 'EXTRA_DISCOUNT', 'H', 'extraDiscount', 'extraDiscount', 'F', 'N', 'N', '', '');
INSERT INTO TABLE_FIELD_FACE (TABLENAME, FIELDNAME, EDIT_STYLE, EDIT_JSTL_PATH, VIEW_JSTL_PATH, SEARCH_STYLE, LOOKUP_STYLE, TRANSLATED, MINVALUE, MAXVALUE) VALUES ('PROPOSAL_TO_RFP', 'OWNER_ID', 'H', 'ownerId', 'ownerId', 'F', 'N', 'N', '', '');
INSERT INTO TABLE_FIELD_FACE (TABLENAME, FIELDNAME, EDIT_STYLE, EDIT_JSTL_PATH, VIEW_JSTL_PATH, SEARCH_STYLE, LOOKUP_STYLE, TRANSLATED, MINVALUE, MAXVALUE) VALUES ('PROPOSAL_TO_RFP', 'PAYMENT_NOTE', 'T', 'paymentNote', 'paymentNote', 'F', 'N', 'N', '', '');
INSERT INTO TABLE_FIELD_FACE (TABLENAME, FIELDNAME, EDIT_STYLE, EDIT_JSTL_PATH, VIEW_JSTL_PATH, SEARCH_STYLE, LOOKUP_STYLE, TRANSLATED, MINVALUE, MAXVALUE) VALUES ('PROPOSAL_TO_RFP', 'PAYMENT_TYPE', 'PAYMENT_TYPE', 'paymentType', 'paymentType', 'F', 'R', 'N', '', '');
INSERT INTO TABLE_FIELD_FACE (TABLENAME, FIELDNAME, EDIT_STYLE, EDIT_JSTL_PATH, VIEW_JSTL_PATH, SEARCH_STYLE, LOOKUP_STYLE, TRANSLATED, MINVALUE, MAXVALUE) VALUES ('PROPOSAL_TO_RFP', 'PROPOSAL_ID', 'S', 'id', 'id', 'F', 'N', 'N', '', '');
INSERT INTO TABLE_FIELD_FACE (TABLENAME, FIELDNAME, EDIT_STYLE, EDIT_JSTL_PATH, VIEW_JSTL_PATH, SEARCH_STYLE, LOOKUP_STYLE, TRANSLATED, MINVALUE, MAXVALUE) VALUES ('PROPOSAL_TO_RFP', 'PURCHASE_ORDER_ID', 'R', 'purchaseOrderId', 'purchaseOrderId', 'F', 'N', 'N', '', '');
INSERT INTO TABLE_FIELD_FACE (TABLENAME, FIELDNAME, EDIT_STYLE, EDIT_JSTL_PATH, VIEW_JSTL_PATH, SEARCH_STYLE, LOOKUP_STYLE, TRANSLATED, MINVALUE, MAXVALUE) VALUES ('PROPOSAL_TO_RFP', 'RFP_ID', 'R', 'rfpId', 'rfpId', 'F', 'N', 'N', '', '');
INSERT INTO TABLE_FIELD_FACE (TABLENAME, FIELDNAME, EDIT_STYLE, EDIT_JSTL_PATH, VIEW_JSTL_PATH, SEARCH_STYLE, LOOKUP_STYLE, TRANSLATED, MINVALUE, MAXVALUE) VALUES ('PROPOSAL_TO_RFP', 'SHIPMENT_BY', 'SHIPMENT_BY', 'shipmentBy', 'shipmentBy', 'F', 'N', 'N', '', '');
INSERT INTO TABLE_FIELD_FACE (TABLENAME, FIELDNAME, EDIT_STYLE, EDIT_JSTL_PATH, VIEW_JSTL_PATH, SEARCH_STYLE, LOOKUP_STYLE, TRANSLATED, MINVALUE, MAXVALUE) VALUES ('PROPOSAL_TO_RFP', 'TOTAL_PRICE', 'R', 'totalPrice', 'totalPrice', 'F', 'N', 'N', '', '');
INSERT INTO TABLE_FIELD_FACE (TABLENAME, FIELDNAME, EDIT_STYLE, EDIT_JSTL_PATH, VIEW_JSTL_PATH, SEARCH_STYLE, LOOKUP_STYLE, TRANSLATED, MINVALUE, MAXVALUE) VALUES ('PROPOSAL_TO_RFP', 'USERNAME', 'R', 'username', 'username', 'F', 'N', 'N', '', '');
INSERT INTO TABLE_FIELD_FACE (TABLENAME, FIELDNAME, EDIT_STYLE, EDIT_JSTL_PATH, VIEW_JSTL_PATH, SEARCH_STYLE, LOOKUP_STYLE, TRANSLATED, MINVALUE, MAXVALUE) VALUES ('PROPOSAL_TO_RFP', 'VALID_UNTIL', 'D', 'validUntil', 'validUntil', 'F', 'N', 'N', '', '');

INSERT INTO TABLE_ACTION (TABLENAME, ACTION, CAPTION, METHOD, ENABLE, AUTHORITY_CHECK, RECORD_SPECIFIC) VALUES ('PROPOSAL_TO_RFP', 'CONTRACT', 'CONTRACT', 'contract', 'Y', 'Y', 'Y');
INSERT INTO TABLE_ACTION (TABLENAME, ACTION, CAPTION, METHOD, ENABLE, AUTHORITY_CHECK, RECORD_SPECIFIC) VALUES ('PROPOSAL_TO_RFP', 'PRINT', 'PRINT', 'print', 'Y', 'N', 'Y');

INSERT INTO TABLE_CONTROLLER_STATIC (TABLENAME, ROOTMAPPING, MODULE, CUSTOMER_SPECIFIC, ORGANIZATION_CHECK, CACHE_IN_HASH, SEARCH_VIEW, LIST_VIEW, EDIT_VIEW, SHOW_VIEW, SELECT_VIEW, ORDERBY, SEQUENCE_NAME) VALUES ('PROPOSAL_TO_RFP_DIALOG', 'proposalToRfpDialog', 'purchase', 'N', 'N', 'N', '', '', '', '', '', '', '');
INSERT INTO TABLE_FIELD_FACE (TABLENAME, FIELDNAME, EDIT_STYLE, EDIT_JSTL_PATH, VIEW_JSTL_PATH, SEARCH_STYLE, LOOKUP_STYLE, TRANSLATED, MINVALUE, MAXVALUE) VALUES ('PROPOSAL_TO_RFP_DIALOG', 'DTEXT', 'T', 'dtext', 'dtext', 'F', 'N', 'N', '', '');
INSERT INTO TABLE_FIELD_FACE (TABLENAME, FIELDNAME, EDIT_STYLE, EDIT_JSTL_PATH, VIEW_JSTL_PATH, SEARCH_STYLE, LOOKUP_STYLE, TRANSLATED, MINVALUE, MAXVALUE) VALUES ('PROPOSAL_TO_RFP_DIALOG', 'DTIME', 'R', 'id.dtime', 'id.dtime', 'F', 'N', 'N', '', '');
INSERT INTO TABLE_FIELD_FACE (TABLENAME, FIELDNAME, EDIT_STYLE, EDIT_JSTL_PATH, VIEW_JSTL_PATH, SEARCH_STYLE, LOOKUP_STYLE, TRANSLATED, MINVALUE, MAXVALUE) VALUES ('PROPOSAL_TO_RFP_DIALOG', 'PROPOSAL_ID', 'H', 'id.proposalId', 'id.proposalId', 'F', 'N', 'N', '', '');
INSERT INTO TABLE_FIELD_FACE (TABLENAME, FIELDNAME, EDIT_STYLE, EDIT_JSTL_PATH, VIEW_JSTL_PATH, SEARCH_STYLE, LOOKUP_STYLE, TRANSLATED, MINVALUE, MAXVALUE) VALUES ('PROPOSAL_TO_RFP_DIALOG', 'USERNAME', 'R', 'username', 'username', 'F', 'N', 'N', '', '');


INSERT INTO TABLE_CONTROLLER_STATIC (TABLENAME, ROOTMAPPING, MODULE, CUSTOMER_SPECIFIC, ORGANIZATION_CHECK, CACHE_IN_HASH, SEARCH_VIEW, LIST_VIEW, EDIT_VIEW, SHOW_VIEW, SELECT_VIEW, ORDERBY, SEQUENCE_NAME) VALUES ('PROPOSAL_TO_RFP_ITEM', 'proposalToRfpItem', 'purchase', 'N', 'N', 'N', '', '', '', '', '', '', '');
INSERT INTO TABLE_FIELD_FACE (TABLENAME, FIELDNAME, EDIT_STYLE, EDIT_JSTL_PATH, VIEW_JSTL_PATH, SEARCH_STYLE, LOOKUP_STYLE, TRANSLATED, MINVALUE, MAXVALUE) VALUES ('PROPOSAL_TO_RFP_ITEM', 'CURRENCY', 'EXCHANGE', 'currency', 'currency', 'F', 'N', 'N', '', '');
INSERT INTO TABLE_FIELD_FACE (TABLENAME, FIELDNAME, EDIT_STYLE, EDIT_JSTL_PATH, VIEW_JSTL_PATH, SEARCH_STYLE, LOOKUP_STYLE, TRANSLATED, MINVALUE, MAXVALUE) VALUES ('PROPOSAL_TO_RFP_ITEM', 'DISCOUNT_PCT', 'I1', 'discountPct', 'discountPct', 'F', 'N', 'N', '', '');
INSERT INTO TABLE_FIELD_FACE (TABLENAME, FIELDNAME, EDIT_STYLE, EDIT_JSTL_PATH, VIEW_JSTL_PATH, SEARCH_STYLE, LOOKUP_STYLE, TRANSLATED, MINVALUE, MAXVALUE) VALUES ('PROPOSAL_TO_RFP_ITEM', 'LINE', 'SP', 'id.line', 'id.line', 'F', 'N', 'N', '', '');
INSERT INTO TABLE_FIELD_FACE (TABLENAME, FIELDNAME, EDIT_STYLE, EDIT_JSTL_PATH, VIEW_JSTL_PATH, SEARCH_STYLE, LOOKUP_STYLE, TRANSLATED, MINVALUE, MAXVALUE) VALUES ('PROPOSAL_TO_RFP_ITEM', 'MATERIAL_ID', 'MATERIAL', 'material.id', 'material.partNumber', 'F', 'N', 'N', '', '');
INSERT INTO TABLE_FIELD_FACE (TABLENAME, FIELDNAME, EDIT_STYLE, EDIT_JSTL_PATH, VIEW_JSTL_PATH, SEARCH_STYLE, LOOKUP_STYLE, TRANSLATED, MINVALUE, MAXVALUE) VALUES ('PROPOSAL_TO_RFP_ITEM', 'MATERIAL_TYPE_ID', 'MATERIAL_TYPE', 'materialType.id', 'materialType.caption', 'F', 'N', 'N', '', '');
INSERT INTO TABLE_FIELD_FACE (TABLENAME, FIELDNAME, EDIT_STYLE, EDIT_JSTL_PATH, VIEW_JSTL_PATH, SEARCH_STYLE, LOOKUP_STYLE, TRANSLATED, MINVALUE, MAXVALUE) VALUES ('PROPOSAL_TO_RFP_ITEM', 'OWNER_ID', 'R', 'ownerId', 'material.manufacturer.caption', 'F', 'N', 'N', '', '');
INSERT INTO TABLE_FIELD_FACE (TABLENAME, FIELDNAME, EDIT_STYLE, EDIT_JSTL_PATH, VIEW_JSTL_PATH, SEARCH_STYLE, LOOKUP_STYLE, TRANSLATED, MINVALUE, MAXVALUE) VALUES ('PROPOSAL_TO_RFP_ITEM', 'PROPOSAL_ID', 'H', 'id.proposalId', 'id.proposalId', 'F', 'N', 'N', '', '');
INSERT INTO TABLE_FIELD_FACE (TABLENAME, FIELDNAME, EDIT_STYLE, EDIT_JSTL_PATH, VIEW_JSTL_PATH, SEARCH_STYLE, LOOKUP_STYLE, TRANSLATED, MINVALUE, MAXVALUE) VALUES ('PROPOSAL_TO_RFP_ITEM', 'QUANTITY', 'F', 'quantity', 'quantity', 'F', 'N', 'N', '', '');
INSERT INTO TABLE_FIELD_FACE (TABLENAME, FIELDNAME, EDIT_STYLE, EDIT_JSTL_PATH, VIEW_JSTL_PATH, SEARCH_STYLE, LOOKUP_STYLE, TRANSLATED, MINVALUE, MAXVALUE) VALUES ('PROPOSAL_TO_RFP_ITEM', 'RFP_ID', 'H', 'id.rfpId', 'id.rfpId', 'F', 'N', 'N', '', '');
INSERT INTO TABLE_FIELD_FACE (TABLENAME, FIELDNAME, EDIT_STYLE, EDIT_JSTL_PATH, VIEW_JSTL_PATH, SEARCH_STYLE, LOOKUP_STYLE, TRANSLATED, MINVALUE, MAXVALUE) VALUES ('PROPOSAL_TO_RFP_ITEM', 'TAX_PCT', 'F', 'taxPct', 'taxPct', 'F', 'N', 'N', '', '');
INSERT INTO TABLE_FIELD_FACE (TABLENAME, FIELDNAME, EDIT_STYLE, EDIT_JSTL_PATH, VIEW_JSTL_PATH, SEARCH_STYLE, LOOKUP_STYLE, TRANSLATED, MINVALUE, MAXVALUE) VALUES ('PROPOSAL_TO_RFP_ITEM', 'UNIT', 'MEASUREMENT_UNIT', 'unit', 'unit', 'F', 'N', 'N', '', '');
INSERT INTO TABLE_FIELD_FACE (TABLENAME, FIELDNAME, EDIT_STYLE, EDIT_JSTL_PATH, VIEW_JSTL_PATH, SEARCH_STYLE, LOOKUP_STYLE, TRANSLATED, MINVALUE, MAXVALUE) VALUES ('PROPOSAL_TO_RFP_ITEM', 'UNIT_PRICE', 'C', 'unitPrice', 'unitPrice', 'F', 'N', 'N', '', '');


INSERT INTO TABLE_CONTROLLER_STATIC (TABLENAME, ROOTMAPPING, MODULE, CUSTOMER_SPECIFIC, ORGANIZATION_CHECK, CACHE_IN_HASH, SEARCH_VIEW, LIST_VIEW, EDIT_VIEW, SHOW_VIEW, SELECT_VIEW, ORDERBY, SEQUENCE_NAME) VALUES ('PURCHASE_DELIVERY', 'purchaseDelivery', 'purchase', 'Y', 'Y', 'N', '', '', '', '', '', '', 'PURCHASE_DELIVERY_ID_SEQ');
INSERT INTO TABLE_FIELD_FACE (TABLENAME, FIELDNAME, EDIT_STYLE, EDIT_JSTL_PATH, VIEW_JSTL_PATH, SEARCH_STYLE, LOOKUP_STYLE, TRANSLATED, MINVALUE, MAXVALUE) VALUES ('PURCHASE_DELIVERY', 'DELIVERY_DATE', 'DT', 'deliveryDate', 'deliveryDate', 'F', 'N', 'N', '', '');
INSERT INTO TABLE_FIELD_FACE (TABLENAME, FIELDNAME, EDIT_STYLE, EDIT_JSTL_PATH, VIEW_JSTL_PATH, SEARCH_STYLE, LOOKUP_STYLE, TRANSLATED, MINVALUE, MAXVALUE) VALUES ('PURCHASE_DELIVERY', 'DELIVERY_ID', 'S', 'id', 'id', 'F', 'N', 'N', '', '');
INSERT INTO TABLE_FIELD_FACE (TABLENAME, FIELDNAME, EDIT_STYLE, EDIT_JSTL_PATH, VIEW_JSTL_PATH, SEARCH_STYLE, LOOKUP_STYLE, TRANSLATED, MINVALUE, MAXVALUE) VALUES ('PURCHASE_DELIVERY', 'INVOICE_ID', 'T', 'invoiceId', 'invoiceId', 'F', 'N', 'N', '', '');
INSERT INTO TABLE_FIELD_FACE (TABLENAME, FIELDNAME, EDIT_STYLE, EDIT_JSTL_PATH, VIEW_JSTL_PATH, SEARCH_STYLE, LOOKUP_STYLE, TRANSLATED, MINVALUE, MAXVALUE) VALUES ('PURCHASE_DELIVERY', 'ORGANIZATION_ID', 'ORGANIZATION', 'organization.id', 'organization.caption', 'L', 'C', 'N', '', '');
INSERT INTO TABLE_FIELD_FACE (TABLENAME, FIELDNAME, EDIT_STYLE, EDIT_JSTL_PATH, VIEW_JSTL_PATH, SEARCH_STYLE, LOOKUP_STYLE, TRANSLATED, MINVALUE, MAXVALUE) VALUES ('PURCHASE_DELIVERY', 'OWNER_ID', 'H', 'ownerId', 'ownerId', 'F', 'N', 'N', '', '');
INSERT INTO TABLE_FIELD_FACE (TABLENAME, FIELDNAME, EDIT_STYLE, EDIT_JSTL_PATH, VIEW_JSTL_PATH, SEARCH_STYLE, LOOKUP_STYLE, TRANSLATED, MINVALUE, MAXVALUE) VALUES ('PURCHASE_DELIVERY', 'USERNAME', 'T', 'username', 'username', 'F', 'N', 'N', '', '');

INSERT INTO TABLE_ACTION (TABLENAME, ACTION, CAPTION, METHOD, ENABLE, AUTHORITY_CHECK, RECORD_SPECIFIC) VALUES ('PURCHASE_DELIVERY', 'PRINT', 'PRINT', 'print', 'Y', 'N', 'Y');

INSERT INTO TABLE_CONTROLLER_STATIC (TABLENAME, ROOTMAPPING, MODULE, CUSTOMER_SPECIFIC, ORGANIZATION_CHECK, CACHE_IN_HASH, SEARCH_VIEW, LIST_VIEW, EDIT_VIEW, SHOW_VIEW, SELECT_VIEW, ORDERBY, SEQUENCE_NAME) VALUES ('PURCHASE_DELIVERY_ADDRESS', 'purchaseDeliveryAddress', 'purchase', 'N', 'N', 'N', '', '', '', '', '', '', '');
INSERT INTO TABLE_FIELD_FACE (TABLENAME, FIELDNAME, EDIT_STYLE, EDIT_JSTL_PATH, VIEW_JSTL_PATH, SEARCH_STYLE, LOOKUP_STYLE, TRANSLATED, MINVALUE, MAXVALUE) VALUES ('PURCHASE_DELIVERY_ADDRESS', 'ADDRESS_ID', 'I2', 'id.addressId', 'id.addressId', 'F', 'N', 'N', '', '');
INSERT INTO TABLE_FIELD_FACE (TABLENAME, FIELDNAME, EDIT_STYLE, EDIT_JSTL_PATH, VIEW_JSTL_PATH, SEARCH_STYLE, LOOKUP_STYLE, TRANSLATED, MINVALUE, MAXVALUE) VALUES ('PURCHASE_DELIVERY_ADDRESS', 'BUSINESS_PARTNER_ID', 'H', 'id.businessPartnerId', 'id.businessPartnerId', 'F', 'N', 'N', '', '');
INSERT INTO TABLE_FIELD_FACE (TABLENAME, FIELDNAME, EDIT_STYLE, EDIT_JSTL_PATH, VIEW_JSTL_PATH, SEARCH_STYLE, LOOKUP_STYLE, TRANSLATED, MINVALUE, MAXVALUE) VALUES ('PURCHASE_DELIVERY_ADDRESS', 'PURCHASE_ORDER_ID', 'H', 'id.purchaseOrderId', 'id.purchaseOrderId', 'F', 'N', 'N', '', '');


INSERT INTO TABLE_CONTROLLER_STATIC (TABLENAME, ROOTMAPPING, MODULE, CUSTOMER_SPECIFIC, ORGANIZATION_CHECK, CACHE_IN_HASH, SEARCH_VIEW, LIST_VIEW, EDIT_VIEW, SHOW_VIEW, SELECT_VIEW, ORDERBY, SEQUENCE_NAME) VALUES ('PURCHASE_DELIVERY_LINE', 'purchaseDeliveryLine', 'purchase', 'N', 'N', 'N', '', '', '', '', '', '', '');
INSERT INTO TABLE_FIELD_FACE (TABLENAME, FIELDNAME, EDIT_STYLE, EDIT_JSTL_PATH, VIEW_JSTL_PATH, SEARCH_STYLE, LOOKUP_STYLE, TRANSLATED, MINVALUE, MAXVALUE) VALUES ('PURCHASE_DELIVERY_LINE', 'DELIVERY_ID', 'H', 'id.deliveryId', 'id.deliveryId', 'F', 'N', 'N', '', '');
INSERT INTO TABLE_FIELD_FACE (TABLENAME, FIELDNAME, EDIT_STYLE, EDIT_JSTL_PATH, VIEW_JSTL_PATH, SEARCH_STYLE, LOOKUP_STYLE, TRANSLATED, MINVALUE, MAXVALUE) VALUES ('PURCHASE_DELIVERY_LINE', 'LINE', 'SP', 'id.line', 'id.line', 'F', 'N', 'N', '', '');
INSERT INTO TABLE_FIELD_FACE (TABLENAME, FIELDNAME, EDIT_STYLE, EDIT_JSTL_PATH, VIEW_JSTL_PATH, SEARCH_STYLE, LOOKUP_STYLE, TRANSLATED, MINVALUE, MAXVALUE) VALUES ('PURCHASE_DELIVERY_LINE', 'MATERIAL_ID', 'MATERIAL', 'material.id', 'material.caption', 'L', 'C', 'N', '', '');
INSERT INTO TABLE_FIELD_FACE (TABLENAME, FIELDNAME, EDIT_STYLE, EDIT_JSTL_PATH, VIEW_JSTL_PATH, SEARCH_STYLE, LOOKUP_STYLE, TRANSLATED, MINVALUE, MAXVALUE) VALUES ('PURCHASE_DELIVERY_LINE', 'PURCHASE_ORDER_ID', 'I4', 'id.purchaseOrderId', 'id.purchaseOrderId', 'F', 'N', 'N', '', '');
INSERT INTO TABLE_FIELD_FACE (TABLENAME, FIELDNAME, EDIT_STYLE, EDIT_JSTL_PATH, VIEW_JSTL_PATH, SEARCH_STYLE, LOOKUP_STYLE, TRANSLATED, MINVALUE, MAXVALUE) VALUES ('PURCHASE_DELIVERY_LINE', 'QUANTITY', 'F', 'quantity', 'quantity', 'F', 'N', 'N', '', '');
INSERT INTO TABLE_FIELD_FACE (TABLENAME, FIELDNAME, EDIT_STYLE, EDIT_JSTL_PATH, VIEW_JSTL_PATH, SEARCH_STYLE, LOOKUP_STYLE, TRANSLATED, MINVALUE, MAXVALUE) VALUES ('PURCHASE_DELIVERY_LINE', 'UNIT', 'MEASUREMENT_UNIT', 'unit', 'unit', 'L', 'C', 'N', '', '');


INSERT INTO TABLE_CONTROLLER_STATIC (TABLENAME, ROOTMAPPING, MODULE, CUSTOMER_SPECIFIC, ORGANIZATION_CHECK, CACHE_IN_HASH, SEARCH_VIEW, LIST_VIEW, EDIT_VIEW, SHOW_VIEW, SELECT_VIEW, ORDERBY, SEQUENCE_NAME) VALUES ('PURCHASE_ORDER', 'purchaseOrder', 'purchase', 'Y', 'Y', 'N', '', '', '', '', '', '', 'PURCHASE_ORDER_ID_SEQ');
INSERT INTO TABLE_FIELD_FACE (TABLENAME, FIELDNAME, EDIT_STYLE, EDIT_JSTL_PATH, VIEW_JSTL_PATH, SEARCH_STYLE, LOOKUP_STYLE, TRANSLATED, MINVALUE, MAXVALUE) VALUES ('PURCHASE_ORDER', 'ADVANCE_PAYMENT', 'F', 'advancePayment', 'advancePayment', 'F', 'N', 'N', '', '');
INSERT INTO TABLE_FIELD_FACE (TABLENAME, FIELDNAME, EDIT_STYLE, EDIT_JSTL_PATH, VIEW_JSTL_PATH, SEARCH_STYLE, LOOKUP_STYLE, TRANSLATED, MINVALUE, MAXVALUE) VALUES ('PURCHASE_ORDER', 'DESCRIPTION', 'T', 'description', 'description', 'F', 'N', 'N', '', '');
INSERT INTO TABLE_FIELD_FACE (TABLENAME, FIELDNAME, EDIT_STYLE, EDIT_JSTL_PATH, VIEW_JSTL_PATH, SEARCH_STYLE, LOOKUP_STYLE, TRANSLATED, MINVALUE, MAXVALUE) VALUES ('PURCHASE_ORDER', 'DISCOUNT', 'F', 'discount', 'discount', 'F', 'N', 'N', '', '');
INSERT INTO TABLE_FIELD_FACE (TABLENAME, FIELDNAME, EDIT_STYLE, EDIT_JSTL_PATH, VIEW_JSTL_PATH, SEARCH_STYLE, LOOKUP_STYLE, TRANSLATED, MINVALUE, MAXVALUE) VALUES ('PURCHASE_ORDER', 'DUE_DATE', 'DT', 'dueDate', 'dueDate', 'F', 'N', 'N', '', '');
INSERT INTO TABLE_FIELD_FACE (TABLENAME, FIELDNAME, EDIT_STYLE, EDIT_JSTL_PATH, VIEW_JSTL_PATH, SEARCH_STYLE, LOOKUP_STYLE, TRANSLATED, MINVALUE, MAXVALUE) VALUES ('PURCHASE_ORDER', 'ONLINE_ORDER', 'R', 'onlineOrder', 'onlineOrder', 'F', 'N', 'N', '', '');
INSERT INTO TABLE_FIELD_FACE (TABLENAME, FIELDNAME, EDIT_STYLE, EDIT_JSTL_PATH, VIEW_JSTL_PATH, SEARCH_STYLE, LOOKUP_STYLE, TRANSLATED, MINVALUE, MAXVALUE) VALUES ('PURCHASE_ORDER', 'ORDER_DATE', 'DT', 'orderDate', 'orderDate', 'F', 'N', 'N', '', '');
INSERT INTO TABLE_FIELD_FACE (TABLENAME, FIELDNAME, EDIT_STYLE, EDIT_JSTL_PATH, VIEW_JSTL_PATH, SEARCH_STYLE, LOOKUP_STYLE, TRANSLATED, MINVALUE, MAXVALUE) VALUES ('PURCHASE_ORDER', 'ORGANIZATION_ID', 'ORGANIZATION', 'organization.id', 'organization.caption', 'L', 'C', 'N', '', '');
INSERT INTO TABLE_FIELD_FACE (TABLENAME, FIELDNAME, EDIT_STYLE, EDIT_JSTL_PATH, VIEW_JSTL_PATH, SEARCH_STYLE, LOOKUP_STYLE, TRANSLATED, MINVALUE, MAXVALUE) VALUES ('PURCHASE_ORDER', 'OWNER_ID', 'H', 'ownerId', 'ownerId', 'F', 'N', 'N', '', '');
INSERT INTO TABLE_FIELD_FACE (TABLENAME, FIELDNAME, EDIT_STYLE, EDIT_JSTL_PATH, VIEW_JSTL_PATH, SEARCH_STYLE, LOOKUP_STYLE, TRANSLATED, MINVALUE, MAXVALUE) VALUES ('PURCHASE_ORDER', 'PURCHASE_ORDER_ID', 'S', 'id', 'id', 'F', 'N', 'N', '', '');
INSERT INTO TABLE_FIELD_FACE (TABLENAME, FIELDNAME, EDIT_STYLE, EDIT_JSTL_PATH, VIEW_JSTL_PATH, SEARCH_STYLE, LOOKUP_STYLE, TRANSLATED, MINVALUE, MAXVALUE) VALUES ('PURCHASE_ORDER', 'STATUS', 'R', 'status', 'status', 'F', 'N', 'N', '', '');
INSERT INTO TABLE_FIELD_FACE (TABLENAME, FIELDNAME, EDIT_STYLE, EDIT_JSTL_PATH, VIEW_JSTL_PATH, SEARCH_STYLE, LOOKUP_STYLE, TRANSLATED, MINVALUE, MAXVALUE) VALUES ('PURCHASE_ORDER', 'USERNAME', 'R', 'username', 'username', 'F', 'N', 'N', '', '');
INSERT INTO TABLE_FIELD_FACE (TABLENAME, FIELDNAME, EDIT_STYLE, EDIT_JSTL_PATH, VIEW_JSTL_PATH, SEARCH_STYLE, LOOKUP_STYLE, TRANSLATED, MINVALUE, MAXVALUE) VALUES ('PURCHASE_ORDER', 'VENDOR_ID', 'VENDOR', 'vendorId', 'vendorId', 'L', 'C', 'N', '', '');

INSERT INTO TABLE_ACTION (TABLENAME, ACTION, CAPTION, METHOD, ENABLE, AUTHORITY_CHECK, RECORD_SPECIFIC) VALUES ('PURCHASE_ORDER', 'DELIVER', 'DELIVER', 'deliver', 'Y', 'Y', 'Y');
INSERT INTO TABLE_ACTION (TABLENAME, ACTION, CAPTION, METHOD, ENABLE, AUTHORITY_CHECK, RECORD_SPECIFIC) VALUES ('PURCHASE_ORDER', 'PRINT', 'PRINT', 'print', 'Y', 'N', 'Y');

INSERT INTO TABLE_CONTROLLER_STATIC (TABLENAME, ROOTMAPPING, MODULE, CUSTOMER_SPECIFIC, ORGANIZATION_CHECK, CACHE_IN_HASH, SEARCH_VIEW, LIST_VIEW, EDIT_VIEW, SHOW_VIEW, SELECT_VIEW, ORDERBY, SEQUENCE_NAME) VALUES ('PURCHASE_ORDER_ITEM', 'purchaseOrderItem', 'purchase', 'N', 'N', 'N', '', '', '', '', '', '', '');
INSERT INTO TABLE_FIELD_FACE (TABLENAME, FIELDNAME, EDIT_STYLE, EDIT_JSTL_PATH, VIEW_JSTL_PATH, SEARCH_STYLE, LOOKUP_STYLE, TRANSLATED, MINVALUE, MAXVALUE) VALUES ('PURCHASE_ORDER_ITEM', 'CURRENCY', 'EXCHANGE', 'currency', 'currency', 'L', 'C', 'N', '', '');
INSERT INTO TABLE_FIELD_FACE (TABLENAME, FIELDNAME, EDIT_STYLE, EDIT_JSTL_PATH, VIEW_JSTL_PATH, SEARCH_STYLE, LOOKUP_STYLE, TRANSLATED, MINVALUE, MAXVALUE) VALUES ('PURCHASE_ORDER_ITEM', 'DISCOUNT', 'C', 'discount', 'discount', 'F', 'N', 'N', '', '');
INSERT INTO TABLE_FIELD_FACE (TABLENAME, FIELDNAME, EDIT_STYLE, EDIT_JSTL_PATH, VIEW_JSTL_PATH, SEARCH_STYLE, LOOKUP_STYLE, TRANSLATED, MINVALUE, MAXVALUE) VALUES ('PURCHASE_ORDER_ITEM', 'LINE', 'SP', 'id.line', 'id.line', 'F', 'N', 'N', '', '');
INSERT INTO TABLE_FIELD_FACE (TABLENAME, FIELDNAME, EDIT_STYLE, EDIT_JSTL_PATH, VIEW_JSTL_PATH, SEARCH_STYLE, LOOKUP_STYLE, TRANSLATED, MINVALUE, MAXVALUE) VALUES ('PURCHASE_ORDER_ITEM', 'MATERIAL_ID', 'MATERIAL', 'material.id', 'material.caption', 'L', 'C', 'N', '', '');
INSERT INTO TABLE_FIELD_FACE (TABLENAME, FIELDNAME, EDIT_STYLE, EDIT_JSTL_PATH, VIEW_JSTL_PATH, SEARCH_STYLE, LOOKUP_STYLE, TRANSLATED, MINVALUE, MAXVALUE) VALUES ('PURCHASE_ORDER_ITEM', 'PURCHASE_ORDER_ID', 'H', 'id.purchaseOrderId', 'id.purchaseOrderId', 'F', 'N', 'N', '', '');
INSERT INTO TABLE_FIELD_FACE (TABLENAME, FIELDNAME, EDIT_STYLE, EDIT_JSTL_PATH, VIEW_JSTL_PATH, SEARCH_STYLE, LOOKUP_STYLE, TRANSLATED, MINVALUE, MAXVALUE) VALUES ('PURCHASE_ORDER_ITEM', 'QUANTITY', 'F', 'quantity', 'quantity', 'F', 'N', 'N', '', '');
INSERT INTO TABLE_FIELD_FACE (TABLENAME, FIELDNAME, EDIT_STYLE, EDIT_JSTL_PATH, VIEW_JSTL_PATH, SEARCH_STYLE, LOOKUP_STYLE, TRANSLATED, MINVALUE, MAXVALUE) VALUES ('PURCHASE_ORDER_ITEM', 'STATUS', 'PURCHASE_ORDER_ITEM_STATUS', 'status', 'status', 'L', 'C', 'N', '', '');
INSERT INTO TABLE_FIELD_FACE (TABLENAME, FIELDNAME, EDIT_STYLE, EDIT_JSTL_PATH, VIEW_JSTL_PATH, SEARCH_STYLE, LOOKUP_STYLE, TRANSLATED, MINVALUE, MAXVALUE) VALUES ('PURCHASE_ORDER_ITEM', 'UNIT', 'MEASUREMENT_UNIT', 'unit', 'unit', 'L', 'C', 'N', '', '');
INSERT INTO TABLE_FIELD_FACE (TABLENAME, FIELDNAME, EDIT_STYLE, EDIT_JSTL_PATH, VIEW_JSTL_PATH, SEARCH_STYLE, LOOKUP_STYLE, TRANSLATED, MINVALUE, MAXVALUE) VALUES ('PURCHASE_ORDER_ITEM', 'UNIT_PRICE', 'C', 'unitPrice', 'unitPrice', 'F', 'N', 'N', '', '');


INSERT INTO TABLE_CONTROLLER_STATIC (TABLENAME, ROOTMAPPING, MODULE, CUSTOMER_SPECIFIC, ORGANIZATION_CHECK, CACHE_IN_HASH, SEARCH_VIEW, LIST_VIEW, EDIT_VIEW, SHOW_VIEW, SELECT_VIEW, ORDERBY, SEQUENCE_NAME) VALUES ('PURCHASE_ORDER_ITEM_ATTR', 'purchaseOrderItemAttr', 'purchase', 'N', 'N', 'N', '', '', '', '', '', '', '');
INSERT INTO TABLE_FIELD_FACE (TABLENAME, FIELDNAME, EDIT_STYLE, EDIT_JSTL_PATH, VIEW_JSTL_PATH, SEARCH_STYLE, LOOKUP_STYLE, TRANSLATED, MINVALUE, MAXVALUE) VALUES ('PURCHASE_ORDER_ITEM_ATTR', 'LINE', 'I2', 'id.line', 'id.line', 'F', 'N', 'N', '', '');
INSERT INTO TABLE_FIELD_FACE (TABLENAME, FIELDNAME, EDIT_STYLE, EDIT_JSTL_PATH, VIEW_JSTL_PATH, SEARCH_STYLE, LOOKUP_STYLE, TRANSLATED, MINVALUE, MAXVALUE) VALUES ('PURCHASE_ORDER_ITEM_ATTR', 'MAG_ID', 'MATERIAL_ATTRIBUTE_GROUP', 'id.magId', 'materialAttributeGroup.caption', 'L', 'C', 'N', '', '');
INSERT INTO TABLE_FIELD_FACE (TABLENAME, FIELDNAME, EDIT_STYLE, EDIT_JSTL_PATH, VIEW_JSTL_PATH, SEARCH_STYLE, LOOKUP_STYLE, TRANSLATED, MINVALUE, MAXVALUE) VALUES ('PURCHASE_ORDER_ITEM_ATTR', 'PURCHASE_ORDER_ID', 'H', 'id.purchaseOrderId', 'id.purchaseOrderId', 'F', 'N', 'N', '', '');
INSERT INTO TABLE_FIELD_FACE (TABLENAME, FIELDNAME, EDIT_STYLE, EDIT_JSTL_PATH, VIEW_JSTL_PATH, SEARCH_STYLE, LOOKUP_STYLE, TRANSLATED, MINVALUE, MAXVALUE) VALUES ('PURCHASE_ORDER_ITEM_ATTR', 'VALUE', 'T', 'value', 'value', 'F', 'N', 'N', '', '');


INSERT INTO TABLE_CONTROLLER_STATIC (TABLENAME, ROOTMAPPING, MODULE, CUSTOMER_SPECIFIC, ORGANIZATION_CHECK, CACHE_IN_HASH, SEARCH_VIEW, LIST_VIEW, EDIT_VIEW, SHOW_VIEW, SELECT_VIEW, ORDERBY, SEQUENCE_NAME) VALUES ('PURCHASE_ORDER_TAX', 'purchaseOrderTax', 'purchase', 'N', 'N', 'N', '', '', '', '', '', '', '');
INSERT INTO TABLE_FIELD_FACE (TABLENAME, FIELDNAME, EDIT_STYLE, EDIT_JSTL_PATH, VIEW_JSTL_PATH, SEARCH_STYLE, LOOKUP_STYLE, TRANSLATED, MINVALUE, MAXVALUE) VALUES ('PURCHASE_ORDER_TAX', 'AMOUNT', 'C', 'amount', 'amount', 'F', 'N', 'N', '', '');
INSERT INTO TABLE_FIELD_FACE (TABLENAME, FIELDNAME, EDIT_STYLE, EDIT_JSTL_PATH, VIEW_JSTL_PATH, SEARCH_STYLE, LOOKUP_STYLE, TRANSLATED, MINVALUE, MAXVALUE) VALUES ('PURCHASE_ORDER_TAX', 'LINE', 'H', 'id.line', 'id.line', 'F', 'N', 'N', '', '');
INSERT INTO TABLE_FIELD_FACE (TABLENAME, FIELDNAME, EDIT_STYLE, EDIT_JSTL_PATH, VIEW_JSTL_PATH, SEARCH_STYLE, LOOKUP_STYLE, TRANSLATED, MINVALUE, MAXVALUE) VALUES ('PURCHASE_ORDER_TAX', 'PURCHASE_ORDER_ID', 'H', 'id.purchaseOrderId', 'id.purchaseOrderId', 'F', 'N', 'N', '', '');
INSERT INTO TABLE_FIELD_FACE (TABLENAME, FIELDNAME, EDIT_STYLE, EDIT_JSTL_PATH, VIEW_JSTL_PATH, SEARCH_STYLE, LOOKUP_STYLE, TRANSLATED, MINVALUE, MAXVALUE) VALUES ('PURCHASE_ORDER_TAX', 'TAX_ID', 'TAX_TYPE', 'id.taxId', 'id.taxId', 'L', 'C', 'N', '', '');


INSERT INTO TABLE_CONTROLLER_STATIC (TABLENAME, ROOTMAPPING, MODULE, CUSTOMER_SPECIFIC, ORGANIZATION_CHECK, CACHE_IN_HASH, SEARCH_VIEW, LIST_VIEW, EDIT_VIEW, SHOW_VIEW, SELECT_VIEW, ORDERBY, SEQUENCE_NAME) VALUES ('PURCHASE_REASON', 'purchaseReason', 'purchase', 'N', 'N', 'N', '', '', '', '', '', '', '');
INSERT INTO TABLE_FIELD_FACE (TABLENAME, FIELDNAME, EDIT_STYLE, EDIT_JSTL_PATH, VIEW_JSTL_PATH, SEARCH_STYLE, LOOKUP_STYLE, TRANSLATED, MINVALUE, MAXVALUE) VALUES ('PURCHASE_REASON', 'BEGDA', 'R', 'begda', 'begda', 'F', 'N', 'N', '', '');
INSERT INTO TABLE_FIELD_FACE (TABLENAME, FIELDNAME, EDIT_STYLE, EDIT_JSTL_PATH, VIEW_JSTL_PATH, SEARCH_STYLE, LOOKUP_STYLE, TRANSLATED, MINVALUE, MAXVALUE) VALUES ('PURCHASE_REASON', 'LINE', 'H', 'id.line', 'id.line', 'F', 'N', 'N', '', '');
INSERT INTO TABLE_FIELD_FACE (TABLENAME, FIELDNAME, EDIT_STYLE, EDIT_JSTL_PATH, VIEW_JSTL_PATH, SEARCH_STYLE, LOOKUP_STYLE, TRANSLATED, MINVALUE, MAXVALUE) VALUES ('PURCHASE_REASON', 'PURCHASE_ORDER_ID', 'H', 'id.purchaseOrderId', 'id.purchaseOrderId', 'F', 'N', 'N', '', '');
INSERT INTO TABLE_FIELD_FACE (TABLENAME, FIELDNAME, EDIT_STYLE, EDIT_JSTL_PATH, VIEW_JSTL_PATH, SEARCH_STYLE, LOOKUP_STYLE, TRANSLATED, MINVALUE, MAXVALUE) VALUES ('PURCHASE_REASON', 'REASON_ID', 'I4', 'reasonId', 'reasonId', 'F', 'N', 'N', '', '');
INSERT INTO TABLE_FIELD_FACE (TABLENAME, FIELDNAME, EDIT_STYLE, EDIT_JSTL_PATH, VIEW_JSTL_PATH, SEARCH_STYLE, LOOKUP_STYLE, TRANSLATED, MINVALUE, MAXVALUE) VALUES ('PURCHASE_REASON', 'REASON_LINE', 'I2', 'reasonLine', 'reasonLine', 'F', 'N', 'N', '', '');
INSERT INTO TABLE_FIELD_FACE (TABLENAME, FIELDNAME, EDIT_STYLE, EDIT_JSTL_PATH, VIEW_JSTL_PATH, SEARCH_STYLE, LOOKUP_STYLE, TRANSLATED, MINVALUE, MAXVALUE) VALUES ('PURCHASE_REASON', 'REASON_TYPE', 'ORDER_TYPE', 'id.reasonType', 'id.reasonType', 'L', 'C', 'N', '', '');


INSERT INTO TABLE_CONTROLLER_STATIC (TABLENAME, ROOTMAPPING, MODULE, CUSTOMER_SPECIFIC, ORGANIZATION_CHECK, CACHE_IN_HASH, SEARCH_VIEW, LIST_VIEW, EDIT_VIEW, SHOW_VIEW, SELECT_VIEW, ORDERBY, SEQUENCE_NAME) VALUES ('REQUEST_FOR_PROPOSAL', 'requestForProposal', 'purchase', 'Y', 'N', 'N', '', '', 'purchase/rfpEntry', '', '', '', 'RFP_ID_SEQ');
INSERT INTO TABLE_FIELD_FACE (TABLENAME, FIELDNAME, EDIT_STYLE, EDIT_JSTL_PATH, VIEW_JSTL_PATH, SEARCH_STYLE, LOOKUP_STYLE, TRANSLATED, MINVALUE, MAXVALUE) VALUES ('REQUEST_FOR_PROPOSAL', 'CAPTION', 'T', 'caption', 'caption', 'F', 'N', 'N', '', '');
INSERT INTO TABLE_FIELD_FACE (TABLENAME, FIELDNAME, EDIT_STYLE, EDIT_JSTL_PATH, VIEW_JSTL_PATH, SEARCH_STYLE, LOOKUP_STYLE, TRANSLATED, MINVALUE, MAXVALUE) VALUES ('REQUEST_FOR_PROPOSAL', 'CONSORTIUM_ALLOWED', 'YESNO', 'consortiumAllowed', 'consortiumAllowed', 'F', 'R', 'N', '', '');
INSERT INTO TABLE_FIELD_FACE (TABLENAME, FIELDNAME, EDIT_STYLE, EDIT_JSTL_PATH, VIEW_JSTL_PATH, SEARCH_STYLE, LOOKUP_STYLE, TRANSLATED, MINVALUE, MAXVALUE) VALUES ('REQUEST_FOR_PROPOSAL', 'DELIVERY_ADDRESS', 'PARTNER_ADDRESS', 'deliveryAddress.id.addressId', 'deliveryAddress.street', 'C', 'C', 'N', '', '');
INSERT INTO TABLE_FIELD_FACE (TABLENAME, FIELDNAME, EDIT_STYLE, EDIT_JSTL_PATH, VIEW_JSTL_PATH, SEARCH_STYLE, LOOKUP_STYLE, TRANSLATED, MINVALUE, MAXVALUE) VALUES ('REQUEST_FOR_PROPOSAL', 'DELIVERY_DATE', 'D', 'deliveryDate', 'deliveryDate', 'F', 'N', 'N', '', '');
INSERT INTO TABLE_FIELD_FACE (TABLENAME, FIELDNAME, EDIT_STYLE, EDIT_JSTL_PATH, VIEW_JSTL_PATH, SEARCH_STYLE, LOOKUP_STYLE, TRANSLATED, MINVALUE, MAXVALUE) VALUES ('REQUEST_FOR_PROPOSAL', 'END_OF_PROPOSAL', 'D', 'endOfProposal', 'endOfProposal', 'F', 'N', 'N', '', '');
INSERT INTO TABLE_FIELD_FACE (TABLENAME, FIELDNAME, EDIT_STYLE, EDIT_JSTL_PATH, VIEW_JSTL_PATH, SEARCH_STYLE, LOOKUP_STYLE, TRANSLATED, MINVALUE, MAXVALUE) VALUES ('REQUEST_FOR_PROPOSAL', 'OWNER_ID', 'H', 'deliveryAddress.id.businessPartnerId', 'deliveryAddress.id.businessPartnerId', 'F', 'N', 'N', '', '');
INSERT INTO TABLE_FIELD_FACE (TABLENAME, FIELDNAME, EDIT_STYLE, EDIT_JSTL_PATH, VIEW_JSTL_PATH, SEARCH_STYLE, LOOKUP_STYLE, TRANSLATED, MINVALUE, MAXVALUE) VALUES ('REQUEST_FOR_PROPOSAL', 'PARTIAL_ALLOWED', 'YESNO', 'partialAllowed', 'partialAllowed', 'F', 'R', 'N', '', '');
INSERT INTO TABLE_FIELD_FACE (TABLENAME, FIELDNAME, EDIT_STYLE, EDIT_JSTL_PATH, VIEW_JSTL_PATH, SEARCH_STYLE, LOOKUP_STYLE, TRANSLATED, MINVALUE, MAXVALUE) VALUES ('REQUEST_FOR_PROPOSAL', 'PURCHASE_AREA', 'R', 'purchaseArea', 'purchaseArea', 'F', 'N', 'N', '', '');
INSERT INTO TABLE_FIELD_FACE (TABLENAME, FIELDNAME, EDIT_STYLE, EDIT_JSTL_PATH, VIEW_JSTL_PATH, SEARCH_STYLE, LOOKUP_STYLE, TRANSLATED, MINVALUE, MAXVALUE) VALUES ('REQUEST_FOR_PROPOSAL', 'REQUEST_DATE', 'D', 'requestDate', 'requestDate', 'F', 'N', 'N', '', '');
INSERT INTO TABLE_FIELD_FACE (TABLENAME, FIELDNAME, EDIT_STYLE, EDIT_JSTL_PATH, VIEW_JSTL_PATH, SEARCH_STYLE, LOOKUP_STYLE, TRANSLATED, MINVALUE, MAXVALUE) VALUES ('REQUEST_FOR_PROPOSAL', 'RFP_ID', 'S', 'id', 'id', 'F', 'N', 'N', '', '');
INSERT INTO TABLE_FIELD_FACE (TABLENAME, FIELDNAME, EDIT_STYLE, EDIT_JSTL_PATH, VIEW_JSTL_PATH, SEARCH_STYLE, LOOKUP_STYLE, TRANSLATED, MINVALUE, MAXVALUE) VALUES ('REQUEST_FOR_PROPOSAL', 'STATUS', 'R', 'status', 'status', 'C', 'C', 'N', '', '');
INSERT INTO TABLE_FIELD_FACE (TABLENAME, FIELDNAME, EDIT_STYLE, EDIT_JSTL_PATH, VIEW_JSTL_PATH, SEARCH_STYLE, LOOKUP_STYLE, TRANSLATED, MINVALUE, MAXVALUE) VALUES ('REQUEST_FOR_PROPOSAL', 'USERNAME', 'R', 'username', 'username', 'F', 'N', 'N', '', '');

INSERT INTO TABLE_CONTENT_TYPE (TABLENAME, OBJECT_TYPE, CAPTION, MIMETYPE) VALUES ('REQUEST_FOR_PROPOSAL', 'RD', 'ATTACHMENT', '');
INSERT INTO TABLE_ACTION (TABLENAME, ACTION, CAPTION, METHOD, ENABLE, AUTHORITY_CHECK, RECORD_SPECIFIC) VALUES ('REQUEST_FOR_PROPOSAL', 'CONTRACT', 'CONTRACT', 'contract', 'Y', 'Y', 'Y');
INSERT INTO TABLE_ACTION (TABLENAME, ACTION, CAPTION, METHOD, ENABLE, AUTHORITY_CHECK, RECORD_SPECIFIC) VALUES ('REQUEST_FOR_PROPOSAL', 'PRINT', 'PRINT', 'print', 'Y', 'N', 'Y');
INSERT INTO TABLE_ACTION (TABLENAME, ACTION, CAPTION, METHOD, ENABLE, AUTHORITY_CHECK, RECORD_SPECIFIC) VALUES ('REQUEST_FOR_PROPOSAL', 'PROPOSE', 'PROPOSE', 'propose', 'Y', 'N', 'Y');
INSERT INTO TABLE_ACTION (TABLENAME, ACTION, CAPTION, METHOD, ENABLE, AUTHORITY_CHECK, RECORD_SPECIFIC) VALUES ('REQUEST_FOR_PROPOSAL', 'PUBLISH', 'PUBLISH', 'publish', 'Y', 'Y', 'Y');

INSERT INTO TABLE_CONTROLLER_STATIC (TABLENAME, ROOTMAPPING, MODULE, CUSTOMER_SPECIFIC, ORGANIZATION_CHECK, CACHE_IN_HASH, SEARCH_VIEW, LIST_VIEW, EDIT_VIEW, SHOW_VIEW, SELECT_VIEW, ORDERBY, SEQUENCE_NAME) VALUES ('REQUEST_FOR_PROPOSAL_ITEM', 'requestForProposalItem', 'purchase', 'N', 'N', 'N', '', '', '', '', '', '', '');
INSERT INTO TABLE_FIELD_FACE (TABLENAME, FIELDNAME, EDIT_STYLE, EDIT_JSTL_PATH, VIEW_JSTL_PATH, SEARCH_STYLE, LOOKUP_STYLE, TRANSLATED, MINVALUE, MAXVALUE) VALUES ('REQUEST_FOR_PROPOSAL_ITEM', 'LINE', 'SP', 'id.line', 'id.line', 'F', 'N', 'N', '', '');
INSERT INTO TABLE_FIELD_FACE (TABLENAME, FIELDNAME, EDIT_STYLE, EDIT_JSTL_PATH, VIEW_JSTL_PATH, SEARCH_STYLE, LOOKUP_STYLE, TRANSLATED, MINVALUE, MAXVALUE) VALUES ('REQUEST_FOR_PROPOSAL_ITEM', 'MANUFACTURER_ID', 'MANUFACTURER', 'manufacturer.id', 'manufacturer.caption', 'F', 'C', 'N', '', '');
INSERT INTO TABLE_FIELD_FACE (TABLENAME, FIELDNAME, EDIT_STYLE, EDIT_JSTL_PATH, VIEW_JSTL_PATH, SEARCH_STYLE, LOOKUP_STYLE, TRANSLATED, MINVALUE, MAXVALUE) VALUES ('REQUEST_FOR_PROPOSAL_ITEM', 'MATERIAL_ID', 'MATERIAL', 'material.id', 'material.partNumber', 'F', 'C', 'N', '', '');
INSERT INTO TABLE_FIELD_FACE (TABLENAME, FIELDNAME, EDIT_STYLE, EDIT_JSTL_PATH, VIEW_JSTL_PATH, SEARCH_STYLE, LOOKUP_STYLE, TRANSLATED, MINVALUE, MAXVALUE) VALUES ('REQUEST_FOR_PROPOSAL_ITEM', 'MATERIAL_TYPE_ID', 'MATERIAL_TYPE', 'materialType.id', 'materialType.caption', 'F', 'C', 'N', '', '');
INSERT INTO TABLE_FIELD_FACE (TABLENAME, FIELDNAME, EDIT_STYLE, EDIT_JSTL_PATH, VIEW_JSTL_PATH, SEARCH_STYLE, LOOKUP_STYLE, TRANSLATED, MINVALUE, MAXVALUE) VALUES ('REQUEST_FOR_PROPOSAL_ITEM', 'QUANTITY', 'F', 'quantity', 'quantity', 'F', 'N', 'N', '', '');
INSERT INTO TABLE_FIELD_FACE (TABLENAME, FIELDNAME, EDIT_STYLE, EDIT_JSTL_PATH, VIEW_JSTL_PATH, SEARCH_STYLE, LOOKUP_STYLE, TRANSLATED, MINVALUE, MAXVALUE) VALUES ('REQUEST_FOR_PROPOSAL_ITEM', 'RFP_ID', 'H', 'id.rfpId', 'id.rfpId', 'F', 'N', 'N', '', '');
INSERT INTO TABLE_FIELD_FACE (TABLENAME, FIELDNAME, EDIT_STYLE, EDIT_JSTL_PATH, VIEW_JSTL_PATH, SEARCH_STYLE, LOOKUP_STYLE, TRANSLATED, MINVALUE, MAXVALUE) VALUES ('REQUEST_FOR_PROPOSAL_ITEM', 'SPECIFICATION', 'T', 'specification', 'specification', 'F', 'N', 'N', '', '');
INSERT INTO TABLE_FIELD_FACE (TABLENAME, FIELDNAME, EDIT_STYLE, EDIT_JSTL_PATH, VIEW_JSTL_PATH, SEARCH_STYLE, LOOKUP_STYLE, TRANSLATED, MINVALUE, MAXVALUE) VALUES ('REQUEST_FOR_PROPOSAL_ITEM', 'UNIT', 'MEASUREMENT_UNIT', 'unit', 'unit', 'F', 'N', 'N', '', '');

INSERT INTO TABLE_ACTION (TABLENAME, ACTION, CAPTION, METHOD, ENABLE, AUTHORITY_CHECK, RECORD_SPECIFIC) VALUES ('REQUEST_FOR_PROPOSAL_ITEM', 'PROPOSE', 'PROPOSE', 'propose', 'Y', 'N', 'Y');

INSERT INTO TABLE_CONTROLLER_STATIC (TABLENAME, ROOTMAPPING, MODULE, CUSTOMER_SPECIFIC, ORGANIZATION_CHECK, CACHE_IN_HASH, SEARCH_VIEW, LIST_VIEW, EDIT_VIEW, SHOW_VIEW, SELECT_VIEW, ORDERBY, SEQUENCE_NAME) VALUES ('RFP_PUBLISHMENT', 'rfpPublishment', 'purchase', 'N', 'N', 'N', '', '', '', '', '', '', '');
INSERT INTO TABLE_FIELD_FACE (TABLENAME, FIELDNAME, EDIT_STYLE, EDIT_JSTL_PATH, VIEW_JSTL_PATH, SEARCH_STYLE, LOOKUP_STYLE, TRANSLATED, MINVALUE, MAXVALUE) VALUES ('RFP_PUBLISHMENT', 'BEGDA', 'D', 'begda', 'begda', 'F', 'N', 'N', '', '');
INSERT INTO TABLE_FIELD_FACE (TABLENAME, FIELDNAME, EDIT_STYLE, EDIT_JSTL_PATH, VIEW_JSTL_PATH, SEARCH_STYLE, LOOKUP_STYLE, TRANSLATED, MINVALUE, MAXVALUE) VALUES ('RFP_PUBLISHMENT', 'RFP_ID', 'H', 'id.rfpId', 'id.rfpId', 'F', 'N', 'N', '', '');
INSERT INTO TABLE_FIELD_FACE (TABLENAME, FIELDNAME, EDIT_STYLE, EDIT_JSTL_PATH, VIEW_JSTL_PATH, SEARCH_STYLE, LOOKUP_STYLE, TRANSLATED, MINVALUE, MAXVALUE) VALUES ('RFP_PUBLISHMENT', 'VENDOR_ID', 'I4', 'id.vendorId', 'id.vendorId', 'F', 'N', 'N', '', '');


INSERT INTO TABLE_CONTROLLER_STATIC (TABLENAME, ROOTMAPPING, MODULE, CUSTOMER_SPECIFIC, ORGANIZATION_CHECK, CACHE_IN_HASH, SEARCH_VIEW, LIST_VIEW, EDIT_VIEW, SHOW_VIEW, SELECT_VIEW, ORDERBY, SEQUENCE_NAME) VALUES ('MATERIAL_REQUEST', 'materialRequest', 'request', 'Y', 'Y', 'N', '', '', '', '', '', '', 'MATERIAL_REQUEST_ID_SEQ');
INSERT INTO TABLE_FIELD_FACE (TABLENAME, FIELDNAME, EDIT_STYLE, EDIT_JSTL_PATH, VIEW_JSTL_PATH, SEARCH_STYLE, LOOKUP_STYLE, TRANSLATED, MINVALUE, MAXVALUE) VALUES ('MATERIAL_REQUEST', 'DESCRIPTION', 'T', 'description', 'description', 'F', 'N', 'N', '', '');
INSERT INTO TABLE_FIELD_FACE (TABLENAME, FIELDNAME, EDIT_STYLE, EDIT_JSTL_PATH, VIEW_JSTL_PATH, SEARCH_STYLE, LOOKUP_STYLE, TRANSLATED, MINVALUE, MAXVALUE) VALUES ('MATERIAL_REQUEST', 'DUE_DATE', 'D', 'dueDate', 'dueDate', 'F', 'N', 'N', '', '');
INSERT INTO TABLE_FIELD_FACE (TABLENAME, FIELDNAME, EDIT_STYLE, EDIT_JSTL_PATH, VIEW_JSTL_PATH, SEARCH_STYLE, LOOKUP_STYLE, TRANSLATED, MINVALUE, MAXVALUE) VALUES ('MATERIAL_REQUEST', 'MATERIAL_REQUEST_ID', 'S', 'id', 'id', 'F', 'N', 'N', '', '');
INSERT INTO TABLE_FIELD_FACE (TABLENAME, FIELDNAME, EDIT_STYLE, EDIT_JSTL_PATH, VIEW_JSTL_PATH, SEARCH_STYLE, LOOKUP_STYLE, TRANSLATED, MINVALUE, MAXVALUE) VALUES ('MATERIAL_REQUEST', 'ORGANIZATION_ID', 'ORGANIZATION', 'organization.id', 'organization.caption', 'L', 'C', 'N', '', '');
INSERT INTO TABLE_FIELD_FACE (TABLENAME, FIELDNAME, EDIT_STYLE, EDIT_JSTL_PATH, VIEW_JSTL_PATH, SEARCH_STYLE, LOOKUP_STYLE, TRANSLATED, MINVALUE, MAXVALUE) VALUES ('MATERIAL_REQUEST', 'OWNER_ID', 'H', 'ownerId', 'ownerId', 'F', 'N', 'N', '', '');
INSERT INTO TABLE_FIELD_FACE (TABLENAME, FIELDNAME, EDIT_STYLE, EDIT_JSTL_PATH, VIEW_JSTL_PATH, SEARCH_STYLE, LOOKUP_STYLE, TRANSLATED, MINVALUE, MAXVALUE) VALUES ('MATERIAL_REQUEST', 'PURPOSE', 'H', 'purpose', 'purpose', 'L', 'C', 'N', '', '');
INSERT INTO TABLE_FIELD_FACE (TABLENAME, FIELDNAME, EDIT_STYLE, EDIT_JSTL_PATH, VIEW_JSTL_PATH, SEARCH_STYLE, LOOKUP_STYLE, TRANSLATED, MINVALUE, MAXVALUE) VALUES ('MATERIAL_REQUEST', 'REQUEST_DATE', 'D', 'requestDate', 'requestDate', 'F', 'N', 'N', '', '');
INSERT INTO TABLE_FIELD_FACE (TABLENAME, FIELDNAME, EDIT_STYLE, EDIT_JSTL_PATH, VIEW_JSTL_PATH, SEARCH_STYLE, LOOKUP_STYLE, TRANSLATED, MINVALUE, MAXVALUE) VALUES ('MATERIAL_REQUEST', 'STATUS', 'MATERIAL_REQUEST_STATUS', 'status', 'status', 'F', 'N', 'N', '', '');
INSERT INTO TABLE_FIELD_FACE (TABLENAME, FIELDNAME, EDIT_STYLE, EDIT_JSTL_PATH, VIEW_JSTL_PATH, SEARCH_STYLE, LOOKUP_STYLE, TRANSLATED, MINVALUE, MAXVALUE) VALUES ('MATERIAL_REQUEST', 'USERNAME', 'R', 'username', 'username', 'F', 'N', 'N', '', '');

INSERT INTO TABLE_CONTENT_TYPE (TABLENAME, OBJECT_TYPE, CAPTION, MIMETYPE) VALUES ('MATERIAL_REQUEST', 'MR', 'PHOTO', '');
INSERT INTO TABLE_ACTION (TABLENAME, ACTION, CAPTION, METHOD, ENABLE, AUTHORITY_CHECK, RECORD_SPECIFIC) VALUES ('MATERIAL_REQUEST', 'APPROVE', 'APPROVE', 'approve', 'N', 'Y', 'Y');
INSERT INTO TABLE_ACTION (TABLENAME, ACTION, CAPTION, METHOD, ENABLE, AUTHORITY_CHECK, RECORD_SPECIFIC) VALUES ('MATERIAL_REQUEST', 'CANCEL', 'CANCEL', 'cancel', 'Y', 'Y', 'Y');
INSERT INTO TABLE_ACTION (TABLENAME, ACTION, CAPTION, METHOD, ENABLE, AUTHORITY_CHECK, RECORD_SPECIFIC) VALUES ('MATERIAL_REQUEST', 'CLOSE', 'CLOSE', 'close', 'Y', 'Y', 'Y');
INSERT INTO TABLE_ACTION (TABLENAME, ACTION, CAPTION, METHOD, ENABLE, AUTHORITY_CHECK, RECORD_SPECIFIC) VALUES ('MATERIAL_REQUEST', 'ENTRY', 'ENTRY', 'entry', 'Y', 'N', 'Y');

INSERT INTO TABLE_CONTROLLER_STATIC (TABLENAME, ROOTMAPPING, MODULE, CUSTOMER_SPECIFIC, ORGANIZATION_CHECK, CACHE_IN_HASH, SEARCH_VIEW, LIST_VIEW, EDIT_VIEW, SHOW_VIEW, SELECT_VIEW, ORDERBY, SEQUENCE_NAME) VALUES ('MATERIAL_REQUEST_ITEM', 'materialRequestItem', 'request', 'N', 'N', 'N', '', '', '', '', '', '', '');
INSERT INTO TABLE_FIELD_FACE (TABLENAME, FIELDNAME, EDIT_STYLE, EDIT_JSTL_PATH, VIEW_JSTL_PATH, SEARCH_STYLE, LOOKUP_STYLE, TRANSLATED, MINVALUE, MAXVALUE) VALUES ('MATERIAL_REQUEST_ITEM', 'DESCRIPTION', 'T', 'description', 'description', 'F', 'N', 'N', '', '');
INSERT INTO TABLE_FIELD_FACE (TABLENAME, FIELDNAME, EDIT_STYLE, EDIT_JSTL_PATH, VIEW_JSTL_PATH, SEARCH_STYLE, LOOKUP_STYLE, TRANSLATED, MINVALUE, MAXVALUE) VALUES ('MATERIAL_REQUEST_ITEM', 'LINE', 'SP', 'id.line', 'id.line', 'F', 'N', 'N', '', '');
INSERT INTO TABLE_FIELD_FACE (TABLENAME, FIELDNAME, EDIT_STYLE, EDIT_JSTL_PATH, VIEW_JSTL_PATH, SEARCH_STYLE, LOOKUP_STYLE, TRANSLATED, MINVALUE, MAXVALUE) VALUES ('MATERIAL_REQUEST_ITEM', 'MATERIAL_ID', 'MATERIAL', 'material.id', 'material.caption', 'L', 'C', 'N', '', '');
INSERT INTO TABLE_FIELD_FACE (TABLENAME, FIELDNAME, EDIT_STYLE, EDIT_JSTL_PATH, VIEW_JSTL_PATH, SEARCH_STYLE, LOOKUP_STYLE, TRANSLATED, MINVALUE, MAXVALUE) VALUES ('MATERIAL_REQUEST_ITEM', 'MATERIAL_REQUEST_ID', 'H', 'id.materialRequestId', 'id.materialRequestId', 'F', 'N', 'N', '', '');
INSERT INTO TABLE_FIELD_FACE (TABLENAME, FIELDNAME, EDIT_STYLE, EDIT_JSTL_PATH, VIEW_JSTL_PATH, SEARCH_STYLE, LOOKUP_STYLE, TRANSLATED, MINVALUE, MAXVALUE) VALUES ('MATERIAL_REQUEST_ITEM', 'QUANTITY', 'F', 'quantity', 'quantity', 'F', 'N', 'N', '', '');
INSERT INTO TABLE_FIELD_FACE (TABLENAME, FIELDNAME, EDIT_STYLE, EDIT_JSTL_PATH, VIEW_JSTL_PATH, SEARCH_STYLE, LOOKUP_STYLE, TRANSLATED, MINVALUE, MAXVALUE) VALUES ('MATERIAL_REQUEST_ITEM', 'UNIT', 'MEASUREMENT_UNIT', 'unit', 'unit', 'L', 'C', 'N', '', '');


INSERT INTO TABLE_CONTROLLER_STATIC (TABLENAME, ROOTMAPPING, MODULE, CUSTOMER_SPECIFIC, ORGANIZATION_CHECK, CACHE_IN_HASH, SEARCH_VIEW, LIST_VIEW, EDIT_VIEW, SHOW_VIEW, SELECT_VIEW, ORDERBY, SEQUENCE_NAME) VALUES ('MATERIAL_REQUEST_ITEM_ATTR', 'materialRequestItemAttr', 'request', 'N', 'N', 'N', '', '', '', '', '', '', '');
INSERT INTO TABLE_FIELD_FACE (TABLENAME, FIELDNAME, EDIT_STYLE, EDIT_JSTL_PATH, VIEW_JSTL_PATH, SEARCH_STYLE, LOOKUP_STYLE, TRANSLATED, MINVALUE, MAXVALUE) VALUES ('MATERIAL_REQUEST_ITEM_ATTR', 'LINE', 'H', 'id.line', 'id.line', 'F', 'N', 'N', '', '');
INSERT INTO TABLE_FIELD_FACE (TABLENAME, FIELDNAME, EDIT_STYLE, EDIT_JSTL_PATH, VIEW_JSTL_PATH, SEARCH_STYLE, LOOKUP_STYLE, TRANSLATED, MINVALUE, MAXVALUE) VALUES ('MATERIAL_REQUEST_ITEM_ATTR', 'MAG_ID', 'MATERIAL_ATTRIBUTE_GROUP', 'id.magId', 'materialAttributeGroup.caption', 'F', 'C', 'N', '', '');
INSERT INTO TABLE_FIELD_FACE (TABLENAME, FIELDNAME, EDIT_STYLE, EDIT_JSTL_PATH, VIEW_JSTL_PATH, SEARCH_STYLE, LOOKUP_STYLE, TRANSLATED, MINVALUE, MAXVALUE) VALUES ('MATERIAL_REQUEST_ITEM_ATTR', 'MATERIAL_REQUEST_ID', 'H', 'id.materialRequestId', 'id.materialRequestId', 'F', 'N', 'N', '', '');
INSERT INTO TABLE_FIELD_FACE (TABLENAME, FIELDNAME, EDIT_STYLE, EDIT_JSTL_PATH, VIEW_JSTL_PATH, SEARCH_STYLE, LOOKUP_STYLE, TRANSLATED, MINVALUE, MAXVALUE) VALUES ('MATERIAL_REQUEST_ITEM_ATTR', 'VALUE', 'T', 'value', 'value', 'F', 'N', 'N', '', '');


INSERT INTO TABLE_CONTROLLER_STATIC (TABLENAME, ROOTMAPPING, MODULE, CUSTOMER_SPECIFIC, ORGANIZATION_CHECK, CACHE_IN_HASH, SEARCH_VIEW, LIST_VIEW, EDIT_VIEW, SHOW_VIEW, SELECT_VIEW, ORDERBY, SEQUENCE_NAME) VALUES ('PRODUCT_BY_DEFINE', 'productByDefine', 'request', 'N', 'Y', 'N', '', '', '', '', '', '', '');
INSERT INTO TABLE_FIELD_FACE (TABLENAME, FIELDNAME, EDIT_STYLE, EDIT_JSTL_PATH, VIEW_JSTL_PATH, SEARCH_STYLE, LOOKUP_STYLE, TRANSLATED, MINVALUE, MAXVALUE) VALUES ('PRODUCT_BY_DEFINE', 'CONTENT_REQUIRED', 'YESNO', 'contentRequired', 'contentRequired', 'L', 'R', 'N', '', '');
INSERT INTO TABLE_FIELD_FACE (TABLENAME, FIELDNAME, EDIT_STYLE, EDIT_JSTL_PATH, VIEW_JSTL_PATH, SEARCH_STYLE, LOOKUP_STYLE, TRANSLATED, MINVALUE, MAXVALUE) VALUES ('PRODUCT_BY_DEFINE', 'MATERIAL_ID', 'MATERIAL', 'id.materialId', 'material.caption', 'C', 'C', 'N', '', '');
INSERT INTO TABLE_FIELD_FACE (TABLENAME, FIELDNAME, EDIT_STYLE, EDIT_JSTL_PATH, VIEW_JSTL_PATH, SEARCH_STYLE, LOOKUP_STYLE, TRANSLATED, MINVALUE, MAXVALUE) VALUES ('PRODUCT_BY_DEFINE', 'MATERIAL_TYPE_ID', 'R', 'id.materialTypeId', 'materialType.caption', 'F', 'N', 'N', '', '');
INSERT INTO TABLE_FIELD_FACE (TABLENAME, FIELDNAME, EDIT_STYLE, EDIT_JSTL_PATH, VIEW_JSTL_PATH, SEARCH_STYLE, LOOKUP_STYLE, TRANSLATED, MINVALUE, MAXVALUE) VALUES ('PRODUCT_BY_DEFINE', 'ORGANIZATION_ID', 'R', 'id.organizationId', 'organization.caption', 'F', 'N', 'N', '', '');


INSERT INTO TABLE_CONTROLLER_STATIC (TABLENAME, ROOTMAPPING, MODULE, CUSTOMER_SPECIFIC, ORGANIZATION_CHECK, CACHE_IN_HASH, SEARCH_VIEW, LIST_VIEW, EDIT_VIEW, SHOW_VIEW, SELECT_VIEW, ORDERBY, SEQUENCE_NAME) VALUES ('PRODUCT_TYPE_BY_DEFINE', 'productTypeByDefine', 'request', 'N', 'Y', 'N', '', '', '', '', '', '', '');
INSERT INTO TABLE_FIELD_FACE (TABLENAME, FIELDNAME, EDIT_STYLE, EDIT_JSTL_PATH, VIEW_JSTL_PATH, SEARCH_STYLE, LOOKUP_STYLE, TRANSLATED, MINVALUE, MAXVALUE) VALUES ('PRODUCT_TYPE_BY_DEFINE', 'LEAD_TIME', 'I2', 'leadTime', 'leadTime', 'F', 'N', 'N', '', '');
INSERT INTO TABLE_FIELD_FACE (TABLENAME, FIELDNAME, EDIT_STYLE, EDIT_JSTL_PATH, VIEW_JSTL_PATH, SEARCH_STYLE, LOOKUP_STYLE, TRANSLATED, MINVALUE, MAXVALUE) VALUES ('PRODUCT_TYPE_BY_DEFINE', 'MATERIAL_TYPE_ID', 'R', 'id.materialTypeId', 'materialType.caption', 'F', 'N', 'N', '', '');
INSERT INTO TABLE_FIELD_FACE (TABLENAME, FIELDNAME, EDIT_STYLE, EDIT_JSTL_PATH, VIEW_JSTL_PATH, SEARCH_STYLE, LOOKUP_STYLE, TRANSLATED, MINVALUE, MAXVALUE) VALUES ('PRODUCT_TYPE_BY_DEFINE', 'ORGANIZATION_ID', 'ORGANIZATION', 'id.organizationId', 'organization.caption', 'L', 'C', 'N', '', '');
INSERT INTO TABLE_FIELD_FACE (TABLENAME, FIELDNAME, EDIT_STYLE, EDIT_JSTL_PATH, VIEW_JSTL_PATH, SEARCH_STYLE, LOOKUP_STYLE, TRANSLATED, MINVALUE, MAXVALUE) VALUES ('PRODUCT_TYPE_BY_DEFINE', 'TIME_TYPE', 'DURATION_TYPE', 'timeType', 'timeType', 'L', 'C', 'N', '', '');


INSERT INTO TABLE_CONTROLLER_STATIC (TABLENAME, ROOTMAPPING, MODULE, CUSTOMER_SPECIFIC, ORGANIZATION_CHECK, CACHE_IN_HASH, SEARCH_VIEW, LIST_VIEW, EDIT_VIEW, SHOW_VIEW, SELECT_VIEW, ORDERBY, SEQUENCE_NAME) VALUES ('PRODUCT_PRICE_COMMITMENT', 'productPriceCommitment', 'sales', 'Y', 'N', 'N', '', 'motifarge/listCommitment', '', '', '', '', '');
INSERT INTO TABLE_FIELD_FACE (TABLENAME, FIELDNAME, EDIT_STYLE, EDIT_JSTL_PATH, VIEW_JSTL_PATH, SEARCH_STYLE, LOOKUP_STYLE, TRANSLATED, MINVALUE, MAXVALUE) VALUES ('PRODUCT_PRICE_COMMITMENT', 'BOX_QUANTITY', 'I4', 'boxQuantity', 'boxQuantity', 'F', 'N', 'N', '', '');
INSERT INTO TABLE_FIELD_FACE (TABLENAME, FIELDNAME, EDIT_STYLE, EDIT_JSTL_PATH, VIEW_JSTL_PATH, SEARCH_STYLE, LOOKUP_STYLE, TRANSLATED, MINVALUE, MAXVALUE) VALUES ('PRODUCT_PRICE_COMMITMENT', 'BUSINESS_PARTNER_ID', 'VENDOR', 'id.businessPartnerId', 'id.businessPartnerId', 'F', 'N', 'N', '', '');
INSERT INTO TABLE_FIELD_FACE (TABLENAME, FIELDNAME, EDIT_STYLE, EDIT_JSTL_PATH, VIEW_JSTL_PATH, SEARCH_STYLE, LOOKUP_STYLE, TRANSLATED, MINVALUE, MAXVALUE) VALUES ('PRODUCT_PRICE_COMMITMENT', 'CURRENCY', 'EXCHANGE', 'currency', 'currency', 'L', 'C', 'N', '', '');
INSERT INTO TABLE_FIELD_FACE (TABLENAME, FIELDNAME, EDIT_STYLE, EDIT_JSTL_PATH, VIEW_JSTL_PATH, SEARCH_STYLE, LOOKUP_STYLE, TRANSLATED, MINVALUE, MAXVALUE) VALUES ('PRODUCT_PRICE_COMMITMENT', 'CURRENT_ORDER', 'R', 'currentOrder', 'currentOrder', 'F', 'N', 'N', '', '');
INSERT INTO TABLE_FIELD_FACE (TABLENAME, FIELDNAME, EDIT_STYLE, EDIT_JSTL_PATH, VIEW_JSTL_PATH, SEARCH_STYLE, LOOKUP_STYLE, TRANSLATED, MINVALUE, MAXVALUE) VALUES ('PRODUCT_PRICE_COMMITMENT', 'CURRENT_PRICE', 'C', 'currentPrice', 'currentPrice', 'F', 'N', 'N', '', '');
INSERT INTO TABLE_FIELD_FACE (TABLENAME, FIELDNAME, EDIT_STYLE, EDIT_JSTL_PATH, VIEW_JSTL_PATH, SEARCH_STYLE, LOOKUP_STYLE, TRANSLATED, MINVALUE, MAXVALUE) VALUES ('PRODUCT_PRICE_COMMITMENT', 'DELIVERY_PROMISE', 'D', 'deliveryPromise', 'deliveryPromise', 'F', 'N', 'N', '', '');
INSERT INTO TABLE_FIELD_FACE (TABLENAME, FIELDNAME, EDIT_STYLE, EDIT_JSTL_PATH, VIEW_JSTL_PATH, SEARCH_STYLE, LOOKUP_STYLE, TRANSLATED, MINVALUE, MAXVALUE) VALUES ('PRODUCT_PRICE_COMMITMENT', 'EARLY_BIRD_PCT', 'P', 'earlyBirdPct', 'earlyBirdPct', 'F', 'N', 'N', '', '');
INSERT INTO TABLE_FIELD_FACE (TABLENAME, FIELDNAME, EDIT_STYLE, EDIT_JSTL_PATH, VIEW_JSTL_PATH, SEARCH_STYLE, LOOKUP_STYLE, TRANSLATED, MINVALUE, MAXVALUE) VALUES ('PRODUCT_PRICE_COMMITMENT', 'GOAL_PRICE', 'C', 'goalPrice', 'goalPrice', 'F', 'N', 'N', '', '');
INSERT INTO TABLE_FIELD_FACE (TABLENAME, FIELDNAME, EDIT_STYLE, EDIT_JSTL_PATH, VIEW_JSTL_PATH, SEARCH_STYLE, LOOKUP_STYLE, TRANSLATED, MINVALUE, MAXVALUE) VALUES ('PRODUCT_PRICE_COMMITMENT', 'MATERIAL_ID', 'MATERIAL', 'id.materialId', 'material.caption', 'L', 'C', 'N', '', '');
INSERT INTO TABLE_FIELD_FACE (TABLENAME, FIELDNAME, EDIT_STYLE, EDIT_JSTL_PATH, VIEW_JSTL_PATH, SEARCH_STYLE, LOOKUP_STYLE, TRANSLATED, MINVALUE, MAXVALUE) VALUES ('PRODUCT_PRICE_COMMITMENT', 'MAX_QUANTITY', 'I4', 'maxQuantity', 'maxQuantity', 'F', 'N', 'N', '', '');
INSERT INTO TABLE_FIELD_FACE (TABLENAME, FIELDNAME, EDIT_STYLE, EDIT_JSTL_PATH, VIEW_JSTL_PATH, SEARCH_STYLE, LOOKUP_STYLE, TRANSLATED, MINVALUE, MAXVALUE) VALUES ('PRODUCT_PRICE_COMMITMENT', 'MIN_QUANTITY', 'I4', 'minQuantity', 'minQuantity', 'F', 'N', 'N', '', '');
INSERT INTO TABLE_FIELD_FACE (TABLENAME, FIELDNAME, EDIT_STYLE, EDIT_JSTL_PATH, VIEW_JSTL_PATH, SEARCH_STYLE, LOOKUP_STYLE, TRANSLATED, MINVALUE, MAXVALUE) VALUES ('PRODUCT_PRICE_COMMITMENT', 'ORDER_DEAD_LINE', 'D', 'id.orderDeadLine', 'id.orderDeadLine', 'F', 'N', 'N', '', '');
INSERT INTO TABLE_FIELD_FACE (TABLENAME, FIELDNAME, EDIT_STYLE, EDIT_JSTL_PATH, VIEW_JSTL_PATH, SEARCH_STYLE, LOOKUP_STYLE, TRANSLATED, MINVALUE, MAXVALUE) VALUES ('PRODUCT_PRICE_COMMITMENT', 'OWNER_ID', 'H', 'ownerId', 'ownerId', 'F', 'N', 'N', '', '');
INSERT INTO TABLE_FIELD_FACE (TABLENAME, FIELDNAME, EDIT_STYLE, EDIT_JSTL_PATH, VIEW_JSTL_PATH, SEARCH_STYLE, LOOKUP_STYLE, TRANSLATED, MINVALUE, MAXVALUE) VALUES ('PRODUCT_PRICE_COMMITMENT', 'PRICING', 'COMMITMENT_PRICING', 'pricing', 'pricing', 'L', 'C', 'N', '', '');
INSERT INTO TABLE_FIELD_FACE (TABLENAME, FIELDNAME, EDIT_STYLE, EDIT_JSTL_PATH, VIEW_JSTL_PATH, SEARCH_STYLE, LOOKUP_STYLE, TRANSLATED, MINVALUE, MAXVALUE) VALUES ('PRODUCT_PRICE_COMMITMENT', 'START_PRICE', 'C', 'startPrice', 'startPrice', 'F', 'N', 'N', '', '');
INSERT INTO TABLE_FIELD_FACE (TABLENAME, FIELDNAME, EDIT_STYLE, EDIT_JSTL_PATH, VIEW_JSTL_PATH, SEARCH_STYLE, LOOKUP_STYLE, TRANSLATED, MINVALUE, MAXVALUE) VALUES ('PRODUCT_PRICE_COMMITMENT', 'STATUS', 'PRODUCT_PRICE_CMT_STATUS', 'status', 'status', 'L', 'C', 'N', '', '');
INSERT INTO TABLE_FIELD_FACE (TABLENAME, FIELDNAME, EDIT_STYLE, EDIT_JSTL_PATH, VIEW_JSTL_PATH, SEARCH_STYLE, LOOKUP_STYLE, TRANSLATED, MINVALUE, MAXVALUE) VALUES ('PRODUCT_PRICE_COMMITMENT', 'UNIT', 'MEASUREMENT_UNIT', 'unit', 'unit', 'L', 'C', 'N', '', '');

INSERT INTO TABLE_ACTION (TABLENAME, ACTION, CAPTION, METHOD, ENABLE, AUTHORITY_CHECK, RECORD_SPECIFIC) VALUES ('PRODUCT_PRICE_COMMITMENT', 'FINALIZE', 'FINALIZE', 'finalize', 'Y', 'N', 'Y');
INSERT INTO TABLE_ACTION (TABLENAME, ACTION, CAPTION, METHOD, ENABLE, AUTHORITY_CHECK, RECORD_SPECIFIC) VALUES ('PRODUCT_PRICE_COMMITMENT', 'PRINT', 'PRINT', 'print', 'Y', 'N', 'Y');

INSERT INTO TABLE_CONTROLLER_STATIC (TABLENAME, ROOTMAPPING, MODULE, CUSTOMER_SPECIFIC, ORGANIZATION_CHECK, CACHE_IN_HASH, SEARCH_VIEW, LIST_VIEW, EDIT_VIEW, SHOW_VIEW, SELECT_VIEW, ORDERBY, SEQUENCE_NAME) VALUES ('PRODUCT_PRICE_COMMITMENT_ITEM', 'productPriceCommitmentItem', 'sales', 'N', 'N', 'N', '', '', '', '', '', '', '');
INSERT INTO TABLE_FIELD_FACE (TABLENAME, FIELDNAME, EDIT_STYLE, EDIT_JSTL_PATH, VIEW_JSTL_PATH, SEARCH_STYLE, LOOKUP_STYLE, TRANSLATED, MINVALUE, MAXVALUE) VALUES ('PRODUCT_PRICE_COMMITMENT_ITEM', 'BUSINESS_PARTNER_ID', 'H', 'id.businessPartnerId', 'id.businessPartnerId', 'F', 'N', 'N', '', '');
INSERT INTO TABLE_FIELD_FACE (TABLENAME, FIELDNAME, EDIT_STYLE, EDIT_JSTL_PATH, VIEW_JSTL_PATH, SEARCH_STYLE, LOOKUP_STYLE, TRANSLATED, MINVALUE, MAXVALUE) VALUES ('PRODUCT_PRICE_COMMITMENT_ITEM', 'MATERIAL_ID', 'H', 'id.materialId', 'id.materialId', 'F', 'N', 'N', '', '');
INSERT INTO TABLE_FIELD_FACE (TABLENAME, FIELDNAME, EDIT_STYLE, EDIT_JSTL_PATH, VIEW_JSTL_PATH, SEARCH_STYLE, LOOKUP_STYLE, TRANSLATED, MINVALUE, MAXVALUE) VALUES ('PRODUCT_PRICE_COMMITMENT_ITEM', 'ORDER_DEAD_LINE', 'H', 'id.orderDeadLine', 'id.orderDeadLine', 'F', 'N', 'N', '', '');
INSERT INTO TABLE_FIELD_FACE (TABLENAME, FIELDNAME, EDIT_STYLE, EDIT_JSTL_PATH, VIEW_JSTL_PATH, SEARCH_STYLE, LOOKUP_STYLE, TRANSLATED, MINVALUE, MAXVALUE) VALUES ('PRODUCT_PRICE_COMMITMENT_ITEM', 'PRICE', 'C', 'price', 'price', 'F', 'N', 'N', '', '');
INSERT INTO TABLE_FIELD_FACE (TABLENAME, FIELDNAME, EDIT_STYLE, EDIT_JSTL_PATH, VIEW_JSTL_PATH, SEARCH_STYLE, LOOKUP_STYLE, TRANSLATED, MINVALUE, MAXVALUE) VALUES ('PRODUCT_PRICE_COMMITMENT_ITEM', 'QUANTITY', 'I4', 'id.quantity', 'id.quantity', 'F', 'N', 'N', '', '');


INSERT INTO TABLE_CONTROLLER_STATIC (TABLENAME, ROOTMAPPING, MODULE, CUSTOMER_SPECIFIC, ORGANIZATION_CHECK, CACHE_IN_HASH, SEARCH_VIEW, LIST_VIEW, EDIT_VIEW, SHOW_VIEW, SELECT_VIEW, ORDERBY, SEQUENCE_NAME) VALUES ('SALES_ACCOUNT_BALANCE', 'salesAccountBalance', 'sales', 'Y', 'N', 'N', '', '', '', '', '', '', '');
INSERT INTO TABLE_FIELD_FACE (TABLENAME, FIELDNAME, EDIT_STYLE, EDIT_JSTL_PATH, VIEW_JSTL_PATH, SEARCH_STYLE, LOOKUP_STYLE, TRANSLATED, MINVALUE, MAXVALUE) VALUES ('SALES_ACCOUNT_BALANCE', 'OWNER_ID', 'H', 'id', 'id', 'F', 'N', 'N', '', '');
INSERT INTO TABLE_FIELD_FACE (TABLENAME, FIELDNAME, EDIT_STYLE, EDIT_JSTL_PATH, VIEW_JSTL_PATH, SEARCH_STYLE, LOOKUP_STYLE, TRANSLATED, MINVALUE, MAXVALUE) VALUES ('SALES_ACCOUNT_BALANCE', 'PROVISION', 'C', 'provision', 'provision', 'F', 'N', 'N', '', '');
INSERT INTO TABLE_FIELD_FACE (TABLENAME, FIELDNAME, EDIT_STYLE, EDIT_JSTL_PATH, VIEW_JSTL_PATH, SEARCH_STYLE, LOOKUP_STYLE, TRANSLATED, MINVALUE, MAXVALUE) VALUES ('SALES_ACCOUNT_BALANCE', 'REFUND', 'C', 'refund', 'refund', 'F', 'N', 'N', '', '');
INSERT INTO TABLE_FIELD_FACE (TABLENAME, FIELDNAME, EDIT_STYLE, EDIT_JSTL_PATH, VIEW_JSTL_PATH, SEARCH_STYLE, LOOKUP_STYLE, TRANSLATED, MINVALUE, MAXVALUE) VALUES ('SALES_ACCOUNT_BALANCE', 'TOTAL_PURCHASE', 'C', 'totalPurchase', 'totalPurchase', 'F', 'N', 'N', '', '');
INSERT INTO TABLE_FIELD_FACE (TABLENAME, FIELDNAME, EDIT_STYLE, EDIT_JSTL_PATH, VIEW_JSTL_PATH, SEARCH_STYLE, LOOKUP_STYLE, TRANSLATED, MINVALUE, MAXVALUE) VALUES ('SALES_ACCOUNT_BALANCE', 'TOTAL_SALE', 'C', 'totalSale', 'totalSale', 'F', 'N', 'N', '', '');


INSERT INTO TABLE_CONTROLLER_STATIC (TABLENAME, ROOTMAPPING, MODULE, CUSTOMER_SPECIFIC, ORGANIZATION_CHECK, CACHE_IN_HASH, SEARCH_VIEW, LIST_VIEW, EDIT_VIEW, SHOW_VIEW, SELECT_VIEW, ORDERBY, SEQUENCE_NAME) VALUES ('SALES_CAMPAIGN', 'salesCampaign', 'sales', 'Y', 'N', 'N', '', '', '', '', '', '', 'SALES_CAMPAIGN_ID_SEQ');
INSERT INTO TABLE_FIELD_FACE (TABLENAME, FIELDNAME, EDIT_STYLE, EDIT_JSTL_PATH, VIEW_JSTL_PATH, SEARCH_STYLE, LOOKUP_STYLE, TRANSLATED, MINVALUE, MAXVALUE) VALUES ('SALES_CAMPAIGN', 'BEGDA', 'D', 'begda', 'begda', 'F', 'N', 'N', '', '');
INSERT INTO TABLE_FIELD_FACE (TABLENAME, FIELDNAME, EDIT_STYLE, EDIT_JSTL_PATH, VIEW_JSTL_PATH, SEARCH_STYLE, LOOKUP_STYLE, TRANSLATED, MINVALUE, MAXVALUE) VALUES ('SALES_CAMPAIGN', 'CAPTION', 'T', 'caption', 'caption', 'F', 'N', 'N', '', '');
INSERT INTO TABLE_FIELD_FACE (TABLENAME, FIELDNAME, EDIT_STYLE, EDIT_JSTL_PATH, VIEW_JSTL_PATH, SEARCH_STYLE, LOOKUP_STYLE, TRANSLATED, MINVALUE, MAXVALUE) VALUES ('SALES_CAMPAIGN', 'DISCOUNT_AMOUNT', 'C', 'discountAmount', 'discountAmount', 'F', 'N', 'N', '', '');
INSERT INTO TABLE_FIELD_FACE (TABLENAME, FIELDNAME, EDIT_STYLE, EDIT_JSTL_PATH, VIEW_JSTL_PATH, SEARCH_STYLE, LOOKUP_STYLE, TRANSLATED, MINVALUE, MAXVALUE) VALUES ('SALES_CAMPAIGN', 'DISCOUNT_PERCENT', 'I2', 'discountPercent', 'discountPercent', 'F', 'N', 'N', '', '');
INSERT INTO TABLE_FIELD_FACE (TABLENAME, FIELDNAME, EDIT_STYLE, EDIT_JSTL_PATH, VIEW_JSTL_PATH, SEARCH_STYLE, LOOKUP_STYLE, TRANSLATED, MINVALUE, MAXVALUE) VALUES ('SALES_CAMPAIGN', 'DISCOUNT_QUANTITY', 'I2', 'discountQuantity', 'discountQuantity', 'F', 'N', 'N', '', '');
INSERT INTO TABLE_FIELD_FACE (TABLENAME, FIELDNAME, EDIT_STYLE, EDIT_JSTL_PATH, VIEW_JSTL_PATH, SEARCH_STYLE, LOOKUP_STYLE, TRANSLATED, MINVALUE, MAXVALUE) VALUES ('SALES_CAMPAIGN', 'DISCOUNT_TYPE', 'DISCOUNT_TYPE', 'discountType', 'discountType', 'L', 'C', 'N', '', '');
INSERT INTO TABLE_FIELD_FACE (TABLENAME, FIELDNAME, EDIT_STYLE, EDIT_JSTL_PATH, VIEW_JSTL_PATH, SEARCH_STYLE, LOOKUP_STYLE, TRANSLATED, MINVALUE, MAXVALUE) VALUES ('SALES_CAMPAIGN', 'ENDDA', 'D', 'endda', 'endda', 'F', 'N', 'N', '', '');
INSERT INTO TABLE_FIELD_FACE (TABLENAME, FIELDNAME, EDIT_STYLE, EDIT_JSTL_PATH, VIEW_JSTL_PATH, SEARCH_STYLE, LOOKUP_STYLE, TRANSLATED, MINVALUE, MAXVALUE) VALUES ('SALES_CAMPAIGN', 'OWNER_ID', 'H', 'ownerId', 'ownerId', 'F', 'N', 'N', '', '');
INSERT INTO TABLE_FIELD_FACE (TABLENAME, FIELDNAME, EDIT_STYLE, EDIT_JSTL_PATH, VIEW_JSTL_PATH, SEARCH_STYLE, LOOKUP_STYLE, TRANSLATED, MINVALUE, MAXVALUE) VALUES ('SALES_CAMPAIGN', 'QUANTITY_THRESHOLD', 'I2', 'quantityThreshold', 'quantityThreshold', 'F', 'N', 'N', '', '');
INSERT INTO TABLE_FIELD_FACE (TABLENAME, FIELDNAME, EDIT_STYLE, EDIT_JSTL_PATH, VIEW_JSTL_PATH, SEARCH_STYLE, LOOKUP_STYLE, TRANSLATED, MINVALUE, MAXVALUE) VALUES ('SALES_CAMPAIGN', 'SALE_THRESHOLD', 'C', 'saleThreshold', 'saleThreshold', 'F', 'N', 'N', '', '');
INSERT INTO TABLE_FIELD_FACE (TABLENAME, FIELDNAME, EDIT_STYLE, EDIT_JSTL_PATH, VIEW_JSTL_PATH, SEARCH_STYLE, LOOKUP_STYLE, TRANSLATED, MINVALUE, MAXVALUE) VALUES ('SALES_CAMPAIGN', 'SALES_CAMPAIGN_ID', 'S', 'id', 'id', 'F', 'N', 'N', '', '');


INSERT INTO TABLE_CONTROLLER_STATIC (TABLENAME, ROOTMAPPING, MODULE, CUSTOMER_SPECIFIC, ORGANIZATION_CHECK, CACHE_IN_HASH, SEARCH_VIEW, LIST_VIEW, EDIT_VIEW, SHOW_VIEW, SELECT_VIEW, ORDERBY, SEQUENCE_NAME) VALUES ('SALES_CAMPAIGN_ITEM', 'salesCampaignItem', 'sales', 'N', 'N', 'N', '', '', '', '', '', '', '');
INSERT INTO TABLE_FIELD_FACE (TABLENAME, FIELDNAME, EDIT_STYLE, EDIT_JSTL_PATH, VIEW_JSTL_PATH, SEARCH_STYLE, LOOKUP_STYLE, TRANSLATED, MINVALUE, MAXVALUE) VALUES ('SALES_CAMPAIGN_ITEM', 'MATERIAL_ID', 'MATERIAL', 'material.id', 'material.caption', 'L', 'C', 'N', '', '');
INSERT INTO TABLE_FIELD_FACE (TABLENAME, FIELDNAME, EDIT_STYLE, EDIT_JSTL_PATH, VIEW_JSTL_PATH, SEARCH_STYLE, LOOKUP_STYLE, TRANSLATED, MINVALUE, MAXVALUE) VALUES ('SALES_CAMPAIGN_ITEM', 'PRICE', 'C', 'price', 'price', 'F', 'N', 'N', '', '');
INSERT INTO TABLE_FIELD_FACE (TABLENAME, FIELDNAME, EDIT_STYLE, EDIT_JSTL_PATH, VIEW_JSTL_PATH, SEARCH_STYLE, LOOKUP_STYLE, TRANSLATED, MINVALUE, MAXVALUE) VALUES ('SALES_CAMPAIGN_ITEM', 'SALES_CAMPAIGN_ID', 'H', 'salesCampaignId', 'salesCampaignId', 'F', 'N', 'N', '', '');


INSERT INTO TABLE_CONTROLLER_STATIC (TABLENAME, ROOTMAPPING, MODULE, CUSTOMER_SPECIFIC, ORGANIZATION_CHECK, CACHE_IN_HASH, SEARCH_VIEW, LIST_VIEW, EDIT_VIEW, SHOW_VIEW, SELECT_VIEW, ORDERBY, SEQUENCE_NAME) VALUES ('SALES_DELIVERY_ADDRESS', 'salesDeliveryAddress', 'sales', 'N', 'N', 'N', '', '', '', '', '', '', '');
INSERT INTO TABLE_FIELD_FACE (TABLENAME, FIELDNAME, EDIT_STYLE, EDIT_JSTL_PATH, VIEW_JSTL_PATH, SEARCH_STYLE, LOOKUP_STYLE, TRANSLATED, MINVALUE, MAXVALUE) VALUES ('SALES_DELIVERY_ADDRESS', 'ADDRESS', 'T', 'address', 'address', 'F', 'N', 'N', '', '');
INSERT INTO TABLE_FIELD_FACE (TABLENAME, FIELDNAME, EDIT_STYLE, EDIT_JSTL_PATH, VIEW_JSTL_PATH, SEARCH_STYLE, LOOKUP_STYLE, TRANSLATED, MINVALUE, MAXVALUE) VALUES ('SALES_DELIVERY_ADDRESS', 'ALTITUDE', 'H', 'altitude', 'altitude', 'F', 'N', 'N', '', '');
INSERT INTO TABLE_FIELD_FACE (TABLENAME, FIELDNAME, EDIT_STYLE, EDIT_JSTL_PATH, VIEW_JSTL_PATH, SEARCH_STYLE, LOOKUP_STYLE, TRANSLATED, MINVALUE, MAXVALUE) VALUES ('SALES_DELIVERY_ADDRESS', 'CITY', 'T', 'city', 'city', 'F', 'N', 'N', '', '');
INSERT INTO TABLE_FIELD_FACE (TABLENAME, FIELDNAME, EDIT_STYLE, EDIT_JSTL_PATH, VIEW_JSTL_PATH, SEARCH_STYLE, LOOKUP_STYLE, TRANSLATED, MINVALUE, MAXVALUE) VALUES ('SALES_DELIVERY_ADDRESS', 'COUNTRY', 'COUNTRY', 'country', 'country', 'L', 'C', 'N', '', '');
INSERT INTO TABLE_FIELD_FACE (TABLENAME, FIELDNAME, EDIT_STYLE, EDIT_JSTL_PATH, VIEW_JSTL_PATH, SEARCH_STYLE, LOOKUP_STYLE, TRANSLATED, MINVALUE, MAXVALUE) VALUES ('SALES_DELIVERY_ADDRESS', 'LATITUDE', 'H', 'latitude', 'latitude', 'F', 'N', 'N', '', '');
INSERT INTO TABLE_FIELD_FACE (TABLENAME, FIELDNAME, EDIT_STYLE, EDIT_JSTL_PATH, VIEW_JSTL_PATH, SEARCH_STYLE, LOOKUP_STYLE, TRANSLATED, MINVALUE, MAXVALUE) VALUES ('SALES_DELIVERY_ADDRESS', 'LONGITUDE', 'M', 'longitude', 'longitude', 'F', 'N', 'N', '', '');
INSERT INTO TABLE_FIELD_FACE (TABLENAME, FIELDNAME, EDIT_STYLE, EDIT_JSTL_PATH, VIEW_JSTL_PATH, SEARCH_STYLE, LOOKUP_STYLE, TRANSLATED, MINVALUE, MAXVALUE) VALUES ('SALES_DELIVERY_ADDRESS', 'SALES_ORDER_ID', 'H', 'id', 'id', 'F', 'N', 'N', '', '');
INSERT INTO TABLE_FIELD_FACE (TABLENAME, FIELDNAME, EDIT_STYLE, EDIT_JSTL_PATH, VIEW_JSTL_PATH, SEARCH_STYLE, LOOKUP_STYLE, TRANSLATED, MINVALUE, MAXVALUE) VALUES ('SALES_DELIVERY_ADDRESS', 'STATE', 'T', 'state', 'state', 'F', 'N', 'N', '', '');


INSERT INTO TABLE_CONTROLLER_STATIC (TABLENAME, ROOTMAPPING, MODULE, CUSTOMER_SPECIFIC, ORGANIZATION_CHECK, CACHE_IN_HASH, SEARCH_VIEW, LIST_VIEW, EDIT_VIEW, SHOW_VIEW, SELECT_VIEW, ORDERBY, SEQUENCE_NAME) VALUES ('SALES_ORDER', 'salesOrder', 'sales', 'Y', 'N', 'N', '', '', '', '', '', '', 'SALES_ORDER_ID_SEQ');
INSERT INTO TABLE_FIELD_FACE (TABLENAME, FIELDNAME, EDIT_STYLE, EDIT_JSTL_PATH, VIEW_JSTL_PATH, SEARCH_STYLE, LOOKUP_STYLE, TRANSLATED, MINVALUE, MAXVALUE) VALUES ('SALES_ORDER', 'ADVANCE_PAYMENT', 'C', 'advancePayment', 'advancePayment', 'F', 'N', 'N', '', '');
INSERT INTO TABLE_FIELD_FACE (TABLENAME, FIELDNAME, EDIT_STYLE, EDIT_JSTL_PATH, VIEW_JSTL_PATH, SEARCH_STYLE, LOOKUP_STYLE, TRANSLATED, MINVALUE, MAXVALUE) VALUES ('SALES_ORDER', 'CUSTOMER_ID', 'CUSTOMER', 'customerId', 'customerId', 'L', 'C', 'N', '', '');
INSERT INTO TABLE_FIELD_FACE (TABLENAME, FIELDNAME, EDIT_STYLE, EDIT_JSTL_PATH, VIEW_JSTL_PATH, SEARCH_STYLE, LOOKUP_STYLE, TRANSLATED, MINVALUE, MAXVALUE) VALUES ('SALES_ORDER', 'DESCRIPTION', 'T', 'description', 'description', 'F', 'N', 'N', '', '');
INSERT INTO TABLE_FIELD_FACE (TABLENAME, FIELDNAME, EDIT_STYLE, EDIT_JSTL_PATH, VIEW_JSTL_PATH, SEARCH_STYLE, LOOKUP_STYLE, TRANSLATED, MINVALUE, MAXVALUE) VALUES ('SALES_ORDER', 'DISCOUNT', 'C', 'discount', 'discount', 'F', 'N', 'N', '', '');
INSERT INTO TABLE_FIELD_FACE (TABLENAME, FIELDNAME, EDIT_STYLE, EDIT_JSTL_PATH, VIEW_JSTL_PATH, SEARCH_STYLE, LOOKUP_STYLE, TRANSLATED, MINVALUE, MAXVALUE) VALUES ('SALES_ORDER', 'DUE_DATE', 'D', 'dueDate', 'dueDate', 'F', 'N', 'N', '', '');
INSERT INTO TABLE_FIELD_FACE (TABLENAME, FIELDNAME, EDIT_STYLE, EDIT_JSTL_PATH, VIEW_JSTL_PATH, SEARCH_STYLE, LOOKUP_STYLE, TRANSLATED, MINVALUE, MAXVALUE) VALUES ('SALES_ORDER', 'ONLINE_ORDER', 'YESNO', 'onlineOrder', 'onlineOrder', 'L', 'R', 'N', '', '');
INSERT INTO TABLE_FIELD_FACE (TABLENAME, FIELDNAME, EDIT_STYLE, EDIT_JSTL_PATH, VIEW_JSTL_PATH, SEARCH_STYLE, LOOKUP_STYLE, TRANSLATED, MINVALUE, MAXVALUE) VALUES ('SALES_ORDER', 'ORDER_DATE', 'DT', 'orderDate', 'orderDate', 'F', 'N', 'N', '', '');
INSERT INTO TABLE_FIELD_FACE (TABLENAME, FIELDNAME, EDIT_STYLE, EDIT_JSTL_PATH, VIEW_JSTL_PATH, SEARCH_STYLE, LOOKUP_STYLE, TRANSLATED, MINVALUE, MAXVALUE) VALUES ('SALES_ORDER', 'OWNER_ID', 'H', 'ownerId', 'ownerId', 'F', 'N', 'N', '', '');
INSERT INTO TABLE_FIELD_FACE (TABLENAME, FIELDNAME, EDIT_STYLE, EDIT_JSTL_PATH, VIEW_JSTL_PATH, SEARCH_STYLE, LOOKUP_STYLE, TRANSLATED, MINVALUE, MAXVALUE) VALUES ('SALES_ORDER', 'SALES_ORDER_ID', 'S', 'id', 'id', 'F', 'N', 'N', '', '');
INSERT INTO TABLE_FIELD_FACE (TABLENAME, FIELDNAME, EDIT_STYLE, EDIT_JSTL_PATH, VIEW_JSTL_PATH, SEARCH_STYLE, LOOKUP_STYLE, TRANSLATED, MINVALUE, MAXVALUE) VALUES ('SALES_ORDER', 'STATUS', 'SALES_ORDER_STATUS', 'status', 'status', 'L', 'C', 'N', '', '');
INSERT INTO TABLE_FIELD_FACE (TABLENAME, FIELDNAME, EDIT_STYLE, EDIT_JSTL_PATH, VIEW_JSTL_PATH, SEARCH_STYLE, LOOKUP_STYLE, TRANSLATED, MINVALUE, MAXVALUE) VALUES ('SALES_ORDER', 'USERNAME', 'T', 'username', 'username', 'F', 'N', 'N', '', '');

INSERT INTO TABLE_ACTION (TABLENAME, ACTION, CAPTION, METHOD, ENABLE, AUTHORITY_CHECK, RECORD_SPECIFIC) VALUES ('SALES_ORDER', 'PRINT', 'PRINT', 'print', 'Y', 'N', 'Y');

INSERT INTO TABLE_CONTROLLER_STATIC (TABLENAME, ROOTMAPPING, MODULE, CUSTOMER_SPECIFIC, ORGANIZATION_CHECK, CACHE_IN_HASH, SEARCH_VIEW, LIST_VIEW, EDIT_VIEW, SHOW_VIEW, SELECT_VIEW, ORDERBY, SEQUENCE_NAME) VALUES ('SALES_ORDER_COMMITMENT', 'salesOrderCommitment', 'sales', 'N', 'N', 'N', '', '', '', '', '', '', '');
INSERT INTO TABLE_FIELD_FACE (TABLENAME, FIELDNAME, EDIT_STYLE, EDIT_JSTL_PATH, VIEW_JSTL_PATH, SEARCH_STYLE, LOOKUP_STYLE, TRANSLATED, MINVALUE, MAXVALUE) VALUES ('SALES_ORDER_COMMITMENT', 'BUSINESS_PARTNER_ID', 'H', 'id.businessPartnerId', 'id.businessPartnerId', 'F', 'N', 'N', '', '');
INSERT INTO TABLE_FIELD_FACE (TABLENAME, FIELDNAME, EDIT_STYLE, EDIT_JSTL_PATH, VIEW_JSTL_PATH, SEARCH_STYLE, LOOKUP_STYLE, TRANSLATED, MINVALUE, MAXVALUE) VALUES ('SALES_ORDER_COMMITMENT', 'INITIAL_PRICE', 'C', 'initialPrice', 'initialPrice', 'F', 'N', 'N', '', '');
INSERT INTO TABLE_FIELD_FACE (TABLENAME, FIELDNAME, EDIT_STYLE, EDIT_JSTL_PATH, VIEW_JSTL_PATH, SEARCH_STYLE, LOOKUP_STYLE, TRANSLATED, MINVALUE, MAXVALUE) VALUES ('SALES_ORDER_COMMITMENT', 'INITIAL_SEQUENCE', 'I4', 'initialSequence', 'initialSequence', 'F', 'N', 'N', '', '');
INSERT INTO TABLE_FIELD_FACE (TABLENAME, FIELDNAME, EDIT_STYLE, EDIT_JSTL_PATH, VIEW_JSTL_PATH, SEARCH_STYLE, LOOKUP_STYLE, TRANSLATED, MINVALUE, MAXVALUE) VALUES ('SALES_ORDER_COMMITMENT', 'LINE', 'SP', 'id.line', 'id.line', 'F', 'N', 'N', '', '');
INSERT INTO TABLE_FIELD_FACE (TABLENAME, FIELDNAME, EDIT_STYLE, EDIT_JSTL_PATH, VIEW_JSTL_PATH, SEARCH_STYLE, LOOKUP_STYLE, TRANSLATED, MINVALUE, MAXVALUE) VALUES ('SALES_ORDER_COMMITMENT', 'MATERIAL_ID', 'H', 'id.materialId', 'id.materialId', 'F', 'N', 'N', '', '');
INSERT INTO TABLE_FIELD_FACE (TABLENAME, FIELDNAME, EDIT_STYLE, EDIT_JSTL_PATH, VIEW_JSTL_PATH, SEARCH_STYLE, LOOKUP_STYLE, TRANSLATED, MINVALUE, MAXVALUE) VALUES ('SALES_ORDER_COMMITMENT', 'ORDER_DEAD_LINE', 'H', 'id.orderDeadLine', 'id.orderDeadLine', 'F', 'N', 'N', '', '');
INSERT INTO TABLE_FIELD_FACE (TABLENAME, FIELDNAME, EDIT_STYLE, EDIT_JSTL_PATH, VIEW_JSTL_PATH, SEARCH_STYLE, LOOKUP_STYLE, TRANSLATED, MINVALUE, MAXVALUE) VALUES ('SALES_ORDER_COMMITMENT', 'ORDER_REFUND', 'C', 'orderRefund', 'orderRefund', 'F', 'N', 'N', '', '');
INSERT INTO TABLE_FIELD_FACE (TABLENAME, FIELDNAME, EDIT_STYLE, EDIT_JSTL_PATH, VIEW_JSTL_PATH, SEARCH_STYLE, LOOKUP_STYLE, TRANSLATED, MINVALUE, MAXVALUE) VALUES ('SALES_ORDER_COMMITMENT', 'REFUND_DECISION', 'REFUND_DECISION', 'refundDecision', 'refundDecision', 'F', 'C', 'N', '', '');
INSERT INTO TABLE_FIELD_FACE (TABLENAME, FIELDNAME, EDIT_STYLE, EDIT_JSTL_PATH, VIEW_JSTL_PATH, SEARCH_STYLE, LOOKUP_STYLE, TRANSLATED, MINVALUE, MAXVALUE) VALUES ('SALES_ORDER_COMMITMENT', 'REFUND_STATUS', 'REFUND_STATUS', 'refundStatus', 'refundStatus', 'F', 'C', 'N', '', '');
INSERT INTO TABLE_FIELD_FACE (TABLENAME, FIELDNAME, EDIT_STYLE, EDIT_JSTL_PATH, VIEW_JSTL_PATH, SEARCH_STYLE, LOOKUP_STYLE, TRANSLATED, MINVALUE, MAXVALUE) VALUES ('SALES_ORDER_COMMITMENT', 'SALES_ORDER_ID', 'I4', 'id.salesOrderId', 'id.salesOrderId', 'F', 'N', 'N', '', '');

INSERT INTO TABLE_ACTION (TABLENAME, ACTION, CAPTION, METHOD, ENABLE, AUTHORITY_CHECK, RECORD_SPECIFIC) VALUES ('SALES_ORDER_COMMITMENT', 'CANCEL', 'CANCEL', 'cancel', 'Y', 'N', 'Y');
INSERT INTO TABLE_ACTION (TABLENAME, ACTION, CAPTION, METHOD, ENABLE, AUTHORITY_CHECK, RECORD_SPECIFIC) VALUES ('SALES_ORDER_COMMITMENT', 'DELIVER', 'DELIVER', 'deliver', 'Y', 'N', 'Y');
INSERT INTO TABLE_ACTION (TABLENAME, ACTION, CAPTION, METHOD, ENABLE, AUTHORITY_CHECK, RECORD_SPECIFIC) VALUES ('SALES_ORDER_COMMITMENT', 'TRANSFER', 'TRANSFER', 'transfer', 'Y', 'N', 'Y');

INSERT INTO TABLE_CONTROLLER_STATIC (TABLENAME, ROOTMAPPING, MODULE, CUSTOMER_SPECIFIC, ORGANIZATION_CHECK, CACHE_IN_HASH, SEARCH_VIEW, LIST_VIEW, EDIT_VIEW, SHOW_VIEW, SELECT_VIEW, ORDERBY, SEQUENCE_NAME) VALUES ('SALES_ORDER_ITEM', 'salesOrderItem', 'sales', 'N', 'N', 'N', '', '', '', '', '', '', '');
INSERT INTO TABLE_FIELD_FACE (TABLENAME, FIELDNAME, EDIT_STYLE, EDIT_JSTL_PATH, VIEW_JSTL_PATH, SEARCH_STYLE, LOOKUP_STYLE, TRANSLATED, MINVALUE, MAXVALUE) VALUES ('SALES_ORDER_ITEM', 'CURRENCY', 'EXCHANGE', 'currency', 'currency', 'L', 'C', 'N', '', '');
INSERT INTO TABLE_FIELD_FACE (TABLENAME, FIELDNAME, EDIT_STYLE, EDIT_JSTL_PATH, VIEW_JSTL_PATH, SEARCH_STYLE, LOOKUP_STYLE, TRANSLATED, MINVALUE, MAXVALUE) VALUES ('SALES_ORDER_ITEM', 'DISCOUNT', 'C', 'discount', 'discount', 'F', 'N', 'N', '', '');
INSERT INTO TABLE_FIELD_FACE (TABLENAME, FIELDNAME, EDIT_STYLE, EDIT_JSTL_PATH, VIEW_JSTL_PATH, SEARCH_STYLE, LOOKUP_STYLE, TRANSLATED, MINVALUE, MAXVALUE) VALUES ('SALES_ORDER_ITEM', 'LINE', 'SP', 'id.line', 'id.line', 'F', 'N', 'N', '', '');
INSERT INTO TABLE_FIELD_FACE (TABLENAME, FIELDNAME, EDIT_STYLE, EDIT_JSTL_PATH, VIEW_JSTL_PATH, SEARCH_STYLE, LOOKUP_STYLE, TRANSLATED, MINVALUE, MAXVALUE) VALUES ('SALES_ORDER_ITEM', 'MATERIAL_ID', 'MATERIAL', 'material.id', 'material.caption', 'L', 'C', 'N', '', '');
INSERT INTO TABLE_FIELD_FACE (TABLENAME, FIELDNAME, EDIT_STYLE, EDIT_JSTL_PATH, VIEW_JSTL_PATH, SEARCH_STYLE, LOOKUP_STYLE, TRANSLATED, MINVALUE, MAXVALUE) VALUES ('SALES_ORDER_ITEM', 'QUANTITY', 'F', 'quantity', 'quantity', 'F', 'N', 'N', '', '');
INSERT INTO TABLE_FIELD_FACE (TABLENAME, FIELDNAME, EDIT_STYLE, EDIT_JSTL_PATH, VIEW_JSTL_PATH, SEARCH_STYLE, LOOKUP_STYLE, TRANSLATED, MINVALUE, MAXVALUE) VALUES ('SALES_ORDER_ITEM', 'SALES_ORDER_ID', 'H', 'id.salesOrderId', 'id.salesOrderId', 'F', 'N', 'N', '', '');
INSERT INTO TABLE_FIELD_FACE (TABLENAME, FIELDNAME, EDIT_STYLE, EDIT_JSTL_PATH, VIEW_JSTL_PATH, SEARCH_STYLE, LOOKUP_STYLE, TRANSLATED, MINVALUE, MAXVALUE) VALUES ('SALES_ORDER_ITEM', 'STATUS', 'SALES_ORDER_ITEM_STATUS', 'status', 'status', 'L', 'C', 'N', '', '');
INSERT INTO TABLE_FIELD_FACE (TABLENAME, FIELDNAME, EDIT_STYLE, EDIT_JSTL_PATH, VIEW_JSTL_PATH, SEARCH_STYLE, LOOKUP_STYLE, TRANSLATED, MINVALUE, MAXVALUE) VALUES ('SALES_ORDER_ITEM', 'UNIT', 'MEASUREMENT_UNIT', 'unit', 'unit', 'L', 'C', 'N', '', '');
INSERT INTO TABLE_FIELD_FACE (TABLENAME, FIELDNAME, EDIT_STYLE, EDIT_JSTL_PATH, VIEW_JSTL_PATH, SEARCH_STYLE, LOOKUP_STYLE, TRANSLATED, MINVALUE, MAXVALUE) VALUES ('SALES_ORDER_ITEM', 'UNIT_PRICE', 'C', 'unitPrice', 'unitPrice', 'F', 'N', 'N', '', '');


INSERT INTO TABLE_CONTROLLER_STATIC (TABLENAME, ROOTMAPPING, MODULE, CUSTOMER_SPECIFIC, ORGANIZATION_CHECK, CACHE_IN_HASH, SEARCH_VIEW, LIST_VIEW, EDIT_VIEW, SHOW_VIEW, SELECT_VIEW, ORDERBY, SEQUENCE_NAME) VALUES ('SALES_ORDER_ITEM_ATTR', 'salesOrderItemAttr', 'sales', 'N', 'N', 'N', '', '', '', '', '', '', '');
INSERT INTO TABLE_FIELD_FACE (TABLENAME, FIELDNAME, EDIT_STYLE, EDIT_JSTL_PATH, VIEW_JSTL_PATH, SEARCH_STYLE, LOOKUP_STYLE, TRANSLATED, MINVALUE, MAXVALUE) VALUES ('SALES_ORDER_ITEM_ATTR', 'LINE', 'H', 'id.line', 'id.line', 'F', 'N', 'N', '', '');
INSERT INTO TABLE_FIELD_FACE (TABLENAME, FIELDNAME, EDIT_STYLE, EDIT_JSTL_PATH, VIEW_JSTL_PATH, SEARCH_STYLE, LOOKUP_STYLE, TRANSLATED, MINVALUE, MAXVALUE) VALUES ('SALES_ORDER_ITEM_ATTR', 'MAG_ID', 'MATERIAL_ATTRIBUTE_GROUP', 'id.magId', 'materialAttributeGroup.caption', 'L', 'C', 'N', '', '');
INSERT INTO TABLE_FIELD_FACE (TABLENAME, FIELDNAME, EDIT_STYLE, EDIT_JSTL_PATH, VIEW_JSTL_PATH, SEARCH_STYLE, LOOKUP_STYLE, TRANSLATED, MINVALUE, MAXVALUE) VALUES ('SALES_ORDER_ITEM_ATTR', 'SALES_ORDER_ID', 'H', 'id.salesOrderId', 'id.salesOrderId', 'F', 'N', 'N', '', '');
INSERT INTO TABLE_FIELD_FACE (TABLENAME, FIELDNAME, EDIT_STYLE, EDIT_JSTL_PATH, VIEW_JSTL_PATH, SEARCH_STYLE, LOOKUP_STYLE, TRANSLATED, MINVALUE, MAXVALUE) VALUES ('SALES_ORDER_ITEM_ATTR', 'VALUE', 'T', 'value', 'value', 'F', 'N', 'N', '', '');


INSERT INTO TABLE_CONTROLLER_STATIC (TABLENAME, ROOTMAPPING, MODULE, CUSTOMER_SPECIFIC, ORGANIZATION_CHECK, CACHE_IN_HASH, SEARCH_VIEW, LIST_VIEW, EDIT_VIEW, SHOW_VIEW, SELECT_VIEW, ORDERBY, SEQUENCE_NAME) VALUES ('SALES_ORDER_TAX', 'salesOrderTax', 'sales', 'N', 'N', 'N', '', '', '', '', '', '', '');
INSERT INTO TABLE_FIELD_FACE (TABLENAME, FIELDNAME, EDIT_STYLE, EDIT_JSTL_PATH, VIEW_JSTL_PATH, SEARCH_STYLE, LOOKUP_STYLE, TRANSLATED, MINVALUE, MAXVALUE) VALUES ('SALES_ORDER_TAX', 'AMOUNT', 'C', 'amount', 'amount', 'F', 'N', 'N', '', '');
INSERT INTO TABLE_FIELD_FACE (TABLENAME, FIELDNAME, EDIT_STYLE, EDIT_JSTL_PATH, VIEW_JSTL_PATH, SEARCH_STYLE, LOOKUP_STYLE, TRANSLATED, MINVALUE, MAXVALUE) VALUES ('SALES_ORDER_TAX', 'LINE', 'H', 'id.line', 'id.line', 'F', 'N', 'N', '', '');
INSERT INTO TABLE_FIELD_FACE (TABLENAME, FIELDNAME, EDIT_STYLE, EDIT_JSTL_PATH, VIEW_JSTL_PATH, SEARCH_STYLE, LOOKUP_STYLE, TRANSLATED, MINVALUE, MAXVALUE) VALUES ('SALES_ORDER_TAX', 'SALES_ORDER_ID', 'H', 'id.salesOrderId', 'id.salesOrderId', 'F', 'N', 'N', '', '');
INSERT INTO TABLE_FIELD_FACE (TABLENAME, FIELDNAME, EDIT_STYLE, EDIT_JSTL_PATH, VIEW_JSTL_PATH, SEARCH_STYLE, LOOKUP_STYLE, TRANSLATED, MINVALUE, MAXVALUE) VALUES ('SALES_ORDER_TAX', 'TAX_ID', 'TAX_TYPE', 'id.taxId', 'id.taxId', 'L', 'C', 'N', '', '');


INSERT INTO TABLE_CONTROLLER_STATIC (TABLENAME, ROOTMAPPING, MODULE, CUSTOMER_SPECIFIC, ORGANIZATION_CHECK, CACHE_IN_HASH, SEARCH_VIEW, LIST_VIEW, EDIT_VIEW, SHOW_VIEW, SELECT_VIEW, ORDERBY, SEQUENCE_NAME) VALUES ('APPLICATION_CONFIG', 'applicationConfig', 'settings', 'N', 'N', 'N', '', '', '', '', '', '', '');
INSERT INTO TABLE_FIELD_FACE (TABLENAME, FIELDNAME, EDIT_STYLE, EDIT_JSTL_PATH, VIEW_JSTL_PATH, SEARCH_STYLE, LOOKUP_STYLE, TRANSLATED, MINVALUE, MAXVALUE) VALUES ('APPLICATION_CONFIG', 'APPLICATION_TITLE', 'T', 'applicationTitle', 'applicationTitle', 'F', 'N', 'N', '', '');
INSERT INTO TABLE_FIELD_FACE (TABLENAME, FIELDNAME, EDIT_STYLE, EDIT_JSTL_PATH, VIEW_JSTL_PATH, SEARCH_STYLE, LOOKUP_STYLE, TRANSLATED, MINVALUE, MAXVALUE) VALUES ('APPLICATION_CONFIG', 'DOMAIN', 'T', 'domain', 'domain', 'F', 'N', 'N', '', '');
INSERT INTO TABLE_FIELD_FACE (TABLENAME, FIELDNAME, EDIT_STYLE, EDIT_JSTL_PATH, VIEW_JSTL_PATH, SEARCH_STYLE, LOOKUP_STYLE, TRANSLATED, MINVALUE, MAXVALUE) VALUES ('APPLICATION_CONFIG', 'HOMEPAGE', 'T', 'homepage', 'homepage', 'F', 'N', 'N', '', '');
INSERT INTO TABLE_FIELD_FACE (TABLENAME, FIELDNAME, EDIT_STYLE, EDIT_JSTL_PATH, VIEW_JSTL_PATH, SEARCH_STYLE, LOOKUP_STYLE, TRANSLATED, MINVALUE, MAXVALUE) VALUES ('APPLICATION_CONFIG', 'INITIAL_CONTENT', 'T', 'initialContent', 'initialContent', 'F', 'N', 'N', '', '');
INSERT INTO TABLE_FIELD_FACE (TABLENAME, FIELDNAME, EDIT_STYLE, EDIT_JSTL_PATH, VIEW_JSTL_PATH, SEARCH_STYLE, LOOKUP_STYLE, TRANSLATED, MINVALUE, MAXVALUE) VALUES ('APPLICATION_CONFIG', 'INITIAL_SKIN', 'T', 'initialSkin', 'initialSkin', 'F', 'N', 'N', '', '');
INSERT INTO TABLE_FIELD_FACE (TABLENAME, FIELDNAME, EDIT_STYLE, EDIT_JSTL_PATH, VIEW_JSTL_PATH, SEARCH_STYLE, LOOKUP_STYLE, TRANSLATED, MINVALUE, MAXVALUE) VALUES ('APPLICATION_CONFIG', 'OWNER_ID', 'I4', 'ownerId', 'ownerId', 'F', 'N', 'N', '', '');


INSERT INTO TABLE_CONTROLLER_STATIC (TABLENAME, ROOTMAPPING, MODULE, CUSTOMER_SPECIFIC, ORGANIZATION_CHECK, CACHE_IN_HASH, SEARCH_VIEW, LIST_VIEW, EDIT_VIEW, SHOW_VIEW, SELECT_VIEW, ORDERBY, SEQUENCE_NAME) VALUES ('AUTHORITY_GROUP', 'authorityGroup', 'settings', 'N', 'N', 'N', '', '', '', '', '', '', '');
INSERT INTO TABLE_FIELD_FACE (TABLENAME, FIELDNAME, EDIT_STYLE, EDIT_JSTL_PATH, VIEW_JSTL_PATH, SEARCH_STYLE, LOOKUP_STYLE, TRANSLATED, MINVALUE, MAXVALUE) VALUES ('AUTHORITY_GROUP', 'AUTHORITY_GROUP', 'T', 'id', 'id', 'F', 'N', 'N', '', '');
INSERT INTO TABLE_FIELD_FACE (TABLENAME, FIELDNAME, EDIT_STYLE, EDIT_JSTL_PATH, VIEW_JSTL_PATH, SEARCH_STYLE, LOOKUP_STYLE, TRANSLATED, MINVALUE, MAXVALUE) VALUES ('AUTHORITY_GROUP', 'CAPTION', 'T', 'caption', 'caption', 'F', 'N', 'N', '', '');


INSERT INTO TABLE_CONTROLLER_STATIC (TABLENAME, ROOTMAPPING, MODULE, CUSTOMER_SPECIFIC, ORGANIZATION_CHECK, CACHE_IN_HASH, SEARCH_VIEW, LIST_VIEW, EDIT_VIEW, SHOW_VIEW, SELECT_VIEW, ORDERBY, SEQUENCE_NAME) VALUES ('AUTHORITY_OBJECT', 'authorityObject', 'settings', 'N', 'N', 'N', '', '', '', '', '', '', '');
INSERT INTO TABLE_FIELD_FACE (TABLENAME, FIELDNAME, EDIT_STYLE, EDIT_JSTL_PATH, VIEW_JSTL_PATH, SEARCH_STYLE, LOOKUP_STYLE, TRANSLATED, MINVALUE, MAXVALUE) VALUES ('AUTHORITY_OBJECT', 'OBJECT_TYPE', 'T', 'id', 'id', 'F', 'N', 'N', '', '');


INSERT INTO TABLE_CONTROLLER_STATIC (TABLENAME, ROOTMAPPING, MODULE, CUSTOMER_SPECIFIC, ORGANIZATION_CHECK, CACHE_IN_HASH, SEARCH_VIEW, LIST_VIEW, EDIT_VIEW, SHOW_VIEW, SELECT_VIEW, ORDERBY, SEQUENCE_NAME) VALUES ('AUTHORITY_OBJECT_ACTION', 'authorityObjectAction', 'settings', 'N', 'N', 'N', '', '', '', '', '', '', '');
INSERT INTO TABLE_FIELD_FACE (TABLENAME, FIELDNAME, EDIT_STYLE, EDIT_JSTL_PATH, VIEW_JSTL_PATH, SEARCH_STYLE, LOOKUP_STYLE, TRANSLATED, MINVALUE, MAXVALUE) VALUES ('AUTHORITY_OBJECT_ACTION', 'ACTION', 'T', 'id.action', 'id.action', 'F', 'N', 'N', '', '');
INSERT INTO TABLE_FIELD_FACE (TABLENAME, FIELDNAME, EDIT_STYLE, EDIT_JSTL_PATH, VIEW_JSTL_PATH, SEARCH_STYLE, LOOKUP_STYLE, TRANSLATED, MINVALUE, MAXVALUE) VALUES ('AUTHORITY_OBJECT_ACTION', 'OBJECT_TYPE', 'T', 'id.objectType', 'id.objectType', 'F', 'N', 'N', '', '');


INSERT INTO TABLE_CONTROLLER_STATIC (TABLENAME, ROOTMAPPING, MODULE, CUSTOMER_SPECIFIC, ORGANIZATION_CHECK, CACHE_IN_HASH, SEARCH_VIEW, LIST_VIEW, EDIT_VIEW, SHOW_VIEW, SELECT_VIEW, ORDERBY, SEQUENCE_NAME) VALUES ('CAPTION_TRANSLATION', 'captionTranslation', 'settings', 'N', 'N', 'N', '', '', '', '', '', '', '');
INSERT INTO TABLE_FIELD_FACE (TABLENAME, FIELDNAME, EDIT_STYLE, EDIT_JSTL_PATH, VIEW_JSTL_PATH, SEARCH_STYLE, LOOKUP_STYLE, TRANSLATED, MINVALUE, MAXVALUE) VALUES ('CAPTION_TRANSLATION', 'CAPTION', 'T', 'id.caption', 'id.caption', 'F', 'N', 'N', '', '');
INSERT INTO TABLE_FIELD_FACE (TABLENAME, FIELDNAME, EDIT_STYLE, EDIT_JSTL_PATH, VIEW_JSTL_PATH, SEARCH_STYLE, LOOKUP_STYLE, TRANSLATED, MINVALUE, MAXVALUE) VALUES ('CAPTION_TRANSLATION', 'LABELLOWER', 'T', 'labellower', 'labellower', 'F', 'N', 'N', '', '');
INSERT INTO TABLE_FIELD_FACE (TABLENAME, FIELDNAME, EDIT_STYLE, EDIT_JSTL_PATH, VIEW_JSTL_PATH, SEARCH_STYLE, LOOKUP_STYLE, TRANSLATED, MINVALUE, MAXVALUE) VALUES ('CAPTION_TRANSLATION', 'LABELUPPER', 'T', 'labelupper', 'labelupper', 'F', 'N', 'N', '', '');
INSERT INTO TABLE_FIELD_FACE (TABLENAME, FIELDNAME, EDIT_STYLE, EDIT_JSTL_PATH, VIEW_JSTL_PATH, SEARCH_STYLE, LOOKUP_STYLE, TRANSLATED, MINVALUE, MAXVALUE) VALUES ('CAPTION_TRANSLATION', 'LANGCODE', 'H', 'id.langcode', 'id.langcode', 'F', 'N', 'N', '', '');


INSERT INTO TABLE_CONTROLLER_STATIC (TABLENAME, ROOTMAPPING, MODULE, CUSTOMER_SPECIFIC, ORGANIZATION_CHECK, CACHE_IN_HASH, SEARCH_VIEW, LIST_VIEW, EDIT_VIEW, SHOW_VIEW, SELECT_VIEW, ORDERBY, SEQUENCE_NAME) VALUES ('CITY', 'city', 'settings', 'N', 'N', 'N', '', '', '', '', '', '', '');
INSERT INTO TABLE_FIELD_FACE (TABLENAME, FIELDNAME, EDIT_STYLE, EDIT_JSTL_PATH, VIEW_JSTL_PATH, SEARCH_STYLE, LOOKUP_STYLE, TRANSLATED, MINVALUE, MAXVALUE) VALUES ('CITY', 'CAPTION', 'T', 'caption', 'caption', 'F', 'N', 'N', '', '');
INSERT INTO TABLE_FIELD_FACE (TABLENAME, FIELDNAME, EDIT_STYLE, EDIT_JSTL_PATH, VIEW_JSTL_PATH, SEARCH_STYLE, LOOKUP_STYLE, TRANSLATED, MINVALUE, MAXVALUE) VALUES ('CITY', 'CITY_CODE', 'T', 'id.cityCode', 'id.cityCode', 'F', 'N', 'N', '', '');
INSERT INTO TABLE_FIELD_FACE (TABLENAME, FIELDNAME, EDIT_STYLE, EDIT_JSTL_PATH, VIEW_JSTL_PATH, SEARCH_STYLE, LOOKUP_STYLE, TRANSLATED, MINVALUE, MAXVALUE) VALUES ('CITY', 'COUNTRY_CODE', 'H', 'id.countryCode', 'country.caption', 'F', 'N', 'N', '', '');


INSERT INTO TABLE_CONTROLLER_STATIC (TABLENAME, ROOTMAPPING, MODULE, CUSTOMER_SPECIFIC, ORGANIZATION_CHECK, CACHE_IN_HASH, SEARCH_VIEW, LIST_VIEW, EDIT_VIEW, SHOW_VIEW, SELECT_VIEW, ORDERBY, SEQUENCE_NAME) VALUES ('CONTENT_DATA', 'contentData', 'settings', 'N', 'N', 'N', '', '', '', '', '', '', 'CONTENT_DATA_ID_SEQ');
INSERT INTO TABLE_FIELD_FACE (TABLENAME, FIELDNAME, EDIT_STYLE, EDIT_JSTL_PATH, VIEW_JSTL_PATH, SEARCH_STYLE, LOOKUP_STYLE, TRANSLATED, MINVALUE, MAXVALUE) VALUES ('CONTENT_DATA', 'BINDATA', 'G', 'bindata', 'bindata', 'F', 'N', 'N', '', '');
INSERT INTO TABLE_FIELD_FACE (TABLENAME, FIELDNAME, EDIT_STYLE, EDIT_JSTL_PATH, VIEW_JSTL_PATH, SEARCH_STYLE, LOOKUP_STYLE, TRANSLATED, MINVALUE, MAXVALUE) VALUES ('CONTENT_DATA', 'CONTENT_ID', 'S', 'id', 'id', 'F', 'N', 'N', '', '');
INSERT INTO TABLE_FIELD_FACE (TABLENAME, FIELDNAME, EDIT_STYLE, EDIT_JSTL_PATH, VIEW_JSTL_PATH, SEARCH_STYLE, LOOKUP_STYLE, TRANSLATED, MINVALUE, MAXVALUE) VALUES ('CONTENT_DATA', 'CREATE_TIME', 'R', 'createTime', 'createTime', 'F', 'N', 'N', '', '');
INSERT INTO TABLE_FIELD_FACE (TABLENAME, FIELDNAME, EDIT_STYLE, EDIT_JSTL_PATH, VIEW_JSTL_PATH, SEARCH_STYLE, LOOKUP_STYLE, TRANSLATED, MINVALUE, MAXVALUE) VALUES ('CONTENT_DATA', 'MIMETYPE', 'T', 'mimetype', 'mimetype', 'F', 'N', 'N', '', '');
INSERT INTO TABLE_FIELD_FACE (TABLENAME, FIELDNAME, EDIT_STYLE, EDIT_JSTL_PATH, VIEW_JSTL_PATH, SEARCH_STYLE, LOOKUP_STYLE, TRANSLATED, MINVALUE, MAXVALUE) VALUES ('CONTENT_DATA', 'ORIGIN_IP', 'R', 'originIp', 'originIp', 'F', 'N', 'N', '', '');
INSERT INTO TABLE_FIELD_FACE (TABLENAME, FIELDNAME, EDIT_STYLE, EDIT_JSTL_PATH, VIEW_JSTL_PATH, SEARCH_STYLE, LOOKUP_STYLE, TRANSLATED, MINVALUE, MAXVALUE) VALUES ('CONTENT_DATA', 'ORIGINAL_FILE', 'R', 'originalFile', 'originalFile', 'F', 'N', 'N', '', '');
INSERT INTO TABLE_FIELD_FACE (TABLENAME, FIELDNAME, EDIT_STYLE, EDIT_JSTL_PATH, VIEW_JSTL_PATH, SEARCH_STYLE, LOOKUP_STYLE, TRANSLATED, MINVALUE, MAXVALUE) VALUES ('CONTENT_DATA', 'OWNER_ID', 'H', 'ownerId', 'ownerId', 'F', 'N', 'N', '', '');
INSERT INTO TABLE_FIELD_FACE (TABLENAME, FIELDNAME, EDIT_STYLE, EDIT_JSTL_PATH, VIEW_JSTL_PATH, SEARCH_STYLE, LOOKUP_STYLE, TRANSLATED, MINVALUE, MAXVALUE) VALUES ('CONTENT_DATA', 'THUMB', 'G', 'thumb', 'thumb', 'F', 'N', 'N', '', '');
INSERT INTO TABLE_FIELD_FACE (TABLENAME, FIELDNAME, EDIT_STYLE, EDIT_JSTL_PATH, VIEW_JSTL_PATH, SEARCH_STYLE, LOOKUP_STYLE, TRANSLATED, MINVALUE, MAXVALUE) VALUES ('CONTENT_DATA', 'USERNAME', 'R', 'username', 'username', 'F', 'N', 'N', '', '');


INSERT INTO TABLE_CONTROLLER_STATIC (TABLENAME, ROOTMAPPING, MODULE, CUSTOMER_SPECIFIC, ORGANIZATION_CHECK, CACHE_IN_HASH, SEARCH_VIEW, LIST_VIEW, EDIT_VIEW, SHOW_VIEW, SELECT_VIEW, ORDERBY, SEQUENCE_NAME) VALUES ('CONTENT_RELATION', 'contentRelation', 'settings', 'N', 'N', 'N', '', '', '', '', '', '', '');
INSERT INTO TABLE_FIELD_FACE (TABLENAME, FIELDNAME, EDIT_STYLE, EDIT_JSTL_PATH, VIEW_JSTL_PATH, SEARCH_STYLE, LOOKUP_STYLE, TRANSLATED, MINVALUE, MAXVALUE) VALUES ('CONTENT_RELATION', 'CAPTION', 'T', 'caption', 'caption', 'F', 'N', 'N', '', '');
INSERT INTO TABLE_FIELD_FACE (TABLENAME, FIELDNAME, EDIT_STYLE, EDIT_JSTL_PATH, VIEW_JSTL_PATH, SEARCH_STYLE, LOOKUP_STYLE, TRANSLATED, MINVALUE, MAXVALUE) VALUES ('CONTENT_RELATION', 'CONTENT_ID', 'H', 'id.contentId', 'id.contentId', 'F', 'N', 'N', '', '');
INSERT INTO TABLE_FIELD_FACE (TABLENAME, FIELDNAME, EDIT_STYLE, EDIT_JSTL_PATH, VIEW_JSTL_PATH, SEARCH_STYLE, LOOKUP_STYLE, TRANSLATED, MINVALUE, MAXVALUE) VALUES ('CONTENT_RELATION', 'CREATE_TIME', 'R', 'createTime', 'createTime', 'F', 'N', 'N', '', '');
INSERT INTO TABLE_FIELD_FACE (TABLENAME, FIELDNAME, EDIT_STYLE, EDIT_JSTL_PATH, VIEW_JSTL_PATH, SEARCH_STYLE, LOOKUP_STYLE, TRANSLATED, MINVALUE, MAXVALUE) VALUES ('CONTENT_RELATION', 'OBJECT_ID', 'I4', 'id.objectId', 'id.objectId', 'F', 'N', 'N', '', '');
INSERT INTO TABLE_FIELD_FACE (TABLENAME, FIELDNAME, EDIT_STYLE, EDIT_JSTL_PATH, VIEW_JSTL_PATH, SEARCH_STYLE, LOOKUP_STYLE, TRANSLATED, MINVALUE, MAXVALUE) VALUES ('CONTENT_RELATION', 'OBJECT_TYPE', 'CONTENT_RELATION_OBJECT_TYPE', 'id.objectType', 'id.objectType', 'L', 'C', 'N', '', '');
INSERT INTO TABLE_FIELD_FACE (TABLENAME, FIELDNAME, EDIT_STYLE, EDIT_JSTL_PATH, VIEW_JSTL_PATH, SEARCH_STYLE, LOOKUP_STYLE, TRANSLATED, MINVALUE, MAXVALUE) VALUES ('CONTENT_RELATION', 'OWNER_ID', 'H', 'ownerId', 'ownerId', 'F', 'N', 'N', '', '');
INSERT INTO TABLE_FIELD_FACE (TABLENAME, FIELDNAME, EDIT_STYLE, EDIT_JSTL_PATH, VIEW_JSTL_PATH, SEARCH_STYLE, LOOKUP_STYLE, TRANSLATED, MINVALUE, MAXVALUE) VALUES ('CONTENT_RELATION', 'PRIORITY', 'I2', 'priority', 'priority', 'F', 'N', 'N', '', '');
INSERT INTO TABLE_FIELD_FACE (TABLENAME, FIELDNAME, EDIT_STYLE, EDIT_JSTL_PATH, VIEW_JSTL_PATH, SEARCH_STYLE, LOOKUP_STYLE, TRANSLATED, MINVALUE, MAXVALUE) VALUES ('CONTENT_RELATION', 'PURPOSE', 'CONTENT_RELATION_PURPOSE', 'purpose', 'purpose', 'L', 'C', 'N', '', '');
INSERT INTO TABLE_FIELD_FACE (TABLENAME, FIELDNAME, EDIT_STYLE, EDIT_JSTL_PATH, VIEW_JSTL_PATH, SEARCH_STYLE, LOOKUP_STYLE, TRANSLATED, MINVALUE, MAXVALUE) VALUES ('CONTENT_RELATION', 'USERNAME', 'R', 'username', 'username', 'F', 'N', 'N', '', '');


INSERT INTO TABLE_CONTROLLER_STATIC (TABLENAME, ROOTMAPPING, MODULE, CUSTOMER_SPECIFIC, ORGANIZATION_CHECK, CACHE_IN_HASH, SEARCH_VIEW, LIST_VIEW, EDIT_VIEW, SHOW_VIEW, SELECT_VIEW, ORDERBY, SEQUENCE_NAME) VALUES ('COUNTRY', 'country', 'settings', 'N', 'N', 'N', '', '', '', '', '', '', '');
INSERT INTO TABLE_FIELD_FACE (TABLENAME, FIELDNAME, EDIT_STYLE, EDIT_JSTL_PATH, VIEW_JSTL_PATH, SEARCH_STYLE, LOOKUP_STYLE, TRANSLATED, MINVALUE, MAXVALUE) VALUES ('COUNTRY', 'CAPTION', 'T', 'caption', 'caption', 'F', 'N', 'N', '', '');
INSERT INTO TABLE_FIELD_FACE (TABLENAME, FIELDNAME, EDIT_STYLE, EDIT_JSTL_PATH, VIEW_JSTL_PATH, SEARCH_STYLE, LOOKUP_STYLE, TRANSLATED, MINVALUE, MAXVALUE) VALUES ('COUNTRY', 'CODE', 'T', 'id', 'id', 'F', 'N', 'N', '', '');


INSERT INTO TABLE_CONTROLLER_STATIC (TABLENAME, ROOTMAPPING, MODULE, CUSTOMER_SPECIFIC, ORGANIZATION_CHECK, CACHE_IN_HASH, SEARCH_VIEW, LIST_VIEW, EDIT_VIEW, SHOW_VIEW, SELECT_VIEW, ORDERBY, SEQUENCE_NAME) VALUES ('DOMAIN_NAME', 'domainName', 'settings', 'N', 'N', 'N', '', '', '', '', '', '', '');
INSERT INTO TABLE_FIELD_FACE (TABLENAME, FIELDNAME, EDIT_STYLE, EDIT_JSTL_PATH, VIEW_JSTL_PATH, SEARCH_STYLE, LOOKUP_STYLE, TRANSLATED, MINVALUE, MAXVALUE) VALUES ('DOMAIN_NAME', 'CAPTION', 'T', 'caption', 'caption', 'F', 'N', 'N', '', '');
INSERT INTO TABLE_FIELD_FACE (TABLENAME, FIELDNAME, EDIT_STYLE, EDIT_JSTL_PATH, VIEW_JSTL_PATH, SEARCH_STYLE, LOOKUP_STYLE, TRANSLATED, MINVALUE, MAXVALUE) VALUES ('DOMAIN_NAME', 'DOMAIN', 'T', 'id', 'id', 'F', 'N', 'N', '', '');
INSERT INTO TABLE_FIELD_FACE (TABLENAME, FIELDNAME, EDIT_STYLE, EDIT_JSTL_PATH, VIEW_JSTL_PATH, SEARCH_STYLE, LOOKUP_STYLE, TRANSLATED, MINVALUE, MAXVALUE) VALUES ('DOMAIN_NAME', 'KEYSIZE', 'T', 'keysize', 'keysize', 'F', 'N', 'N', '', '');
INSERT INTO TABLE_FIELD_FACE (TABLENAME, FIELDNAME, EDIT_STYLE, EDIT_JSTL_PATH, VIEW_JSTL_PATH, SEARCH_STYLE, LOOKUP_STYLE, TRANSLATED, MINVALUE, MAXVALUE) VALUES ('DOMAIN_NAME', 'SORT_BY', 'T', 'sortBy', 'sortBy', 'F', 'N', 'N', '', '');

INSERT INTO TABLE_ACTION (TABLENAME, ACTION, CAPTION, METHOD, ENABLE, AUTHORITY_CHECK, RECORD_SPECIFIC) VALUES ('DOMAIN_NAME', 'RELOAD_VALUES', 'RELOAD_VALUES', 'reloadValues', 'Y', 'Y', 'Y');

INSERT INTO TABLE_CONTROLLER_STATIC (TABLENAME, ROOTMAPPING, MODULE, CUSTOMER_SPECIFIC, ORGANIZATION_CHECK, CACHE_IN_HASH, SEARCH_VIEW, LIST_VIEW, EDIT_VIEW, SHOW_VIEW, SELECT_VIEW, ORDERBY, SEQUENCE_NAME) VALUES ('DOMAIN_VALUE', 'domainValue', 'settings', 'N', 'N', 'N', '', '', '', '', '', '', '');
INSERT INTO TABLE_FIELD_FACE (TABLENAME, FIELDNAME, EDIT_STYLE, EDIT_JSTL_PATH, VIEW_JSTL_PATH, SEARCH_STYLE, LOOKUP_STYLE, TRANSLATED, MINVALUE, MAXVALUE) VALUES ('DOMAIN_VALUE', 'CAPTION', 'T', 'caption', 'caption', 'F', 'N', 'N', '', '');
INSERT INTO TABLE_FIELD_FACE (TABLENAME, FIELDNAME, EDIT_STYLE, EDIT_JSTL_PATH, VIEW_JSTL_PATH, SEARCH_STYLE, LOOKUP_STYLE, TRANSLATED, MINVALUE, MAXVALUE) VALUES ('DOMAIN_VALUE', 'DOMAIN', 'H', 'id.domain', 'id.domain', 'F', 'N', 'N', '', '');
INSERT INTO TABLE_FIELD_FACE (TABLENAME, FIELDNAME, EDIT_STYLE, EDIT_JSTL_PATH, VIEW_JSTL_PATH, SEARCH_STYLE, LOOKUP_STYLE, TRANSLATED, MINVALUE, MAXVALUE) VALUES ('DOMAIN_VALUE', 'REFVALUE', 'T', 'id.refvalue', 'id.refvalue', 'F', 'N', 'N', '', '');


INSERT INTO TABLE_CONTROLLER_STATIC (TABLENAME, ROOTMAPPING, MODULE, CUSTOMER_SPECIFIC, ORGANIZATION_CHECK, CACHE_IN_HASH, SEARCH_VIEW, LIST_VIEW, EDIT_VIEW, SHOW_VIEW, SELECT_VIEW, ORDERBY, SEQUENCE_NAME) VALUES ('GEO_CITY', 'geoCity', 'settings', 'N', 'N', 'N', '', '', '', '', '', '', '');
INSERT INTO TABLE_FIELD_FACE (TABLENAME, FIELDNAME, EDIT_STYLE, EDIT_JSTL_PATH, VIEW_JSTL_PATH, SEARCH_STYLE, LOOKUP_STYLE, TRANSLATED, MINVALUE, MAXVALUE) VALUES ('GEO_CITY', 'ALTITUDE', 'F', 'altitude', 'altitude', 'F', 'N', 'N', '', '');
INSERT INTO TABLE_FIELD_FACE (TABLENAME, FIELDNAME, EDIT_STYLE, EDIT_JSTL_PATH, VIEW_JSTL_PATH, SEARCH_STYLE, LOOKUP_STYLE, TRANSLATED, MINVALUE, MAXVALUE) VALUES ('GEO_CITY', 'CAPTION', 'T', 'caption', 'caption', 'F', 'N', 'N', '', '');
INSERT INTO TABLE_FIELD_FACE (TABLENAME, FIELDNAME, EDIT_STYLE, EDIT_JSTL_PATH, VIEW_JSTL_PATH, SEARCH_STYLE, LOOKUP_STYLE, TRANSLATED, MINVALUE, MAXVALUE) VALUES ('GEO_CITY', 'CITY', 'T', 'id.city', 'id.city', 'F', 'N', 'N', '', '');
INSERT INTO TABLE_FIELD_FACE (TABLENAME, FIELDNAME, EDIT_STYLE, EDIT_JSTL_PATH, VIEW_JSTL_PATH, SEARCH_STYLE, LOOKUP_STYLE, TRANSLATED, MINVALUE, MAXVALUE) VALUES ('GEO_CITY', 'COUNTRY', 'H', 'id.country', 'id.country', 'F', 'N', 'N', '', '');
INSERT INTO TABLE_FIELD_FACE (TABLENAME, FIELDNAME, EDIT_STYLE, EDIT_JSTL_PATH, VIEW_JSTL_PATH, SEARCH_STYLE, LOOKUP_STYLE, TRANSLATED, MINVALUE, MAXVALUE) VALUES ('GEO_CITY', 'LATITUDE', 'F', 'latitude', 'latitude', 'F', 'N', 'N', '', '');
INSERT INTO TABLE_FIELD_FACE (TABLENAME, FIELDNAME, EDIT_STYLE, EDIT_JSTL_PATH, VIEW_JSTL_PATH, SEARCH_STYLE, LOOKUP_STYLE, TRANSLATED, MINVALUE, MAXVALUE) VALUES ('GEO_CITY', 'LONGITUDE', 'F', 'longitude', 'longitude', 'F', 'N', 'N', '', '');
INSERT INTO TABLE_FIELD_FACE (TABLENAME, FIELDNAME, EDIT_STYLE, EDIT_JSTL_PATH, VIEW_JSTL_PATH, SEARCH_STYLE, LOOKUP_STYLE, TRANSLATED, MINVALUE, MAXVALUE) VALUES ('GEO_CITY', 'POLYGON', 'T', 'polygon', 'polygon', 'F', 'N', 'N', '', '');


INSERT INTO TABLE_CONTROLLER_STATIC (TABLENAME, ROOTMAPPING, MODULE, CUSTOMER_SPECIFIC, ORGANIZATION_CHECK, CACHE_IN_HASH, SEARCH_VIEW, LIST_VIEW, EDIT_VIEW, SHOW_VIEW, SELECT_VIEW, ORDERBY, SEQUENCE_NAME) VALUES ('LANGUAGE', 'language', 'settings', 'N', 'N', 'N', '', '', '', '', '', '', '');
INSERT INTO TABLE_FIELD_FACE (TABLENAME, FIELDNAME, EDIT_STYLE, EDIT_JSTL_PATH, VIEW_JSTL_PATH, SEARCH_STYLE, LOOKUP_STYLE, TRANSLATED, MINVALUE, MAXVALUE) VALUES ('LANGUAGE', 'CAPTION', 'T', 'caption', 'caption', 'F', 'N', 'N', '', '');
INSERT INTO TABLE_FIELD_FACE (TABLENAME, FIELDNAME, EDIT_STYLE, EDIT_JSTL_PATH, VIEW_JSTL_PATH, SEARCH_STYLE, LOOKUP_STYLE, TRANSLATED, MINVALUE, MAXVALUE) VALUES ('LANGUAGE', 'DIRECTION', 'T', 'direction', 'direction', 'F', 'N', 'N', '', '');
INSERT INTO TABLE_FIELD_FACE (TABLENAME, FIELDNAME, EDIT_STYLE, EDIT_JSTL_PATH, VIEW_JSTL_PATH, SEARCH_STYLE, LOOKUP_STYLE, TRANSLATED, MINVALUE, MAXVALUE) VALUES ('LANGUAGE', 'FLAG', 'T', 'flag', 'flag', 'F', 'N', 'N', '', '');
INSERT INTO TABLE_FIELD_FACE (TABLENAME, FIELDNAME, EDIT_STYLE, EDIT_JSTL_PATH, VIEW_JSTL_PATH, SEARCH_STYLE, LOOKUP_STYLE, TRANSLATED, MINVALUE, MAXVALUE) VALUES ('LANGUAGE', 'LANGCODE', 'T', 'id', 'id', 'F', 'N', 'N', '', '');
INSERT INTO TABLE_FIELD_FACE (TABLENAME, FIELDNAME, EDIT_STYLE, EDIT_JSTL_PATH, VIEW_JSTL_PATH, SEARCH_STYLE, LOOKUP_STYLE, TRANSLATED, MINVALUE, MAXVALUE) VALUES ('LANGUAGE', 'LOCALE_STR', 'T', 'localeStr', 'localeStr', 'F', 'N', 'N', '', '');

INSERT INTO TABLE_ACTION (TABLENAME, ACTION, CAPTION, METHOD, ENABLE, AUTHORITY_CHECK, RECORD_SPECIFIC) VALUES ('LANGUAGE', 'RELOAD_TRANSLATION', 'RELOAD_TRANSLATION', 'reloadTranslation', 'Y', 'Y', 'Y');

INSERT INTO TABLE_CONTROLLER_STATIC (TABLENAME, ROOTMAPPING, MODULE, CUSTOMER_SPECIFIC, ORGANIZATION_CHECK, CACHE_IN_HASH, SEARCH_VIEW, LIST_VIEW, EDIT_VIEW, SHOW_VIEW, SELECT_VIEW, ORDERBY, SEQUENCE_NAME) VALUES ('MAIN_MENU', 'mainMenu', 'settings', 'N', 'N', 'N', '', '', '', '', '', '', '');
INSERT INTO TABLE_FIELD_FACE (TABLENAME, FIELDNAME, EDIT_STYLE, EDIT_JSTL_PATH, VIEW_JSTL_PATH, SEARCH_STYLE, LOOKUP_STYLE, TRANSLATED, MINVALUE, MAXVALUE) VALUES ('MAIN_MENU', 'CAPTION', 'T', 'caption', 'caption', 'F', 'N', 'N', '', '');
INSERT INTO TABLE_FIELD_FACE (TABLENAME, FIELDNAME, EDIT_STYLE, EDIT_JSTL_PATH, VIEW_JSTL_PATH, SEARCH_STYLE, LOOKUP_STYLE, TRANSLATED, MINVALUE, MAXVALUE) VALUES ('MAIN_MENU', 'DISPLAY_ORDER', 'T', 'displayOrder', 'displayOrder', 'F', 'N', 'N', '', '');
INSERT INTO TABLE_FIELD_FACE (TABLENAME, FIELDNAME, EDIT_STYLE, EDIT_JSTL_PATH, VIEW_JSTL_PATH, SEARCH_STYLE, LOOKUP_STYLE, TRANSLATED, MINVALUE, MAXVALUE) VALUES ('MAIN_MENU', 'ICON', 'T', 'icon', 'icon', 'F', 'N', 'N', '', '');
INSERT INTO TABLE_FIELD_FACE (TABLENAME, FIELDNAME, EDIT_STYLE, EDIT_JSTL_PATH, VIEW_JSTL_PATH, SEARCH_STYLE, LOOKUP_STYLE, TRANSLATED, MINVALUE, MAXVALUE) VALUES ('MAIN_MENU', 'MENU', 'T', 'id', 'id', 'F', 'N', 'N', '', '');


INSERT INTO TABLE_CONTROLLER_STATIC (TABLENAME, ROOTMAPPING, MODULE, CUSTOMER_SPECIFIC, ORGANIZATION_CHECK, CACHE_IN_HASH, SEARCH_VIEW, LIST_VIEW, EDIT_VIEW, SHOW_VIEW, SELECT_VIEW, ORDERBY, SEQUENCE_NAME) VALUES ('MASTER_DETAIL_RELATION', 'masterDetailRelation', 'settings', 'N', 'N', 'N', '', '', '', '', '', '', '');
INSERT INTO TABLE_FIELD_FACE (TABLENAME, FIELDNAME, EDIT_STYLE, EDIT_JSTL_PATH, VIEW_JSTL_PATH, SEARCH_STYLE, LOOKUP_STYLE, TRANSLATED, MINVALUE, MAXVALUE) VALUES ('MASTER_DETAIL_RELATION', 'CONSTRAINT_NAME', 'T', 'id', 'id', 'F', 'N', 'N', '', '');
INSERT INTO TABLE_FIELD_FACE (TABLENAME, FIELDNAME, EDIT_STYLE, EDIT_JSTL_PATH, VIEW_JSTL_PATH, SEARCH_STYLE, LOOKUP_STYLE, TRANSLATED, MINVALUE, MAXVALUE) VALUES ('MASTER_DETAIL_RELATION', 'DETAIL_ATTRIBUTE', 'T', 'detailAttribute', 'detailAttribute', 'F', 'N', 'N', '', '');
INSERT INTO TABLE_FIELD_FACE (TABLENAME, FIELDNAME, EDIT_STYLE, EDIT_JSTL_PATH, VIEW_JSTL_PATH, SEARCH_STYLE, LOOKUP_STYLE, TRANSLATED, MINVALUE, MAXVALUE) VALUES ('MASTER_DETAIL_RELATION', 'DETAIL_TABLE', 'TABLE_CONTROLLER_STATIC', 'detailTableController.id', 'detailTableController.id', 'F', 'C', 'N', '', '');
INSERT INTO TABLE_FIELD_FACE (TABLENAME, FIELDNAME, EDIT_STYLE, EDIT_JSTL_PATH, VIEW_JSTL_PATH, SEARCH_STYLE, LOOKUP_STYLE, TRANSLATED, MINVALUE, MAXVALUE) VALUES ('MASTER_DETAIL_RELATION', 'FILTER', 'T', 'filter', 'filter', 'F', 'N', 'N', '', '');
INSERT INTO TABLE_FIELD_FACE (TABLENAME, FIELDNAME, EDIT_STYLE, EDIT_JSTL_PATH, VIEW_JSTL_PATH, SEARCH_STYLE, LOOKUP_STYLE, TRANSLATED, MINVALUE, MAXVALUE) VALUES ('MASTER_DETAIL_RELATION', 'MASTER_TABLE', 'TABLE_CONTROLLER_STATIC', 'masterTableController.id', 'masterTableController.id', 'F', 'N', 'N', '', '');
INSERT INTO TABLE_FIELD_FACE (TABLENAME, FIELDNAME, EDIT_STYLE, EDIT_JSTL_PATH, VIEW_JSTL_PATH, SEARCH_STYLE, LOOKUP_STYLE, TRANSLATED, MINVALUE, MAXVALUE) VALUES ('MASTER_DETAIL_RELATION', 'MD_VIEW', 'YESNO', 'enable', 'enable', 'F', 'R', 'N', '', '');
INSERT INTO TABLE_FIELD_FACE (TABLENAME, FIELDNAME, EDIT_STYLE, EDIT_JSTL_PATH, VIEW_JSTL_PATH, SEARCH_STYLE, LOOKUP_STYLE, TRANSLATED, MINVALUE, MAXVALUE) VALUES ('MASTER_DETAIL_RELATION', 'ORDERBY', 'T', 'orderby', 'orderby', 'F', 'N', 'N', '', '');
INSERT INTO TABLE_FIELD_FACE (TABLENAME, FIELDNAME, EDIT_STYLE, EDIT_JSTL_PATH, VIEW_JSTL_PATH, SEARCH_STYLE, LOOKUP_STYLE, TRANSLATED, MINVALUE, MAXVALUE) VALUES ('MASTER_DETAIL_RELATION', 'PAGING', 'T', 'paging', 'paging', 'F', 'N', 'N', '', '');


INSERT INTO TABLE_CONTROLLER_STATIC (TABLENAME, ROOTMAPPING, MODULE, CUSTOMER_SPECIFIC, ORGANIZATION_CHECK, CACHE_IN_HASH, SEARCH_VIEW, LIST_VIEW, EDIT_VIEW, SHOW_VIEW, SELECT_VIEW, ORDERBY, SEQUENCE_NAME) VALUES ('NOTIFICATION_RECIPIENT', 'notificationRecipient', 'settings', 'N', 'N', 'N', '', '', '', '', '', '', '');
INSERT INTO TABLE_FIELD_FACE (TABLENAME, FIELDNAME, EDIT_STYLE, EDIT_JSTL_PATH, VIEW_JSTL_PATH, SEARCH_STYLE, LOOKUP_STYLE, TRANSLATED, MINVALUE, MAXVALUE) VALUES ('NOTIFICATION_RECIPIENT', 'ENABLE', 'YESNO', 'enable', 'enable', 'F', 'R', 'N', '', '');
INSERT INTO TABLE_FIELD_FACE (TABLENAME, FIELDNAME, EDIT_STYLE, EDIT_JSTL_PATH, VIEW_JSTL_PATH, SEARCH_STYLE, LOOKUP_STYLE, TRANSLATED, MINVALUE, MAXVALUE) VALUES ('NOTIFICATION_RECIPIENT', 'EVENT', 'NOTIFICATION_EVENT', 'id.event', 'id.event', 'F', 'C', 'N', '', '');
INSERT INTO TABLE_FIELD_FACE (TABLENAME, FIELDNAME, EDIT_STYLE, EDIT_JSTL_PATH, VIEW_JSTL_PATH, SEARCH_STYLE, LOOKUP_STYLE, TRANSLATED, MINVALUE, MAXVALUE) VALUES ('NOTIFICATION_RECIPIENT', 'NOTIFICATION_TYPE_ID', 'H', 'id.NotificationTypeId', 'id.NotificationTypeId', 'F', 'N', 'N', '', '');
INSERT INTO TABLE_FIELD_FACE (TABLENAME, FIELDNAME, EDIT_STYLE, EDIT_JSTL_PATH, VIEW_JSTL_PATH, SEARCH_STYLE, LOOKUP_STYLE, TRANSLATED, MINVALUE, MAXVALUE) VALUES ('NOTIFICATION_RECIPIENT', 'USERNAME', 'T', 'id.username', 'id.username', 'F', 'N', 'N', '', '');


INSERT INTO TABLE_CONTROLLER_STATIC (TABLENAME, ROOTMAPPING, MODULE, CUSTOMER_SPECIFIC, ORGANIZATION_CHECK, CACHE_IN_HASH, SEARCH_VIEW, LIST_VIEW, EDIT_VIEW, SHOW_VIEW, SELECT_VIEW, ORDERBY, SEQUENCE_NAME) VALUES ('NOTIFICATION_TYPE', 'notificationType', 'settings', 'Y', 'N', 'N', '', '', '', '', '', '', 'NOTIFICATION_TYPE_ID_SEQ');
INSERT INTO TABLE_FIELD_FACE (TABLENAME, FIELDNAME, EDIT_STYLE, EDIT_JSTL_PATH, VIEW_JSTL_PATH, SEARCH_STYLE, LOOKUP_STYLE, TRANSLATED, MINVALUE, MAXVALUE) VALUES ('NOTIFICATION_TYPE', 'NOTIFICATION_TYPE_ID', 'S', 'id', 'id', 'F', 'N', 'N', '', '');
INSERT INTO TABLE_FIELD_FACE (TABLENAME, FIELDNAME, EDIT_STYLE, EDIT_JSTL_PATH, VIEW_JSTL_PATH, SEARCH_STYLE, LOOKUP_STYLE, TRANSLATED, MINVALUE, MAXVALUE) VALUES ('NOTIFICATION_TYPE', 'OWNER_ID', 'H', 'ownerId', 'ownerId', 'F', 'N', 'N', '', '');
INSERT INTO TABLE_FIELD_FACE (TABLENAME, FIELDNAME, EDIT_STYLE, EDIT_JSTL_PATH, VIEW_JSTL_PATH, SEARCH_STYLE, LOOKUP_STYLE, TRANSLATED, MINVALUE, MAXVALUE) VALUES ('NOTIFICATION_TYPE', 'STATUS_FIELD', 'T', 'statusField', 'statusField', 'F', 'N', 'N', '', '');
INSERT INTO TABLE_FIELD_FACE (TABLENAME, FIELDNAME, EDIT_STYLE, EDIT_JSTL_PATH, VIEW_JSTL_PATH, SEARCH_STYLE, LOOKUP_STYLE, TRANSLATED, MINVALUE, MAXVALUE) VALUES ('NOTIFICATION_TYPE', 'STOP_VALUE', 'T', 'stopValue', 'stopValue', 'F', 'N', 'N', '', '');
INSERT INTO TABLE_FIELD_FACE (TABLENAME, FIELDNAME, EDIT_STYLE, EDIT_JSTL_PATH, VIEW_JSTL_PATH, SEARCH_STYLE, LOOKUP_STYLE, TRANSLATED, MINVALUE, MAXVALUE) VALUES ('NOTIFICATION_TYPE', 'TABLENAME', 'T', 'tablename', 'tablename', 'F', 'N', 'N', '', '');


INSERT INTO TABLE_CONTROLLER_STATIC (TABLENAME, ROOTMAPPING, MODULE, CUSTOMER_SPECIFIC, ORGANIZATION_CHECK, CACHE_IN_HASH, SEARCH_VIEW, LIST_VIEW, EDIT_VIEW, SHOW_VIEW, SELECT_VIEW, ORDERBY, SEQUENCE_NAME) VALUES ('OBJECT_AUTHORIZATION', 'objectAuthorization', 'settings', 'N', 'N', 'N', '', '', 'basis/objectAuthorizationEdit', '', '', '', '');
INSERT INTO TABLE_FIELD_FACE (TABLENAME, FIELDNAME, EDIT_STYLE, EDIT_JSTL_PATH, VIEW_JSTL_PATH, SEARCH_STYLE, LOOKUP_STYLE, TRANSLATED, MINVALUE, MAXVALUE) VALUES ('OBJECT_AUTHORIZATION', 'ACTION', 'T', 'id.action', 'id.action', 'F', 'N', 'N', '', '');
INSERT INTO TABLE_FIELD_FACE (TABLENAME, FIELDNAME, EDIT_STYLE, EDIT_JSTL_PATH, VIEW_JSTL_PATH, SEARCH_STYLE, LOOKUP_STYLE, TRANSLATED, MINVALUE, MAXVALUE) VALUES ('OBJECT_AUTHORIZATION', 'AUTHORITY_GROUP', 'R', 'id.authorityGroup', 'id.authorityGroup', 'F', 'N', 'N', '', '');
INSERT INTO TABLE_FIELD_FACE (TABLENAME, FIELDNAME, EDIT_STYLE, EDIT_JSTL_PATH, VIEW_JSTL_PATH, SEARCH_STYLE, LOOKUP_STYLE, TRANSLATED, MINVALUE, MAXVALUE) VALUES ('OBJECT_AUTHORIZATION', 'KEY_VALUE', 'T', 'id.keyValue', 'id.keyValue', 'F', 'N', 'N', '', '');
INSERT INTO TABLE_FIELD_FACE (TABLENAME, FIELDNAME, EDIT_STYLE, EDIT_JSTL_PATH, VIEW_JSTL_PATH, SEARCH_STYLE, LOOKUP_STYLE, TRANSLATED, MINVALUE, MAXVALUE) VALUES ('OBJECT_AUTHORIZATION', 'OBJECT_TYPE', 'AUTHORITY_OBJECT', 'id.objectType', 'id.objectType', 'L', 'C', 'N', '', '');


INSERT INTO TABLE_CONTROLLER_STATIC (TABLENAME, ROOTMAPPING, MODULE, CUSTOMER_SPECIFIC, ORGANIZATION_CHECK, CACHE_IN_HASH, SEARCH_VIEW, LIST_VIEW, EDIT_VIEW, SHOW_VIEW, SELECT_VIEW, ORDERBY, SEQUENCE_NAME) VALUES ('SCREEN_PAGE', 'screenPage', 'settings', 'N', 'N', 'N', '', '', '', '', '', '', '');
INSERT INTO TABLE_FIELD_FACE (TABLENAME, FIELDNAME, EDIT_STYLE, EDIT_JSTL_PATH, VIEW_JSTL_PATH, SEARCH_STYLE, LOOKUP_STYLE, TRANSLATED, MINVALUE, MAXVALUE) VALUES ('SCREEN_PAGE', 'CAPTION', 'T', 'caption', 'caption', 'F', 'N', 'N', '', '');
INSERT INTO TABLE_FIELD_FACE (TABLENAME, FIELDNAME, EDIT_STYLE, EDIT_JSTL_PATH, VIEW_JSTL_PATH, SEARCH_STYLE, LOOKUP_STYLE, TRANSLATED, MINVALUE, MAXVALUE) VALUES ('SCREEN_PAGE', 'DISPLAY_ORDER', 'T', 'displayOrder', 'displayOrder', 'F', 'N', 'N', '', '');
INSERT INTO TABLE_FIELD_FACE (TABLENAME, FIELDNAME, EDIT_STYLE, EDIT_JSTL_PATH, VIEW_JSTL_PATH, SEARCH_STYLE, LOOKUP_STYLE, TRANSLATED, MINVALUE, MAXVALUE) VALUES ('SCREEN_PAGE', 'ICON', 'T', 'icon', 'icon', 'F', 'N', 'N', '', '');
INSERT INTO TABLE_FIELD_FACE (TABLENAME, FIELDNAME, EDIT_STYLE, EDIT_JSTL_PATH, VIEW_JSTL_PATH, SEARCH_STYLE, LOOKUP_STYLE, TRANSLATED, MINVALUE, MAXVALUE) VALUES ('SCREEN_PAGE', 'MENU', 'H', 'menu.id', 'menu.id', 'F', 'N', 'N', '', '');
INSERT INTO TABLE_FIELD_FACE (TABLENAME, FIELDNAME, EDIT_STYLE, EDIT_JSTL_PATH, VIEW_JSTL_PATH, SEARCH_STYLE, LOOKUP_STYLE, TRANSLATED, MINVALUE, MAXVALUE) VALUES ('SCREEN_PAGE', 'PAGENAME', 'T', 'id', 'id', 'F', 'N', 'N', '', '');
INSERT INTO TABLE_FIELD_FACE (TABLENAME, FIELDNAME, EDIT_STYLE, EDIT_JSTL_PATH, VIEW_JSTL_PATH, SEARCH_STYLE, LOOKUP_STYLE, TRANSLATED, MINVALUE, MAXVALUE) VALUES ('SCREEN_PAGE', 'URL', 'T', 'url', 'url', 'F', 'N', 'N', '', '');


INSERT INTO TABLE_CONTROLLER_STATIC (TABLENAME, ROOTMAPPING, MODULE, CUSTOMER_SPECIFIC, ORGANIZATION_CHECK, CACHE_IN_HASH, SEARCH_VIEW, LIST_VIEW, EDIT_VIEW, SHOW_VIEW, SELECT_VIEW, ORDERBY, SEQUENCE_NAME) VALUES ('TABLE_ACTION', 'tableAction', 'settings', 'N', 'N', 'N', '', '', '', '', '', '', '');
INSERT INTO TABLE_FIELD_FACE (TABLENAME, FIELDNAME, EDIT_STYLE, EDIT_JSTL_PATH, VIEW_JSTL_PATH, SEARCH_STYLE, LOOKUP_STYLE, TRANSLATED, MINVALUE, MAXVALUE) VALUES ('TABLE_ACTION', 'ACTION', 'T', 'id.action', 'id.action', 'F', 'N', 'N', '', '');
INSERT INTO TABLE_FIELD_FACE (TABLENAME, FIELDNAME, EDIT_STYLE, EDIT_JSTL_PATH, VIEW_JSTL_PATH, SEARCH_STYLE, LOOKUP_STYLE, TRANSLATED, MINVALUE, MAXVALUE) VALUES ('TABLE_ACTION', 'AUTHORITY_CHECK', 'YESNO', 'authorityCheck', 'authorityCheck', 'F', 'R', 'N', '', '');
INSERT INTO TABLE_FIELD_FACE (TABLENAME, FIELDNAME, EDIT_STYLE, EDIT_JSTL_PATH, VIEW_JSTL_PATH, SEARCH_STYLE, LOOKUP_STYLE, TRANSLATED, MINVALUE, MAXVALUE) VALUES ('TABLE_ACTION', 'CAPTION', 'T', 'caption', 'caption', 'F', 'N', 'N', '', '');
INSERT INTO TABLE_FIELD_FACE (TABLENAME, FIELDNAME, EDIT_STYLE, EDIT_JSTL_PATH, VIEW_JSTL_PATH, SEARCH_STYLE, LOOKUP_STYLE, TRANSLATED, MINVALUE, MAXVALUE) VALUES ('TABLE_ACTION', 'ENABLE', 'YESNO', 'enable', 'enable', 'F', 'R', 'N', '', '');
INSERT INTO TABLE_FIELD_FACE (TABLENAME, FIELDNAME, EDIT_STYLE, EDIT_JSTL_PATH, VIEW_JSTL_PATH, SEARCH_STYLE, LOOKUP_STYLE, TRANSLATED, MINVALUE, MAXVALUE) VALUES ('TABLE_ACTION', 'METHOD', 'T', 'method', 'method', 'F', 'N', 'N', '', '');
INSERT INTO TABLE_FIELD_FACE (TABLENAME, FIELDNAME, EDIT_STYLE, EDIT_JSTL_PATH, VIEW_JSTL_PATH, SEARCH_STYLE, LOOKUP_STYLE, TRANSLATED, MINVALUE, MAXVALUE) VALUES ('TABLE_ACTION', 'RECORD_SPECIFIC', 'YESNO', 'recordSpecific', 'recordSpecific', 'F', 'R', 'N', '', '');
INSERT INTO TABLE_FIELD_FACE (TABLENAME, FIELDNAME, EDIT_STYLE, EDIT_JSTL_PATH, VIEW_JSTL_PATH, SEARCH_STYLE, LOOKUP_STYLE, TRANSLATED, MINVALUE, MAXVALUE) VALUES ('TABLE_ACTION', 'TABLENAME', 'H', 'id.tablename', 'id.tablename', 'F', 'N', 'N', '', '');


INSERT INTO TABLE_CONTROLLER_STATIC (TABLENAME, ROOTMAPPING, MODULE, CUSTOMER_SPECIFIC, ORGANIZATION_CHECK, CACHE_IN_HASH, SEARCH_VIEW, LIST_VIEW, EDIT_VIEW, SHOW_VIEW, SELECT_VIEW, ORDERBY, SEQUENCE_NAME) VALUES ('TABLE_CONTENT_TYPE', 'tableContentType', 'settings', 'N', 'N', 'N', '', '', '', '', '', '', '');
INSERT INTO TABLE_FIELD_FACE (TABLENAME, FIELDNAME, EDIT_STYLE, EDIT_JSTL_PATH, VIEW_JSTL_PATH, SEARCH_STYLE, LOOKUP_STYLE, TRANSLATED, MINVALUE, MAXVALUE) VALUES ('TABLE_CONTENT_TYPE', 'CAPTION', 'T', 'caption', 'caption', 'F', 'N', 'N', '', '');
INSERT INTO TABLE_FIELD_FACE (TABLENAME, FIELDNAME, EDIT_STYLE, EDIT_JSTL_PATH, VIEW_JSTL_PATH, SEARCH_STYLE, LOOKUP_STYLE, TRANSLATED, MINVALUE, MAXVALUE) VALUES ('TABLE_CONTENT_TYPE', 'MIMETYPE', 'T', 'mimetype', 'mimetype', 'F', 'N', 'N', '', '');
INSERT INTO TABLE_FIELD_FACE (TABLENAME, FIELDNAME, EDIT_STYLE, EDIT_JSTL_PATH, VIEW_JSTL_PATH, SEARCH_STYLE, LOOKUP_STYLE, TRANSLATED, MINVALUE, MAXVALUE) VALUES ('TABLE_CONTENT_TYPE', 'OBJECT_TYPE', 'T', 'id.objectType', 'id.objectType', 'F', 'N', 'N', '', '');
INSERT INTO TABLE_FIELD_FACE (TABLENAME, FIELDNAME, EDIT_STYLE, EDIT_JSTL_PATH, VIEW_JSTL_PATH, SEARCH_STYLE, LOOKUP_STYLE, TRANSLATED, MINVALUE, MAXVALUE) VALUES ('TABLE_CONTENT_TYPE', 'TABLENAME', 'H', 'id.tablename', 'id.tablename', 'F', 'N', 'N', '', '');


INSERT INTO TABLE_CONTROLLER_STATIC (TABLENAME, ROOTMAPPING, MODULE, CUSTOMER_SPECIFIC, ORGANIZATION_CHECK, CACHE_IN_HASH, SEARCH_VIEW, LIST_VIEW, EDIT_VIEW, SHOW_VIEW, SELECT_VIEW, ORDERBY, SEQUENCE_NAME) VALUES ('TABLE_CONTROLLER_STATIC', 'tableControllerStatic', 'settings', 'N', 'N', 'N', '', '', '', '', '', '', '');
INSERT INTO TABLE_FIELD_FACE (TABLENAME, FIELDNAME, EDIT_STYLE, EDIT_JSTL_PATH, VIEW_JSTL_PATH, SEARCH_STYLE, LOOKUP_STYLE, TRANSLATED, MINVALUE, MAXVALUE) VALUES ('TABLE_CONTROLLER_STATIC', 'CACHE_IN_HASH', 'YESNO', 'cacheInHash', 'cacheInHash', 'F', 'N', 'N', '', '');
INSERT INTO TABLE_FIELD_FACE (TABLENAME, FIELDNAME, EDIT_STYLE, EDIT_JSTL_PATH, VIEW_JSTL_PATH, SEARCH_STYLE, LOOKUP_STYLE, TRANSLATED, MINVALUE, MAXVALUE) VALUES ('TABLE_CONTROLLER_STATIC', 'CUSTOMER_SPECIFIC', 'YESNO', 'customerSpecific', 'customerSpecific', 'F', 'N', 'N', '', '');
INSERT INTO TABLE_FIELD_FACE (TABLENAME, FIELDNAME, EDIT_STYLE, EDIT_JSTL_PATH, VIEW_JSTL_PATH, SEARCH_STYLE, LOOKUP_STYLE, TRANSLATED, MINVALUE, MAXVALUE) VALUES ('TABLE_CONTROLLER_STATIC', 'EDIT_VIEW', 'T', 'editView', 'editView', 'F', 'N', 'N', '', '');
INSERT INTO TABLE_FIELD_FACE (TABLENAME, FIELDNAME, EDIT_STYLE, EDIT_JSTL_PATH, VIEW_JSTL_PATH, SEARCH_STYLE, LOOKUP_STYLE, TRANSLATED, MINVALUE, MAXVALUE) VALUES ('TABLE_CONTROLLER_STATIC', 'LIST_VIEW', 'T', 'listView', 'listView', 'F', 'N', 'N', '', '');
INSERT INTO TABLE_FIELD_FACE (TABLENAME, FIELDNAME, EDIT_STYLE, EDIT_JSTL_PATH, VIEW_JSTL_PATH, SEARCH_STYLE, LOOKUP_STYLE, TRANSLATED, MINVALUE, MAXVALUE) VALUES ('TABLE_CONTROLLER_STATIC', 'MODULE', 'T', 'module', 'module', 'F', 'N', 'N', '', '');
INSERT INTO TABLE_FIELD_FACE (TABLENAME, FIELDNAME, EDIT_STYLE, EDIT_JSTL_PATH, VIEW_JSTL_PATH, SEARCH_STYLE, LOOKUP_STYLE, TRANSLATED, MINVALUE, MAXVALUE) VALUES ('TABLE_CONTROLLER_STATIC', 'ORDERBY', 'T', 'orderby', 'orderby', 'F', 'N', 'N', '', '');
INSERT INTO TABLE_FIELD_FACE (TABLENAME, FIELDNAME, EDIT_STYLE, EDIT_JSTL_PATH, VIEW_JSTL_PATH, SEARCH_STYLE, LOOKUP_STYLE, TRANSLATED, MINVALUE, MAXVALUE) VALUES ('TABLE_CONTROLLER_STATIC', 'ORGANIZATION_CHECK', 'YESNO', 'organizationCheck', 'organizationCheck', 'F', 'N', 'N', '', '');
INSERT INTO TABLE_FIELD_FACE (TABLENAME, FIELDNAME, EDIT_STYLE, EDIT_JSTL_PATH, VIEW_JSTL_PATH, SEARCH_STYLE, LOOKUP_STYLE, TRANSLATED, MINVALUE, MAXVALUE) VALUES ('TABLE_CONTROLLER_STATIC', 'ROOTMAPPING', 'T', 'rootmapping', 'rootmapping', 'F', 'N', 'N', '', '');
INSERT INTO TABLE_FIELD_FACE (TABLENAME, FIELDNAME, EDIT_STYLE, EDIT_JSTL_PATH, VIEW_JSTL_PATH, SEARCH_STYLE, LOOKUP_STYLE, TRANSLATED, MINVALUE, MAXVALUE) VALUES ('TABLE_CONTROLLER_STATIC', 'SEARCH_VIEW', 'T', 'searchView', 'searchView', 'F', 'N', 'N', '', '');
INSERT INTO TABLE_FIELD_FACE (TABLENAME, FIELDNAME, EDIT_STYLE, EDIT_JSTL_PATH, VIEW_JSTL_PATH, SEARCH_STYLE, LOOKUP_STYLE, TRANSLATED, MINVALUE, MAXVALUE) VALUES ('TABLE_CONTROLLER_STATIC', 'SELECT_VIEW', 'T', 'selectView', 'selectView', 'F', 'N', 'N', '', '');
INSERT INTO TABLE_FIELD_FACE (TABLENAME, FIELDNAME, EDIT_STYLE, EDIT_JSTL_PATH, VIEW_JSTL_PATH, SEARCH_STYLE, LOOKUP_STYLE, TRANSLATED, MINVALUE, MAXVALUE) VALUES ('TABLE_CONTROLLER_STATIC', 'SEQUENCE_NAME', 'T', 'sequenceName', 'sequenceName', 'F', 'N', 'N', '', '');
INSERT INTO TABLE_FIELD_FACE (TABLENAME, FIELDNAME, EDIT_STYLE, EDIT_JSTL_PATH, VIEW_JSTL_PATH, SEARCH_STYLE, LOOKUP_STYLE, TRANSLATED, MINVALUE, MAXVALUE) VALUES ('TABLE_CONTROLLER_STATIC', 'SHOW_VIEW', 'T', 'showView', 'showView', 'F', 'N', 'N', '', '');
INSERT INTO TABLE_FIELD_FACE (TABLENAME, FIELDNAME, EDIT_STYLE, EDIT_JSTL_PATH, VIEW_JSTL_PATH, SEARCH_STYLE, LOOKUP_STYLE, TRANSLATED, MINVALUE, MAXVALUE) VALUES ('TABLE_CONTROLLER_STATIC', 'TABLENAME', 'T', 'id', 'id', 'F', 'N', 'N', '', '');


INSERT INTO TABLE_CONTROLLER_STATIC (TABLENAME, ROOTMAPPING, MODULE, CUSTOMER_SPECIFIC, ORGANIZATION_CHECK, CACHE_IN_HASH, SEARCH_VIEW, LIST_VIEW, EDIT_VIEW, SHOW_VIEW, SELECT_VIEW, ORDERBY, SEQUENCE_NAME) VALUES ('TABLE_FIELD_FACE', 'tableFieldFace', 'settings', 'N', 'N', 'N', '', '', '', '', '', '', '');
INSERT INTO TABLE_FIELD_FACE (TABLENAME, FIELDNAME, EDIT_STYLE, EDIT_JSTL_PATH, VIEW_JSTL_PATH, SEARCH_STYLE, LOOKUP_STYLE, TRANSLATED, MINVALUE, MAXVALUE) VALUES ('TABLE_FIELD_FACE', 'EDIT_JSTL_PATH', 'T', 'editJstlPath', 'editJstlPath', 'F', 'N', 'N', '', '');
INSERT INTO TABLE_FIELD_FACE (TABLENAME, FIELDNAME, EDIT_STYLE, EDIT_JSTL_PATH, VIEW_JSTL_PATH, SEARCH_STYLE, LOOKUP_STYLE, TRANSLATED, MINVALUE, MAXVALUE) VALUES ('TABLE_FIELD_FACE', 'EDIT_STYLE', 'T', 'editStyle', 'editStyle', 'F', 'N', 'N', '', '');
INSERT INTO TABLE_FIELD_FACE (TABLENAME, FIELDNAME, EDIT_STYLE, EDIT_JSTL_PATH, VIEW_JSTL_PATH, SEARCH_STYLE, LOOKUP_STYLE, TRANSLATED, MINVALUE, MAXVALUE) VALUES ('TABLE_FIELD_FACE', 'FIELDNAME', 'T', 'id.fieldname', 'id.fieldname', 'F', 'N', 'N', '', '');
INSERT INTO TABLE_FIELD_FACE (TABLENAME, FIELDNAME, EDIT_STYLE, EDIT_JSTL_PATH, VIEW_JSTL_PATH, SEARCH_STYLE, LOOKUP_STYLE, TRANSLATED, MINVALUE, MAXVALUE) VALUES ('TABLE_FIELD_FACE', 'LOOKUP_STYLE', 'LOOKUP_STYLE', 'lookupStyle', 'lookupStyle', 'F', 'R', 'N', '', '');
INSERT INTO TABLE_FIELD_FACE (TABLENAME, FIELDNAME, EDIT_STYLE, EDIT_JSTL_PATH, VIEW_JSTL_PATH, SEARCH_STYLE, LOOKUP_STYLE, TRANSLATED, MINVALUE, MAXVALUE) VALUES ('TABLE_FIELD_FACE', 'MAXVALUE', 'T', 'maxvalue', 'maxvalue', 'F', 'N', 'N', '', '');
INSERT INTO TABLE_FIELD_FACE (TABLENAME, FIELDNAME, EDIT_STYLE, EDIT_JSTL_PATH, VIEW_JSTL_PATH, SEARCH_STYLE, LOOKUP_STYLE, TRANSLATED, MINVALUE, MAXVALUE) VALUES ('TABLE_FIELD_FACE', 'MINVALUE', 'T', 'minvalue', 'minvalue', 'F', 'N', 'N', '', '');
INSERT INTO TABLE_FIELD_FACE (TABLENAME, FIELDNAME, EDIT_STYLE, EDIT_JSTL_PATH, VIEW_JSTL_PATH, SEARCH_STYLE, LOOKUP_STYLE, TRANSLATED, MINVALUE, MAXVALUE) VALUES ('TABLE_FIELD_FACE', 'SEARCH_STYLE', 'SEARCH_STYLE', 'searchStyle', 'searchStyle', 'F', 'R', 'N', '', '');
INSERT INTO TABLE_FIELD_FACE (TABLENAME, FIELDNAME, EDIT_STYLE, EDIT_JSTL_PATH, VIEW_JSTL_PATH, SEARCH_STYLE, LOOKUP_STYLE, TRANSLATED, MINVALUE, MAXVALUE) VALUES ('TABLE_FIELD_FACE', 'TABLENAME', 'H', 'id.tablename', 'id.tablename', 'F', 'N', 'N', '', '');
INSERT INTO TABLE_FIELD_FACE (TABLENAME, FIELDNAME, EDIT_STYLE, EDIT_JSTL_PATH, VIEW_JSTL_PATH, SEARCH_STYLE, LOOKUP_STYLE, TRANSLATED, MINVALUE, MAXVALUE) VALUES ('TABLE_FIELD_FACE', 'TRANSLATED', 'YESNO', 'translated', 'translated', 'F', 'R', 'N', '', '');
INSERT INTO TABLE_FIELD_FACE (TABLENAME, FIELDNAME, EDIT_STYLE, EDIT_JSTL_PATH, VIEW_JSTL_PATH, SEARCH_STYLE, LOOKUP_STYLE, TRANSLATED, MINVALUE, MAXVALUE) VALUES ('TABLE_FIELD_FACE', 'VIEW_JSTL_PATH', 'T', 'viewJstlPath', 'viewJstlPath', 'F', 'N', 'N', '', '');


INSERT INTO TABLE_CONTROLLER_STATIC (TABLENAME, ROOTMAPPING, MODULE, CUSTOMER_SPECIFIC, ORGANIZATION_CHECK, CACHE_IN_HASH, SEARCH_VIEW, LIST_VIEW, EDIT_VIEW, SHOW_VIEW, SELECT_VIEW, ORDERBY, SEQUENCE_NAME) VALUES ('TABLE_VIEW_SCENARIO', 'tableViewScenario', 'settings', 'N', 'N', 'N', '', '', '', '', '', '', '');
INSERT INTO TABLE_FIELD_FACE (TABLENAME, FIELDNAME, EDIT_STYLE, EDIT_JSTL_PATH, VIEW_JSTL_PATH, SEARCH_STYLE, LOOKUP_STYLE, TRANSLATED, MINVALUE, MAXVALUE) VALUES ('TABLE_VIEW_SCENARIO', 'CAPTION', 'T', 'caption', 'caption', 'F', 'N', 'N', '', '');
INSERT INTO TABLE_FIELD_FACE (TABLENAME, FIELDNAME, EDIT_STYLE, EDIT_JSTL_PATH, VIEW_JSTL_PATH, SEARCH_STYLE, LOOKUP_STYLE, TRANSLATED, MINVALUE, MAXVALUE) VALUES ('TABLE_VIEW_SCENARIO', 'SCENARIO_ID', 'I4', 'scenarioId', 'scenarioId', 'F', 'N', 'N', '', '');
INSERT INTO TABLE_FIELD_FACE (TABLENAME, FIELDNAME, EDIT_STYLE, EDIT_JSTL_PATH, VIEW_JSTL_PATH, SEARCH_STYLE, LOOKUP_STYLE, TRANSLATED, MINVALUE, MAXVALUE) VALUES ('TABLE_VIEW_SCENARIO', 'TABLENAME', 'T', 'tablename', 'tablename', 'F', 'N', 'N', '', '');

INSERT INTO TABLE_ACTION (TABLENAME, ACTION, CAPTION, METHOD, ENABLE, AUTHORITY_CHECK, RECORD_SPECIFIC) VALUES ('TABLE_VIEW_SCENARIO', 'RELOAD', 'RELOAD', 'reload', 'Y', 'Y', 'Y');

INSERT INTO TABLE_CONTROLLER_STATIC (TABLENAME, ROOTMAPPING, MODULE, CUSTOMER_SPECIFIC, ORGANIZATION_CHECK, CACHE_IN_HASH, SEARCH_VIEW, LIST_VIEW, EDIT_VIEW, SHOW_VIEW, SELECT_VIEW, ORDERBY, SEQUENCE_NAME) VALUES ('TABLE_VIEW_SCENARIO_ITEM', 'tableViewScenarioItem', 'settings', 'N', 'N', 'N', '', '', '', '', '', '', '');
INSERT INTO TABLE_FIELD_FACE (TABLENAME, FIELDNAME, EDIT_STYLE, EDIT_JSTL_PATH, VIEW_JSTL_PATH, SEARCH_STYLE, LOOKUP_STYLE, TRANSLATED, MINVALUE, MAXVALUE) VALUES ('TABLE_VIEW_SCENARIO_ITEM', 'ACCESS_TYPE', 'T', 'accessType', 'accessType', 'F', 'N', 'N', '', '');
INSERT INTO TABLE_FIELD_FACE (TABLENAME, FIELDNAME, EDIT_STYLE, EDIT_JSTL_PATH, VIEW_JSTL_PATH, SEARCH_STYLE, LOOKUP_STYLE, TRANSLATED, MINVALUE, MAXVALUE) VALUES ('TABLE_VIEW_SCENARIO_ITEM', 'CAPTION', 'T', 'caption', 'caption', 'F', 'N', 'N', '', '');
INSERT INTO TABLE_FIELD_FACE (TABLENAME, FIELDNAME, EDIT_STYLE, EDIT_JSTL_PATH, VIEW_JSTL_PATH, SEARCH_STYLE, LOOKUP_STYLE, TRANSLATED, MINVALUE, MAXVALUE) VALUES ('TABLE_VIEW_SCENARIO_ITEM', 'FKNAME', 'T', 'fkname', 'fkname', 'F', 'N', 'N', '', '');
INSERT INTO TABLE_FIELD_FACE (TABLENAME, FIELDNAME, EDIT_STYLE, EDIT_JSTL_PATH, VIEW_JSTL_PATH, SEARCH_STYLE, LOOKUP_STYLE, TRANSLATED, MINVALUE, MAXVALUE) VALUES ('TABLE_VIEW_SCENARIO_ITEM', 'PARENT_SEQ', 'I2', 'parentSeq', 'parentSeq', 'F', 'N', 'N', '', '');
INSERT INTO TABLE_FIELD_FACE (TABLENAME, FIELDNAME, EDIT_STYLE, EDIT_JSTL_PATH, VIEW_JSTL_PATH, SEARCH_STYLE, LOOKUP_STYLE, TRANSLATED, MINVALUE, MAXVALUE) VALUES ('TABLE_VIEW_SCENARIO_ITEM', 'SCENARIO_ID', 'H', 'scenarioId', 'scenarioId', 'F', 'N', 'N', '', '');
INSERT INTO TABLE_FIELD_FACE (TABLENAME, FIELDNAME, EDIT_STYLE, EDIT_JSTL_PATH, VIEW_JSTL_PATH, SEARCH_STYLE, LOOKUP_STYLE, TRANSLATED, MINVALUE, MAXVALUE) VALUES ('TABLE_VIEW_SCENARIO_ITEM', 'SEQ', 'I2', 'seq', 'seq', 'F', 'N', 'N', '', '');
INSERT INTO TABLE_FIELD_FACE (TABLENAME, FIELDNAME, EDIT_STYLE, EDIT_JSTL_PATH, VIEW_JSTL_PATH, SEARCH_STYLE, LOOKUP_STYLE, TRANSLATED, MINVALUE, MAXVALUE) VALUES ('TABLE_VIEW_SCENARIO_ITEM', 'TABLENAME', 'T', 'tablename', 'tablename', 'F', 'N', 'N', '', '');


INSERT INTO TABLE_CONTROLLER_STATIC (TABLENAME, ROOTMAPPING, MODULE, CUSTOMER_SPECIFIC, ORGANIZATION_CHECK, CACHE_IN_HASH, SEARCH_VIEW, LIST_VIEW, EDIT_VIEW, SHOW_VIEW, SELECT_VIEW, ORDERBY, SEQUENCE_NAME) VALUES ('TREE_DATA', 'treeData', 'settings', 'Y', 'N', 'N', '', '', '', '', '', '', 'TREE_DATA_SEQ');
INSERT INTO TABLE_FIELD_FACE (TABLENAME, FIELDNAME, EDIT_STYLE, EDIT_JSTL_PATH, VIEW_JSTL_PATH, SEARCH_STYLE, LOOKUP_STYLE, TRANSLATED, MINVALUE, MAXVALUE) VALUES ('TREE_DATA', 'CAPTION', 'T', 'caption', 'caption', 'F', 'N', 'N', '', '');
INSERT INTO TABLE_FIELD_FACE (TABLENAME, FIELDNAME, EDIT_STYLE, EDIT_JSTL_PATH, VIEW_JSTL_PATH, SEARCH_STYLE, LOOKUP_STYLE, TRANSLATED, MINVALUE, MAXVALUE) VALUES ('TREE_DATA', 'NODE_ID', 'S', 'id', 'id', 'F', 'N', 'N', '', '');
INSERT INTO TABLE_FIELD_FACE (TABLENAME, FIELDNAME, EDIT_STYLE, EDIT_JSTL_PATH, VIEW_JSTL_PATH, SEARCH_STYLE, LOOKUP_STYLE, TRANSLATED, MINVALUE, MAXVALUE) VALUES ('TREE_DATA', 'OWNER_ID', 'H', 'ownerId', 'ownerId', 'F', 'N', 'N', '', '');
INSERT INTO TABLE_FIELD_FACE (TABLENAME, FIELDNAME, EDIT_STYLE, EDIT_JSTL_PATH, VIEW_JSTL_PATH, SEARCH_STYLE, LOOKUP_STYLE, TRANSLATED, MINVALUE, MAXVALUE) VALUES ('TREE_DATA', 'PARENT_ID', 'TREE_DATA', 'treeData.id', 'treeData.caption', 'L', 'C', 'N', '', '');
INSERT INTO TABLE_FIELD_FACE (TABLENAME, FIELDNAME, EDIT_STYLE, EDIT_JSTL_PATH, VIEW_JSTL_PATH, SEARCH_STYLE, LOOKUP_STYLE, TRANSLATED, MINVALUE, MAXVALUE) VALUES ('TREE_DATA', 'PURPOSE', 'T', 'purpose', 'purpose', 'F', 'N', 'N', '', '');


INSERT INTO TABLE_CONTROLLER_STATIC (TABLENAME, ROOTMAPPING, MODULE, CUSTOMER_SPECIFIC, ORGANIZATION_CHECK, CACHE_IN_HASH, SEARCH_VIEW, LIST_VIEW, EDIT_VIEW, SHOW_VIEW, SELECT_VIEW, ORDERBY, SEQUENCE_NAME) VALUES ('UNIT_CONVERSION', 'unitConversion', 'settings', 'N', 'N', 'N', '', '', '', '', '', '', '');
INSERT INTO TABLE_FIELD_FACE (TABLENAME, FIELDNAME, EDIT_STYLE, EDIT_JSTL_PATH, VIEW_JSTL_PATH, SEARCH_STYLE, LOOKUP_STYLE, TRANSLATED, MINVALUE, MAXVALUE) VALUES ('UNIT_CONVERSION', 'MULTIPLIER', 'T', 'multiplier', 'multiplier', 'F', 'N', 'N', '', '');
INSERT INTO TABLE_FIELD_FACE (TABLENAME, FIELDNAME, EDIT_STYLE, EDIT_JSTL_PATH, VIEW_JSTL_PATH, SEARCH_STYLE, LOOKUP_STYLE, TRANSLATED, MINVALUE, MAXVALUE) VALUES ('UNIT_CONVERSION', 'SOURCE', 'MEASUREMENT_UNIT', 'id.source', 'id.source', 'L', 'C', 'N', '', '');
INSERT INTO TABLE_FIELD_FACE (TABLENAME, FIELDNAME, EDIT_STYLE, EDIT_JSTL_PATH, VIEW_JSTL_PATH, SEARCH_STYLE, LOOKUP_STYLE, TRANSLATED, MINVALUE, MAXVALUE) VALUES ('UNIT_CONVERSION', 'TARGET', 'MEASUREMENT_UNIT', 'id.target', 'id.target', 'L', 'C', 'N', '', '');

INSERT INTO TABLE_ACTION (TABLENAME, ACTION, CAPTION, METHOD, ENABLE, AUTHORITY_CHECK, RECORD_SPECIFIC) VALUES ('UNIT_CONVERSION', 'RELOAD_VALUES', 'RELOAD_VALUES', 'reloadValues', 'Y', 'Y', 'Y');

INSERT INTO TABLE_CONTROLLER_STATIC (TABLENAME, ROOTMAPPING, MODULE, CUSTOMER_SPECIFIC, ORGANIZATION_CHECK, CACHE_IN_HASH, SEARCH_VIEW, LIST_VIEW, EDIT_VIEW, SHOW_VIEW, SELECT_VIEW, ORDERBY, SEQUENCE_NAME) VALUES ('USER_ACCOUNT', 'userAccount', 'settings', 'N', 'N', 'N', '', '', 'basis/userAccountEdit', '', '', '', '');
INSERT INTO TABLE_FIELD_FACE (TABLENAME, FIELDNAME, EDIT_STYLE, EDIT_JSTL_PATH, VIEW_JSTL_PATH, SEARCH_STYLE, LOOKUP_STYLE, TRANSLATED, MINVALUE, MAXVALUE) VALUES ('USER_ACCOUNT', 'EMAIL_ADDRESS', 'T', 'emailAddress', 'emailAddress', 'F', 'N', 'N', '', '');
INSERT INTO TABLE_FIELD_FACE (TABLENAME, FIELDNAME, EDIT_STYLE, EDIT_JSTL_PATH, VIEW_JSTL_PATH, SEARCH_STYLE, LOOKUP_STYLE, TRANSLATED, MINVALUE, MAXVALUE) VALUES ('USER_ACCOUNT', 'FIRST_NAME', 'T', 'firstName', 'firstName', 'F', 'N', 'N', '', '');
INSERT INTO TABLE_FIELD_FACE (TABLENAME, FIELDNAME, EDIT_STYLE, EDIT_JSTL_PATH, VIEW_JSTL_PATH, SEARCH_STYLE, LOOKUP_STYLE, TRANSLATED, MINVALUE, MAXVALUE) VALUES ('USER_ACCOUNT', 'LAST_NAME', 'T', 'lastName', 'lastName', 'F', 'N', 'N', '', '');
INSERT INTO TABLE_FIELD_FACE (TABLENAME, FIELDNAME, EDIT_STYLE, EDIT_JSTL_PATH, VIEW_JSTL_PATH, SEARCH_STYLE, LOOKUP_STYLE, TRANSLATED, MINVALUE, MAXVALUE) VALUES ('USER_ACCOUNT', 'LASTLOGON', 'R', 'lastlogon', 'lastlogon', 'F', 'N', 'N', '', '');
INSERT INTO TABLE_FIELD_FACE (TABLENAME, FIELDNAME, EDIT_STYLE, EDIT_JSTL_PATH, VIEW_JSTL_PATH, SEARCH_STYLE, LOOKUP_STYLE, TRANSLATED, MINVALUE, MAXVALUE) VALUES ('USER_ACCOUNT', 'PASSDATE', 'R', 'passdate', 'passdate', 'F', 'N', 'N', '', '');
INSERT INTO TABLE_FIELD_FACE (TABLENAME, FIELDNAME, EDIT_STYLE, EDIT_JSTL_PATH, VIEW_JSTL_PATH, SEARCH_STYLE, LOOKUP_STYLE, TRANSLATED, MINVALUE, MAXVALUE) VALUES ('USER_ACCOUNT', 'PASSTEXT', 'P', 'passtext', 'passtext', 'F', 'N', 'N', '', '');
INSERT INTO TABLE_FIELD_FACE (TABLENAME, FIELDNAME, EDIT_STYLE, EDIT_JSTL_PATH, VIEW_JSTL_PATH, SEARCH_STYLE, LOOKUP_STYLE, TRANSLATED, MINVALUE, MAXVALUE) VALUES ('USER_ACCOUNT', 'STATUS', 'USER_STATUS', 'status', 'status', 'L', 'R', 'N', '', '');
INSERT INTO TABLE_FIELD_FACE (TABLENAME, FIELDNAME, EDIT_STYLE, EDIT_JSTL_PATH, VIEW_JSTL_PATH, SEARCH_STYLE, LOOKUP_STYLE, TRANSLATED, MINVALUE, MAXVALUE) VALUES ('USER_ACCOUNT', 'USERNAME', 'T', 'id', 'id', 'F', 'N', 'N', '', '');

INSERT INTO TABLE_ACTION (TABLENAME, ACTION, CAPTION, METHOD, ENABLE, AUTHORITY_CHECK, RECORD_SPECIFIC) VALUES ('USER_ACCOUNT', 'LOCK', 'LOCK', 'lock', 'Y', 'Y', 'Y');
INSERT INTO TABLE_ACTION (TABLENAME, ACTION, CAPTION, METHOD, ENABLE, AUTHORITY_CHECK, RECORD_SPECIFIC) VALUES ('USER_ACCOUNT', 'UNLOCK', 'UNLOCK', 'unlock', 'Y', 'Y', 'Y');

INSERT INTO TABLE_CONTROLLER_STATIC (TABLENAME, ROOTMAPPING, MODULE, CUSTOMER_SPECIFIC, ORGANIZATION_CHECK, CACHE_IN_HASH, SEARCH_VIEW, LIST_VIEW, EDIT_VIEW, SHOW_VIEW, SELECT_VIEW, ORDERBY, SEQUENCE_NAME) VALUES ('USER_AUTHORIZATION', 'userAuthorization', 'settings', 'N', 'N', 'N', '', '', '', '', '', '', '');
INSERT INTO TABLE_FIELD_FACE (TABLENAME, FIELDNAME, EDIT_STYLE, EDIT_JSTL_PATH, VIEW_JSTL_PATH, SEARCH_STYLE, LOOKUP_STYLE, TRANSLATED, MINVALUE, MAXVALUE) VALUES ('USER_AUTHORIZATION', 'AUTHORITY_GROUP', 'AUTHORITY_GROUP', 'id.authorityGroup', 'authorityGroup.caption', 'L', 'C', 'N', '', '');
INSERT INTO TABLE_FIELD_FACE (TABLENAME, FIELDNAME, EDIT_STYLE, EDIT_JSTL_PATH, VIEW_JSTL_PATH, SEARCH_STYLE, LOOKUP_STYLE, TRANSLATED, MINVALUE, MAXVALUE) VALUES ('USER_AUTHORIZATION', 'BEGDA', 'R', 'id.begda', 'id.begda', 'F', 'N', 'N', '', '');
INSERT INTO TABLE_FIELD_FACE (TABLENAME, FIELDNAME, EDIT_STYLE, EDIT_JSTL_PATH, VIEW_JSTL_PATH, SEARCH_STYLE, LOOKUP_STYLE, TRANSLATED, MINVALUE, MAXVALUE) VALUES ('USER_AUTHORIZATION', 'ENDDA', 'DT', 'endda', 'endda', 'F', 'N', 'N', '', '');
INSERT INTO TABLE_FIELD_FACE (TABLENAME, FIELDNAME, EDIT_STYLE, EDIT_JSTL_PATH, VIEW_JSTL_PATH, SEARCH_STYLE, LOOKUP_STYLE, TRANSLATED, MINVALUE, MAXVALUE) VALUES ('USER_AUTHORIZATION', 'USERNAME', 'R', 'id.username', 'id.username', 'F', 'N', 'N', '', '');


INSERT INTO TABLE_CONTROLLER_STATIC (TABLENAME, ROOTMAPPING, MODULE, CUSTOMER_SPECIFIC, ORGANIZATION_CHECK, CACHE_IN_HASH, SEARCH_VIEW, LIST_VIEW, EDIT_VIEW, SHOW_VIEW, SELECT_VIEW, ORDERBY, SEQUENCE_NAME) VALUES ('USER_FAVORITE', 'userFavorite', 'settings', 'N', 'N', 'N', '', '', '', '', '', '', '');
INSERT INTO TABLE_FIELD_FACE (TABLENAME, FIELDNAME, EDIT_STYLE, EDIT_JSTL_PATH, VIEW_JSTL_PATH, SEARCH_STYLE, LOOKUP_STYLE, TRANSLATED, MINVALUE, MAXVALUE) VALUES ('USER_FAVORITE', 'DESCRIPTION', 'T', 'description', 'description', 'F', 'N', 'N', '', '');
INSERT INTO TABLE_FIELD_FACE (TABLENAME, FIELDNAME, EDIT_STYLE, EDIT_JSTL_PATH, VIEW_JSTL_PATH, SEARCH_STYLE, LOOKUP_STYLE, TRANSLATED, MINVALUE, MAXVALUE) VALUES ('USER_FAVORITE', 'FAVORITE_TYPE', 'FAVORITE_TYPE', 'id.favoriteType', 'id.favoriteType', 'L', 'C', 'N', '', '');
INSERT INTO TABLE_FIELD_FACE (TABLENAME, FIELDNAME, EDIT_STYLE, EDIT_JSTL_PATH, VIEW_JSTL_PATH, SEARCH_STYLE, LOOKUP_STYLE, TRANSLATED, MINVALUE, MAXVALUE) VALUES ('USER_FAVORITE', 'OBJECT_ID', 'T', 'objectId', 'objectId', 'F', 'N', 'N', '', '');
INSERT INTO TABLE_FIELD_FACE (TABLENAME, FIELDNAME, EDIT_STYLE, EDIT_JSTL_PATH, VIEW_JSTL_PATH, SEARCH_STYLE, LOOKUP_STYLE, TRANSLATED, MINVALUE, MAXVALUE) VALUES ('USER_FAVORITE', 'USERNAME', 'H', 'id.username', 'id.username', 'F', 'N', 'N', '', '');


INSERT INTO TABLE_CONTROLLER_STATIC (TABLENAME, ROOTMAPPING, MODULE, CUSTOMER_SPECIFIC, ORGANIZATION_CHECK, CACHE_IN_HASH, SEARCH_VIEW, LIST_VIEW, EDIT_VIEW, SHOW_VIEW, SELECT_VIEW, ORDERBY, SEQUENCE_NAME) VALUES ('USER_NOTIFICATION', 'userNotification', 'settings', 'Y', 'N', 'N', '', '', '', '', '', '', 'USER_NOTIFICATION_ID_SEQ');
INSERT INTO TABLE_FIELD_FACE (TABLENAME, FIELDNAME, EDIT_STYLE, EDIT_JSTL_PATH, VIEW_JSTL_PATH, SEARCH_STYLE, LOOKUP_STYLE, TRANSLATED, MINVALUE, MAXVALUE) VALUES ('USER_NOTIFICATION', 'DESCRIPTION', 'T', 'description', 'description', 'F', 'N', 'N', '', '');
INSERT INTO TABLE_FIELD_FACE (TABLENAME, FIELDNAME, EDIT_STYLE, EDIT_JSTL_PATH, VIEW_JSTL_PATH, SEARCH_STYLE, LOOKUP_STYLE, TRANSLATED, MINVALUE, MAXVALUE) VALUES ('USER_NOTIFICATION', 'DUE_DATE', 'D', 'dueDate', 'dueDate', 'F', 'N', 'N', '', '');
INSERT INTO TABLE_FIELD_FACE (TABLENAME, FIELDNAME, EDIT_STYLE, EDIT_JSTL_PATH, VIEW_JSTL_PATH, SEARCH_STYLE, LOOKUP_STYLE, TRANSLATED, MINVALUE, MAXVALUE) VALUES ('USER_NOTIFICATION', 'NOTIFICATION_ID', 'S', 'notificationId', 'notificationId', 'F', 'N', 'N', '', '');
INSERT INTO TABLE_FIELD_FACE (TABLENAME, FIELDNAME, EDIT_STYLE, EDIT_JSTL_PATH, VIEW_JSTL_PATH, SEARCH_STYLE, LOOKUP_STYLE, TRANSLATED, MINVALUE, MAXVALUE) VALUES ('USER_NOTIFICATION', 'NOTIFICATION_TYPE_ID', 'NOTIFICATION_TYPE', 'notificationType.id', 'notificationType.tablename', 'F', 'C', 'N', '', '');
INSERT INTO TABLE_FIELD_FACE (TABLENAME, FIELDNAME, EDIT_STYLE, EDIT_JSTL_PATH, VIEW_JSTL_PATH, SEARCH_STYLE, LOOKUP_STYLE, TRANSLATED, MINVALUE, MAXVALUE) VALUES ('USER_NOTIFICATION', 'OBJECT_ID', 'T', 'objectId', 'objectId', 'F', 'N', 'N', '', '');
INSERT INTO TABLE_FIELD_FACE (TABLENAME, FIELDNAME, EDIT_STYLE, EDIT_JSTL_PATH, VIEW_JSTL_PATH, SEARCH_STYLE, LOOKUP_STYLE, TRANSLATED, MINVALUE, MAXVALUE) VALUES ('USER_NOTIFICATION', 'RAISE_DATE', 'D', 'raiseDate', 'raiseDate', 'F', 'N', 'N', '', '');
INSERT INTO TABLE_FIELD_FACE (TABLENAME, FIELDNAME, EDIT_STYLE, EDIT_JSTL_PATH, VIEW_JSTL_PATH, SEARCH_STYLE, LOOKUP_STYLE, TRANSLATED, MINVALUE, MAXVALUE) VALUES ('USER_NOTIFICATION', 'STATUS', 'NOTIFICATION_STATUS', 'status', 'status', 'F', 'N', 'N', '', '');
INSERT INTO TABLE_FIELD_FACE (TABLENAME, FIELDNAME, EDIT_STYLE, EDIT_JSTL_PATH, VIEW_JSTL_PATH, SEARCH_STYLE, LOOKUP_STYLE, TRANSLATED, MINVALUE, MAXVALUE) VALUES ('USER_NOTIFICATION', 'USERNAME', 'T', 'username', 'username', 'F', 'N', 'N', '', '');


INSERT INTO TABLE_CONTROLLER_STATIC (TABLENAME, ROOTMAPPING, MODULE, CUSTOMER_SPECIFIC, ORGANIZATION_CHECK, CACHE_IN_HASH, SEARCH_VIEW, LIST_VIEW, EDIT_VIEW, SHOW_VIEW, SELECT_VIEW, ORDERBY, SEQUENCE_NAME) VALUES ('SHIPMENT', 'shipment', 'shipment', 'Y', 'Y', 'N', '', '', '', '', '', '', 'SHIPMENT_ID_SEQ');
INSERT INTO TABLE_FIELD_FACE (TABLENAME, FIELDNAME, EDIT_STYLE, EDIT_JSTL_PATH, VIEW_JSTL_PATH, SEARCH_STYLE, LOOKUP_STYLE, TRANSLATED, MINVALUE, MAXVALUE) VALUES ('SHIPMENT', 'COST', 'C', 'cost', 'cost', 'F', 'N', 'N', '', '');
INSERT INTO TABLE_FIELD_FACE (TABLENAME, FIELDNAME, EDIT_STYLE, EDIT_JSTL_PATH, VIEW_JSTL_PATH, SEARCH_STYLE, LOOKUP_STYLE, TRANSLATED, MINVALUE, MAXVALUE) VALUES ('SHIPMENT', 'FROM_ADDRESS', 'T', 'fromAddress', 'fromAddress', 'F', 'N', 'N', '', '');
INSERT INTO TABLE_FIELD_FACE (TABLENAME, FIELDNAME, EDIT_STYLE, EDIT_JSTL_PATH, VIEW_JSTL_PATH, SEARCH_STYLE, LOOKUP_STYLE, TRANSLATED, MINVALUE, MAXVALUE) VALUES ('SHIPMENT', 'FROM_CITY', 'T', 'fromCity', 'fromCity', 'F', 'N', 'N', '', '');
INSERT INTO TABLE_FIELD_FACE (TABLENAME, FIELDNAME, EDIT_STYLE, EDIT_JSTL_PATH, VIEW_JSTL_PATH, SEARCH_STYLE, LOOKUP_STYLE, TRANSLATED, MINVALUE, MAXVALUE) VALUES ('SHIPMENT', 'FROM_COUNTRY', 'COUNTRY', 'fromCountry', 'fromCountry', 'L', 'C', 'N', '', '');
INSERT INTO TABLE_FIELD_FACE (TABLENAME, FIELDNAME, EDIT_STYLE, EDIT_JSTL_PATH, VIEW_JSTL_PATH, SEARCH_STYLE, LOOKUP_STYLE, TRANSLATED, MINVALUE, MAXVALUE) VALUES ('SHIPMENT', 'FROM_STATE', 'T', 'fromState', 'fromState', 'F', 'N', 'N', '', '');
INSERT INTO TABLE_FIELD_FACE (TABLENAME, FIELDNAME, EDIT_STYLE, EDIT_JSTL_PATH, VIEW_JSTL_PATH, SEARCH_STYLE, LOOKUP_STYLE, TRANSLATED, MINVALUE, MAXVALUE) VALUES ('SHIPMENT', 'INVOICE_ID', 'T', 'invoiceId', 'invoiceId', 'F', 'N', 'N', '', '');
INSERT INTO TABLE_FIELD_FACE (TABLENAME, FIELDNAME, EDIT_STYLE, EDIT_JSTL_PATH, VIEW_JSTL_PATH, SEARCH_STYLE, LOOKUP_STYLE, TRANSLATED, MINVALUE, MAXVALUE) VALUES ('SHIPMENT', 'ORGANIZATION_ID', 'ORGANIZATION', 'organization.id', 'organization.caption', 'L', 'C', 'N', '', '');
INSERT INTO TABLE_FIELD_FACE (TABLENAME, FIELDNAME, EDIT_STYLE, EDIT_JSTL_PATH, VIEW_JSTL_PATH, SEARCH_STYLE, LOOKUP_STYLE, TRANSLATED, MINVALUE, MAXVALUE) VALUES ('SHIPMENT', 'OWNER_ID', 'H', 'ownerId', 'ownerId', 'F', 'N', 'N', '', '');
INSERT INTO TABLE_FIELD_FACE (TABLENAME, FIELDNAME, EDIT_STYLE, EDIT_JSTL_PATH, VIEW_JSTL_PATH, SEARCH_STYLE, LOOKUP_STYLE, TRANSLATED, MINVALUE, MAXVALUE) VALUES ('SHIPMENT', 'SHIP_DATE', 'DT', 'shipDate', 'shipDate', 'F', 'N', 'N', '', '');
INSERT INTO TABLE_FIELD_FACE (TABLENAME, FIELDNAME, EDIT_STYLE, EDIT_JSTL_PATH, VIEW_JSTL_PATH, SEARCH_STYLE, LOOKUP_STYLE, TRANSLATED, MINVALUE, MAXVALUE) VALUES ('SHIPMENT', 'SHIPMENT_ID', 'S', 'id', 'id', 'F', 'N', 'N', '', '');
INSERT INTO TABLE_FIELD_FACE (TABLENAME, FIELDNAME, EDIT_STYLE, EDIT_JSTL_PATH, VIEW_JSTL_PATH, SEARCH_STYLE, LOOKUP_STYLE, TRANSLATED, MINVALUE, MAXVALUE) VALUES ('SHIPMENT', 'SHIPMENT_TYPE', 'SHIPMENT_TYPE', 'shipmentType', 'shipmentType', 'L', 'R', 'N', '', '');
INSERT INTO TABLE_FIELD_FACE (TABLENAME, FIELDNAME, EDIT_STYLE, EDIT_JSTL_PATH, VIEW_JSTL_PATH, SEARCH_STYLE, LOOKUP_STYLE, TRANSLATED, MINVALUE, MAXVALUE) VALUES ('SHIPMENT', 'STATUS', 'SHIPMENT_STATUS', 'status', 'status', 'L', 'C', 'N', '', '');
INSERT INTO TABLE_FIELD_FACE (TABLENAME, FIELDNAME, EDIT_STYLE, EDIT_JSTL_PATH, VIEW_JSTL_PATH, SEARCH_STYLE, LOOKUP_STYLE, TRANSLATED, MINVALUE, MAXVALUE) VALUES ('SHIPMENT', 'TO_ADDRESS', 'T', 'toAddress', 'toAddress', 'F', 'N', 'N', '', '');
INSERT INTO TABLE_FIELD_FACE (TABLENAME, FIELDNAME, EDIT_STYLE, EDIT_JSTL_PATH, VIEW_JSTL_PATH, SEARCH_STYLE, LOOKUP_STYLE, TRANSLATED, MINVALUE, MAXVALUE) VALUES ('SHIPMENT', 'TO_CITY', 'T', 'toCity', 'toCity', 'F', 'N', 'N', '', '');
INSERT INTO TABLE_FIELD_FACE (TABLENAME, FIELDNAME, EDIT_STYLE, EDIT_JSTL_PATH, VIEW_JSTL_PATH, SEARCH_STYLE, LOOKUP_STYLE, TRANSLATED, MINVALUE, MAXVALUE) VALUES ('SHIPMENT', 'TO_COUNTRY', 'COUNTRY', 'toCountry', 'toCountry', 'L', 'C', 'N', '', '');
INSERT INTO TABLE_FIELD_FACE (TABLENAME, FIELDNAME, EDIT_STYLE, EDIT_JSTL_PATH, VIEW_JSTL_PATH, SEARCH_STYLE, LOOKUP_STYLE, TRANSLATED, MINVALUE, MAXVALUE) VALUES ('SHIPMENT', 'TO_STATE', 'T', 'toState', 'toState', 'F', 'N', 'N', '', '');
INSERT INTO TABLE_FIELD_FACE (TABLENAME, FIELDNAME, EDIT_STYLE, EDIT_JSTL_PATH, VIEW_JSTL_PATH, SEARCH_STYLE, LOOKUP_STYLE, TRANSLATED, MINVALUE, MAXVALUE) VALUES ('SHIPMENT', 'USERNAME', 'R', 'username', 'username', 'F', 'N', 'N', '', '');

INSERT INTO TABLE_CONTENT_TYPE (TABLENAME, OBJECT_TYPE, CAPTION, MIMETYPE) VALUES ('SHIPMENT', 'IV', 'INVOICE', '');
INSERT INTO TABLE_ACTION (TABLENAME, ACTION, CAPTION, METHOD, ENABLE, AUTHORITY_CHECK, RECORD_SPECIFIC) VALUES ('SHIPMENT', 'PRINT', 'PRINT', 'print', 'Y', 'N', 'Y');

INSERT INTO TABLE_CONTROLLER_STATIC (TABLENAME, ROOTMAPPING, MODULE, CUSTOMER_SPECIFIC, ORGANIZATION_CHECK, CACHE_IN_HASH, SEARCH_VIEW, LIST_VIEW, EDIT_VIEW, SHOW_VIEW, SELECT_VIEW, ORDERBY, SEQUENCE_NAME) VALUES ('SHIPMENT_LINE', 'shipmentLine', 'shipment', 'N', 'N', 'N', '', '', '', '', '', '', '');
INSERT INTO TABLE_FIELD_FACE (TABLENAME, FIELDNAME, EDIT_STYLE, EDIT_JSTL_PATH, VIEW_JSTL_PATH, SEARCH_STYLE, LOOKUP_STYLE, TRANSLATED, MINVALUE, MAXVALUE) VALUES ('SHIPMENT_LINE', 'MATERIAL_ID', 'MATERIAL', 'material.id', 'material.caption', 'L', 'C', 'N', '', '');
INSERT INTO TABLE_FIELD_FACE (TABLENAME, FIELDNAME, EDIT_STYLE, EDIT_JSTL_PATH, VIEW_JSTL_PATH, SEARCH_STYLE, LOOKUP_STYLE, TRANSLATED, MINVALUE, MAXVALUE) VALUES ('SHIPMENT_LINE', 'QUANTITY', 'F', 'quantity', 'quantity', 'F', 'N', 'N', '', '');
INSERT INTO TABLE_FIELD_FACE (TABLENAME, FIELDNAME, EDIT_STYLE, EDIT_JSTL_PATH, VIEW_JSTL_PATH, SEARCH_STYLE, LOOKUP_STYLE, TRANSLATED, MINVALUE, MAXVALUE) VALUES ('SHIPMENT_LINE', 'REF_ORDER_ID', 'I4', 'refOrderId', 'refOrderId', 'F', 'N', 'N', '', '');
INSERT INTO TABLE_FIELD_FACE (TABLENAME, FIELDNAME, EDIT_STYLE, EDIT_JSTL_PATH, VIEW_JSTL_PATH, SEARCH_STYLE, LOOKUP_STYLE, TRANSLATED, MINVALUE, MAXVALUE) VALUES ('SHIPMENT_LINE', 'REF_ORDER_TYPE', 'ORDER_TYPE', 'refOrderType', 'refOrderType', 'L', 'C', 'N', '', '');
INSERT INTO TABLE_FIELD_FACE (TABLENAME, FIELDNAME, EDIT_STYLE, EDIT_JSTL_PATH, VIEW_JSTL_PATH, SEARCH_STYLE, LOOKUP_STYLE, TRANSLATED, MINVALUE, MAXVALUE) VALUES ('SHIPMENT_LINE', 'SHIPMENT_ID', 'H', 'id.shipmentId', 'id.shipmentId', 'F', 'N', 'N', '', '');
INSERT INTO TABLE_FIELD_FACE (TABLENAME, FIELDNAME, EDIT_STYLE, EDIT_JSTL_PATH, VIEW_JSTL_PATH, SEARCH_STYLE, LOOKUP_STYLE, TRANSLATED, MINVALUE, MAXVALUE) VALUES ('SHIPMENT_LINE', 'SHIPMENT_LINE', 'SP', 'id.shipmentLine', 'id.shipmentLine', 'F', 'N', 'N', '', '');
INSERT INTO TABLE_FIELD_FACE (TABLENAME, FIELDNAME, EDIT_STYLE, EDIT_JSTL_PATH, VIEW_JSTL_PATH, SEARCH_STYLE, LOOKUP_STYLE, TRANSLATED, MINVALUE, MAXVALUE) VALUES ('SHIPMENT_LINE', 'UNIT', 'MEASUREMENT_UNIT', 'unit', 'unit', 'L', 'C', 'N', '', '');


INSERT INTO MASTER_DETAIL_RELATION (CONSTRAINT_NAME, MASTER_TABLE, DETAIL_TABLE, DETAIL_ATTRIBUTE, MD_VIEW, PAGING, FILTER, ORDERBY) VALUES ('ACCOUNT_SCHEMAS', 'ACCOUNT_MASTER', 'ACCOUNT_SCHEMA', 'SCHEMAS', 'N', '', '', '');
INSERT INTO MASTER_DETAIL_RELATION (CONSTRAINT_NAME, MASTER_TABLE, DETAIL_TABLE, DETAIL_ATTRIBUTE, MD_VIEW, PAGING, FILTER, ORDERBY) VALUES ('ACCOUNT_BALANCES', 'ACCOUNT_SCHEMA', 'ACCOUNT_BALANCE', 'BALANCES', 'N', '', '', '');
INSERT INTO MASTER_DETAIL_RELATION (CONSTRAINT_NAME, MASTER_TABLE, DETAIL_TABLE, DETAIL_ATTRIBUTE, MD_VIEW, PAGING, FILTER, ORDERBY) VALUES ('ACCOUNT_SCHEMA_TRANSACTIONS', 'ACCOUNT_SCHEMA', 'ACCOUNT_TRANSACTION_ITEM', 'TRANSACTIONS', 'N', '', '', '');
INSERT INTO MASTER_DETAIL_RELATION (CONSTRAINT_NAME, MASTER_TABLE, DETAIL_TABLE, DETAIL_ATTRIBUTE, MD_VIEW, PAGING, FILTER, ORDERBY) VALUES ('ACCOUNT_SCHEMA_TEMPLATE_ITEMS', 'ACCOUNT_SCHEMA', 'ACCOUNT_TX_TEMPLATE_ITEM', 'TEMPLATE_ITEMS', 'N', '', '', '');
INSERT INTO MASTER_DETAIL_RELATION (CONSTRAINT_NAME, MASTER_TABLE, DETAIL_TABLE, DETAIL_ATTRIBUTE, MD_VIEW, PAGING, FILTER, ORDERBY) VALUES ('ACCOUNT_TRANSACTION_ITEMS', 'ACCOUNT_TRANSACTION', 'ACCOUNT_TRANSACTION_ITEM', 'TRANSACTION_ITEMS', 'N', '', '', '');
INSERT INTO MASTER_DETAIL_RELATION (CONSTRAINT_NAME, MASTER_TABLE, DETAIL_TABLE, DETAIL_ATTRIBUTE, MD_VIEW, PAGING, FILTER, ORDERBY) VALUES ('ACCOUNT_TX_TEMPLATE_ITEMS', 'ACCOUNT_TRANSACTION_TEMPLATE', 'ACCOUNT_TX_TEMPLATE_ITEM', 'ITEMS', 'N', '', '', '');
INSERT INTO MASTER_DETAIL_RELATION (CONSTRAINT_NAME, MASTER_TABLE, DETAIL_TABLE, DETAIL_ATTRIBUTE, MD_VIEW, PAGING, FILTER, ORDERBY) VALUES ('OBJECT_AUTHORIZATIONS', 'AUTHORITY_GROUP', 'OBJECT_AUTHORIZATION', 'OBJECT_AUTHORIZATIONS', 'Y', '', '', '');
INSERT INTO MASTER_DETAIL_RELATION (CONSTRAINT_NAME, MASTER_TABLE, DETAIL_TABLE, DETAIL_ATTRIBUTE, MD_VIEW, PAGING, FILTER, ORDERBY) VALUES ('AUTHORITY_GROUP_AUTHORIZATIONS', 'AUTHORITY_GROUP', 'USER_AUTHORIZATION', 'AUTHORIZED_USERS', 'Y', '', '', '');
INSERT INTO MASTER_DETAIL_RELATION (CONSTRAINT_NAME, MASTER_TABLE, DETAIL_TABLE, DETAIL_ATTRIBUTE, MD_VIEW, PAGING, FILTER, ORDERBY) VALUES ('AUTHORITY_OBJECT_ACTIONS', 'AUTHORITY_OBJECT', 'AUTHORITY_OBJECT_ACTION', 'ACTIONS', 'N', '', '', '');
INSERT INTO MASTER_DETAIL_RELATION (CONSTRAINT_NAME, MASTER_TABLE, DETAIL_TABLE, DETAIL_ATTRIBUTE, MD_VIEW, PAGING, FILTER, ORDERBY) VALUES ('OBJECT_AUTHORIZED_GROUPS', 'AUTHORITY_OBJECT_ACTION', 'OBJECT_AUTHORIZATION', 'AUTHORIZED_GROUPS', 'N', '', '', '');
INSERT INTO MASTER_DETAIL_RELATION (CONSTRAINT_NAME, MASTER_TABLE, DETAIL_TABLE, DETAIL_ATTRIBUTE, MD_VIEW, PAGING, FILTER, ORDERBY) VALUES ('BANK_BRANCHES', 'BANK', 'BANK_BRANCH', 'BRANCHES', 'N', '', '', '');
INSERT INTO MASTER_DETAIL_RELATION (CONSTRAINT_NAME, MASTER_TABLE, DETAIL_TABLE, DETAIL_ATTRIBUTE, MD_VIEW, PAGING, FILTER, ORDERBY) VALUES ('BANK_ACCOUNTS', 'BANK_BRANCH', 'BANK_ACCOUNT', 'ACCOUNTS', 'N', '', '', '');
INSERT INTO MASTER_DETAIL_RELATION (CONSTRAINT_NAME, MASTER_TABLE, DETAIL_TABLE, DETAIL_ATTRIBUTE, MD_VIEW, PAGING, FILTER, ORDERBY) VALUES ('BOM_OPERATION_STEPS', 'BOM_OPERATION', 'BOM_OPERATION_STEP', 'STEPS', 'Y', '', '', '');
INSERT INTO MASTER_DETAIL_RELATION (CONSTRAINT_NAME, MASTER_TABLE, DETAIL_TABLE, DETAIL_ATTRIBUTE, MD_VIEW, PAGING, FILTER, ORDERBY) VALUES ('BOM_OPERATION_PRODUCTION_JOBS', 'BOM_OPERATION', 'PRODUCTION_JOB', 'PRODUCTION_JOBS', 'N', '', '', '');
INSERT INTO MASTER_DETAIL_RELATION (CONSTRAINT_NAME, MASTER_TABLE, DETAIL_TABLE, DETAIL_ATTRIBUTE, MD_VIEW, PAGING, FILTER, ORDERBY) VALUES ('BOM_OPERATION_STEP_RESOURCES', 'BOM_OPERATION_STEP', 'BOM_OPERATION_STEP_RESOURCE', 'RESOURCES', 'Y', '', '', '');
INSERT INTO MASTER_DETAIL_RELATION (CONSTRAINT_NAME, MASTER_TABLE, DETAIL_TABLE, DETAIL_ATTRIBUTE, MD_VIEW, PAGING, FILTER, ORDERBY) VALUES ('PARTNER_BUSINESS_CONTRACTS', 'BUSINESS_OWNER', 'BUSINESS_CONTRACT', 'BUSINESS_CONTRACTS', 'Y', '', '', '');
INSERT INTO MASTER_DETAIL_RELATION (CONSTRAINT_NAME, MASTER_TABLE, DETAIL_TABLE, DETAIL_ATTRIBUTE, MD_VIEW, PAGING, FILTER, ORDERBY) VALUES ('IS_APPLICATION_CONFIG', 'BUSINESS_PARTNER', 'APPLICATION_CONFIG', 'APPLICATION_CONFIG', 'N', '', '', '');
INSERT INTO MASTER_DETAIL_RELATION (CONSTRAINT_NAME, MASTER_TABLE, DETAIL_TABLE, DETAIL_ATTRIBUTE, MD_VIEW, PAGING, FILTER, ORDERBY) VALUES ('IS_BUSINESS_OWNER', 'BUSINESS_PARTNER', 'BUSINESS_OWNER', 'IS_BUSINESS_OWNER', 'N', '', '', '');
INSERT INTO MASTER_DETAIL_RELATION (CONSTRAINT_NAME, MASTER_TABLE, DETAIL_TABLE, DETAIL_ATTRIBUTE, MD_VIEW, PAGING, FILTER, ORDERBY) VALUES ('IS_CUSTOMER', 'BUSINESS_PARTNER', 'CUSTOMER', 'IS_CUSTOMER', 'N', '', '', '');
INSERT INTO MASTER_DETAIL_RELATION (CONSTRAINT_NAME, MASTER_TABLE, DETAIL_TABLE, DETAIL_ATTRIBUTE, MD_VIEW, PAGING, FILTER, ORDERBY) VALUES ('PARTNER_ADDRESSES', 'BUSINESS_PARTNER', 'PARTNER_ADDRESS', 'ADDRESSES', 'Y', '', '', '');
INSERT INTO MASTER_DETAIL_RELATION (CONSTRAINT_NAME, MASTER_TABLE, DETAIL_TABLE, DETAIL_ATTRIBUTE, MD_VIEW, PAGING, FILTER, ORDERBY) VALUES ('PARTNER_CERTIFICATIONS', 'BUSINESS_PARTNER', 'PARTNER_CERTIFICATION', 'CERTIFICATIONS', 'Y', '', '', '');
INSERT INTO MASTER_DETAIL_RELATION (CONSTRAINT_NAME, MASTER_TABLE, DETAIL_TABLE, DETAIL_ATTRIBUTE, MD_VIEW, PAGING, FILTER, ORDERBY) VALUES ('PARTNER_CREDITS', 'BUSINESS_PARTNER', 'PARTNER_CREDIT', 'CREDITS', 'N', '', '', '');
INSERT INTO MASTER_DETAIL_RELATION (CONSTRAINT_NAME, MASTER_TABLE, DETAIL_TABLE, DETAIL_ATTRIBUTE, MD_VIEW, PAGING, FILTER, ORDERBY) VALUES ('SALES_ACCOUNT_BALANCES', 'BUSINESS_PARTNER', 'SALES_ACCOUNT_BALANCE', 'SALES_ACCOUNT_BALANCES', 'Y', '', '', '');
INSERT INTO MASTER_DETAIL_RELATION (CONSTRAINT_NAME, MASTER_TABLE, DETAIL_TABLE, DETAIL_ATTRIBUTE, MD_VIEW, PAGING, FILTER, ORDERBY) VALUES ('SERVICE_LEVEL_AGREEMENTS', 'BUSINESS_PARTNER', 'SERVICE_LEVEL_AGREEMENT', 'SERVICE_LEVEL_AGREEMENTS', 'Y', '', '', '');
INSERT INTO MASTER_DETAIL_RELATION (CONSTRAINT_NAME, MASTER_TABLE, DETAIL_TABLE, DETAIL_ATTRIBUTE, MD_VIEW, PAGING, FILTER, ORDERBY) VALUES ('IS_SUBCONTRACTOR', 'BUSINESS_PARTNER', 'SUBCONTRACTOR', 'IS_SUBCONTRACTOR', 'N', '', '', '');
INSERT INTO MASTER_DETAIL_RELATION (CONSTRAINT_NAME, MASTER_TABLE, DETAIL_TABLE, DETAIL_ATTRIBUTE, MD_VIEW, PAGING, FILTER, ORDERBY) VALUES ('IS_VENDOR', 'BUSINESS_PARTNER', 'VENDOR', 'IS_VENDOR', 'N', '', '', '');
INSERT INTO MASTER_DETAIL_RELATION (CONSTRAINT_NAME, MASTER_TABLE, DETAIL_TABLE, DETAIL_ATTRIBUTE, MD_VIEW, PAGING, FILTER, ORDERBY) VALUES ('SERVICE_BUSINESS_CONTRACTS', 'BUSINESS_SERVICE', 'BUSINESS_CONTRACT', 'BUSINESS_CONTRACTS', 'Y', '', '', '');
INSERT INTO MASTER_DETAIL_RELATION (CONSTRAINT_NAME, MASTER_TABLE, DETAIL_TABLE, DETAIL_ATTRIBUTE, MD_VIEW, PAGING, FILTER, ORDERBY) VALUES ('BUSINESS_SERVICE_PAGES', 'BUSINESS_SERVICE', 'BUSINESS_SERVICE_PAGE', 'BUSINESS_SERVICE_PAGES', 'N', '', '', '');
INSERT INTO MASTER_DETAIL_RELATION (CONSTRAINT_NAME, MASTER_TABLE, DETAIL_TABLE, DETAIL_ATTRIBUTE, MD_VIEW, PAGING, FILTER, ORDERBY) VALUES ('PARTNER_SERVICE_AGREEMENTS', 'BUSINESS_SERVICE', 'SERVICE_LEVEL_AGREEMENT', 'SERVICE_LEVEL_AGREEMENTS', 'N', '', '', '');
INSERT INTO MASTER_DETAIL_RELATION (CONSTRAINT_NAME, MASTER_TABLE, DETAIL_TABLE, DETAIL_ATTRIBUTE, MD_VIEW, PAGING, FILTER, ORDERBY) VALUES ('SERVICE_TYPES', 'BUSINESS_SERVICE', 'SERVICE_TYPE', 'SERVICE_TYPES', 'Y', '', '', '');
INSERT INTO MASTER_DETAIL_RELATION (CONSTRAINT_NAME, MASTER_TABLE, DETAIL_TABLE, DETAIL_ATTRIBUTE, MD_VIEW, PAGING, FILTER, ORDERBY) VALUES ('SUPPORT_AREAS', 'BUSINESS_SERVICE', 'SUPPORT_AREA', 'SUPPORT_AREAS', 'N', '', '', '');
INSERT INTO MASTER_DETAIL_RELATION (CONSTRAINT_NAME, MASTER_TABLE, DETAIL_TABLE, DETAIL_ATTRIBUTE, MD_VIEW, PAGING, FILTER, ORDERBY) VALUES ('CATEGORIES', 'CATEGORY', 'CATEGORY', 'SUB_CATEGORIES', 'N', '', '', '');
INSERT INTO MASTER_DETAIL_RELATION (CONSTRAINT_NAME, MASTER_TABLE, DETAIL_TABLE, DETAIL_ATTRIBUTE, MD_VIEW, PAGING, FILTER, ORDERBY) VALUES ('CATEGORY_TEXTS', 'CATEGORY', 'CATEGORY_TEXT', 'TEXTS', 'N', '', '', '');
INSERT INTO MASTER_DETAIL_RELATION (CONSTRAINT_NAME, MASTER_TABLE, DETAIL_TABLE, DETAIL_ATTRIBUTE, MD_VIEW, PAGING, FILTER, ORDERBY) VALUES ('CATEGORY_IN_WBSES', 'CATEGORY', 'PROJECT_WBS', 'WBSES', 'N', '', '', '');
INSERT INTO MASTER_DETAIL_RELATION (CONSTRAINT_NAME, MASTER_TABLE, DETAIL_TABLE, DETAIL_ATTRIBUTE, MD_VIEW, PAGING, FILTER, ORDERBY) VALUES ('CONTENT_RELATIONS', 'CONTENT_DATA', 'CONTENT_RELATION', 'CONTENT_RELATIONS', 'Y', '', '', '');
INSERT INTO MASTER_DETAIL_RELATION (CONSTRAINT_NAME, MASTER_TABLE, DETAIL_TABLE, DETAIL_ATTRIBUTE, MD_VIEW, PAGING, FILTER, ORDERBY) VALUES ('CITIES', 'COUNTRY', 'CITY', 'CITIES', 'N', '', '', '');
INSERT INTO MASTER_DETAIL_RELATION (CONSTRAINT_NAME, MASTER_TABLE, DETAIL_TABLE, DETAIL_ATTRIBUTE, MD_VIEW, PAGING, FILTER, ORDERBY) VALUES ('CUSTOMER_SALES_ORDERS', 'CUSTOMER', 'SALES_ORDER', 'SALES_ORDERS', 'N', '', '', '');
INSERT INTO MASTER_DETAIL_RELATION (CONSTRAINT_NAME, MASTER_TABLE, DETAIL_TABLE, DETAIL_ATTRIBUTE, MD_VIEW, PAGING, FILTER, ORDERBY) VALUES ('DOMAIN_VALUES', 'DOMAIN_NAME', 'DOMAIN_VALUE', 'VALUES', 'Y', '', '', '');
INSERT INTO MASTER_DETAIL_RELATION (CONSTRAINT_NAME, MASTER_TABLE, DETAIL_TABLE, DETAIL_ATTRIBUTE, MD_VIEW, PAGING, FILTER, ORDERBY) VALUES ('POSITION_ASSIGNMENTS', 'EMPLOYEE', 'POSITION_ASSIGNMENT', 'ASSIGNMENTS', 'Y', '', '', '');
INSERT INTO MASTER_DETAIL_RELATION (CONSTRAINT_NAME, MASTER_TABLE, DETAIL_TABLE, DETAIL_ATTRIBUTE, MD_VIEW, PAGING, FILTER, ORDERBY) VALUES ('EQUIPMENTS_PERSON_ASSIGNMENTS', 'EQUIPMENT', 'EQUIPMENT_ASSIGNMENT', 'PERSON_ASSIGNMENTS', 'Y', '', '', '');
INSERT INTO MASTER_DETAIL_RELATION (CONSTRAINT_NAME, MASTER_TABLE, DETAIL_TABLE, DETAIL_ATTRIBUTE, MD_VIEW, PAGING, FILTER, ORDERBY) VALUES ('EQUIPMENT_ATTRIBUTES', 'EQUIPMENT', 'EQUIPMENT_ATTRIBUTE', 'ATTRIBUTES', 'Y', '', '', '');
INSERT INTO MASTER_DETAIL_RELATION (CONSTRAINT_NAME, MASTER_TABLE, DETAIL_TABLE, DETAIL_ATTRIBUTE, MD_VIEW, PAGING, FILTER, ORDERBY) VALUES ('EQUIPMENT_LOCATIONS', 'EQUIPMENT', 'EQUIPMENT_LOCATION', 'LOCATIONS', 'Y', '', '', '');
INSERT INTO MASTER_DETAIL_RELATION (CONSTRAINT_NAME, MASTER_TABLE, DETAIL_TABLE, DETAIL_ATTRIBUTE, MD_VIEW, PAGING, FILTER, ORDERBY) VALUES ('EQUIPMENT_MAINTENANCES', 'EQUIPMENT', 'MAINTENANCE', 'MAINTENANCES', 'Y', '', '', '');
INSERT INTO MASTER_DETAIL_RELATION (CONSTRAINT_NAME, MASTER_TABLE, DETAIL_TABLE, DETAIL_ATTRIBUTE, MD_VIEW, PAGING, FILTER, ORDERBY) VALUES ('CAPTION_TRANSLATIONS', 'LANGUAGE', 'CAPTION_TRANSLATION', 'TRANSLATIONS', 'Y', '', '', '');
INSERT INTO MASTER_DETAIL_RELATION (CONSTRAINT_NAME, MASTER_TABLE, DETAIL_TABLE, DETAIL_ATTRIBUTE, MD_VIEW, PAGING, FILTER, ORDERBY) VALUES ('SCREEN_PAGES', 'MAIN_MENU', 'SCREEN_PAGE', 'SCREEN_PAGES', 'Y', '', '', '');
INSERT INTO MASTER_DETAIL_RELATION (CONSTRAINT_NAME, MASTER_TABLE, DETAIL_TABLE, DETAIL_ATTRIBUTE, MD_VIEW, PAGING, FILTER, ORDERBY) VALUES ('MAINTENANCE_COUNTERS', 'MAINTENANCE', 'MAINTENANCE_COUNTER', 'COUNTERS', 'Y', '', '', '');
INSERT INTO MASTER_DETAIL_RELATION (CONSTRAINT_NAME, MASTER_TABLE, DETAIL_TABLE, DETAIL_ATTRIBUTE, MD_VIEW, PAGING, FILTER, ORDERBY) VALUES ('MAINTENANCE_STEPS', 'MAINTENANCE', 'MAINTENANCE_STEP', 'STEPS', 'Y', '', '', '');
INSERT INTO MASTER_DETAIL_RELATION (CONSTRAINT_NAME, MASTER_TABLE, DETAIL_TABLE, DETAIL_ATTRIBUTE, MD_VIEW, PAGING, FILTER, ORDERBY) VALUES ('MANUFACTURED_MATERIALS', 'MANUFACTURER', 'MATERIAL', 'MANUFACTURED_MATERIALS', 'Y', '', '', '');
INSERT INTO MASTER_DETAIL_RELATION (CONSTRAINT_NAME, MASTER_TABLE, DETAIL_TABLE, DETAIL_ATTRIBUTE, MD_VIEW, PAGING, FILTER, ORDERBY) VALUES ('REQUESTED_MANUFACTURE', 'MANUFACTURER', 'REQUEST_FOR_PROPOSAL_ITEM', 'MANUFACTURE_REQUESTS', 'N', '', '', '');
INSERT INTO MASTER_DETAIL_RELATION (CONSTRAINT_NAME, MASTER_TABLE, DETAIL_TABLE, DETAIL_ATTRIBUTE, MD_VIEW, PAGING, FILTER, ORDERBY) VALUES ('BOM_OPERATIONS', 'MATERIAL', 'BOM_OPERATION', 'BOM_OPERATIONS', 'Y', '', '', '');
INSERT INTO MASTER_DETAIL_RELATION (CONSTRAINT_NAME, MASTER_TABLE, DETAIL_TABLE, DETAIL_ATTRIBUTE, MD_VIEW, PAGING, FILTER, ORDERBY) VALUES ('BOM_OPERATION_STEP_MATERIALS', 'MATERIAL', 'BOM_OPERATION_STEP', 'STEP_MATERIALS', 'Y', '', '', '');
INSERT INTO MASTER_DETAIL_RELATION (CONSTRAINT_NAME, MASTER_TABLE, DETAIL_TABLE, DETAIL_ATTRIBUTE, MD_VIEW, PAGING, FILTER, ORDERBY) VALUES ('EQUIPMENTS', 'MATERIAL', 'EQUIPMENT', 'EQUIPMENTS', 'Y', '', '', '');
INSERT INTO MASTER_DETAIL_RELATION (CONSTRAINT_NAME, MASTER_TABLE, DETAIL_TABLE, DETAIL_ATTRIBUTE, MD_VIEW, PAGING, FILTER, ORDERBY) VALUES ('EQUIPMENT_COMPONENTS', 'MATERIAL', 'FINAL_EQUIPMENT_PART', 'EQUIPMENT_COMPONENTS', 'Y', '', '', '');
INSERT INTO MASTER_DETAIL_RELATION (CONSTRAINT_NAME, MASTER_TABLE, DETAIL_TABLE, DETAIL_ATTRIBUTE, MD_VIEW, PAGING, FILTER, ORDERBY) VALUES ('MATERIAL_ATTRIBUTES', 'MATERIAL', 'MATERIAL_ATTRIBUTE', 'ATTRIBUTES', 'Y', '', '', '');
INSERT INTO MASTER_DETAIL_RELATION (CONSTRAINT_NAME, MASTER_TABLE, DETAIL_TABLE, DETAIL_ATTRIBUTE, MD_VIEW, PAGING, FILTER, ORDERBY) VALUES ('MATERIAL_GROUP_ASSIGNMENTS', 'MATERIAL', 'MATERIAL_GROUP_ASSIGNMENT', 'GROUP_ASSIGNMENTS', 'Y', '', '', '');
INSERT INTO MASTER_DETAIL_RELATION (CONSTRAINT_NAME, MASTER_TABLE, DETAIL_TABLE, DETAIL_ATTRIBUTE, MD_VIEW, PAGING, FILTER, ORDERBY) VALUES ('MATERIAL_INVENTORIES', 'MATERIAL', 'MATERIAL_INVENTORY', 'INVENTORIES', 'Y', '', '', '');
INSERT INTO MASTER_DETAIL_RELATION (CONSTRAINT_NAME, MASTER_TABLE, DETAIL_TABLE, DETAIL_ATTRIBUTE, MD_VIEW, PAGING, FILTER, ORDERBY) VALUES ('MATERIAL_INVENTORY_HISTORIES', 'MATERIAL', 'MATERIAL_INVENTORY_HISTORY', 'INVENTORY_HISTORIES', 'Y', '', '', '');
INSERT INTO MASTER_DETAIL_RELATION (CONSTRAINT_NAME, MASTER_TABLE, DETAIL_TABLE, DETAIL_ATTRIBUTE, MD_VIEW, PAGING, FILTER, ORDERBY) VALUES ('MATERIAL_MOVEMENTS', 'MATERIAL', 'MATERIAL_MOVEMENT', 'MOVEMENTS', 'Y', '', '', '');
INSERT INTO MASTER_DETAIL_RELATION (CONSTRAINT_NAME, MASTER_TABLE, DETAIL_TABLE, DETAIL_ATTRIBUTE, MD_VIEW, PAGING, FILTER, ORDERBY) VALUES ('MATERIAL_PACK_UNITS', 'MATERIAL', 'MATERIAL_PACK_UNIT', 'PACKING_UNITS', 'Y', '', '', '');
INSERT INTO MASTER_DETAIL_RELATION (CONSTRAINT_NAME, MASTER_TABLE, DETAIL_TABLE, DETAIL_ATTRIBUTE, MD_VIEW, PAGING, FILTER, ORDERBY) VALUES ('MATERIALS_REQUESTS', 'MATERIAL', 'MATERIAL_REQUEST_ITEM', 'REQUESTS', 'N', '', '', '');
INSERT INTO MASTER_DETAIL_RELATION (CONSTRAINT_NAME, MASTER_TABLE, DETAIL_TABLE, DETAIL_ATTRIBUTE, MD_VIEW, PAGING, FILTER, ORDERBY) VALUES ('MATERIAL_RESERVATIONS', 'MATERIAL', 'MATERIAL_RESERVATION', 'RESERVATIONS', 'Y', '', '', '');
INSERT INTO MASTER_DETAIL_RELATION (CONSTRAINT_NAME, MASTER_TABLE, DETAIL_TABLE, DETAIL_ATTRIBUTE, MD_VIEW, PAGING, FILTER, ORDERBY) VALUES ('MATERIAL_SALE_PRICES', 'MATERIAL', 'MATERIAL_SALE_PRICE', 'SALE_PRICES', 'Y', '', '', '');
INSERT INTO MASTER_DETAIL_RELATION (CONSTRAINT_NAME, MASTER_TABLE, DETAIL_TABLE, DETAIL_ATTRIBUTE, MD_VIEW, PAGING, FILTER, ORDERBY) VALUES ('MATERIAL_SALE_TAXES', 'MATERIAL', 'MATERIAL_SALE_TAX', 'SALE_TAXES', 'Y', '', '', '');
INSERT INTO MASTER_DETAIL_RELATION (CONSTRAINT_NAME, MASTER_TABLE, DETAIL_TABLE, DETAIL_ATTRIBUTE, MD_VIEW, PAGING, FILTER, ORDERBY) VALUES ('MATERIAL_BY_DEFINES', 'MATERIAL', 'PRODUCT_BY_DEFINE', 'MATERIAL_BY_DEFINES', 'N', '', '', '');
INSERT INTO MASTER_DETAIL_RELATION (CONSTRAINT_NAME, MASTER_TABLE, DETAIL_TABLE, DETAIL_ATTRIBUTE, MD_VIEW, PAGING, FILTER, ORDERBY) VALUES ('MATERIAL_PRICE_COMMITMENTS', 'MATERIAL', 'PRODUCT_PRICE_COMMITMENT', 'PRICE_COMMITMENTS', 'N', '', '', '');
INSERT INTO MASTER_DETAIL_RELATION (CONSTRAINT_NAME, MASTER_TABLE, DETAIL_TABLE, DETAIL_ATTRIBUTE, MD_VIEW, PAGING, FILTER, ORDERBY) VALUES ('MATERIALS_PRODUCTION_ORDERS', 'MATERIAL', 'PRODUCTION_ORDER_ITEM', 'PRODUCTION_ORDERS', 'Y', '', '', '');
INSERT INTO MASTER_DETAIL_RELATION (CONSTRAINT_NAME, MASTER_TABLE, DETAIL_TABLE, DETAIL_ATTRIBUTE, MD_VIEW, PAGING, FILTER, ORDERBY) VALUES ('RFP_ITEM_PROPOSAL_MATERIAL', 'MATERIAL', 'PROPOSAL_TO_RFP_ITEM', 'PROPOSAL_TO_RFP_ITEMS', 'N', '', '', '');
INSERT INTO MASTER_DETAIL_RELATION (CONSTRAINT_NAME, MASTER_TABLE, DETAIL_TABLE, DETAIL_ATTRIBUTE, MD_VIEW, PAGING, FILTER, ORDERBY) VALUES ('MATERIAL_PURCHASE_DELIVERIES', 'MATERIAL', 'PURCHASE_DELIVERY_LINE', 'PURCHASE_DELIVERIES', 'Y', '', '', '');
INSERT INTO MASTER_DETAIL_RELATION (CONSTRAINT_NAME, MASTER_TABLE, DETAIL_TABLE, DETAIL_ATTRIBUTE, MD_VIEW, PAGING, FILTER, ORDERBY) VALUES ('MATERIALS_PURCHASE_ORDERS', 'MATERIAL', 'PURCHASE_ORDER_ITEM', 'PURCHASE_ORDERS', 'Y', '', '', '');
INSERT INTO MASTER_DETAIL_RELATION (CONSTRAINT_NAME, MASTER_TABLE, DETAIL_TABLE, DETAIL_ATTRIBUTE, MD_VIEW, PAGING, FILTER, ORDERBY) VALUES ('RFP_ITEM_MATERIAL', 'MATERIAL', 'REQUEST_FOR_PROPOSAL_ITEM', 'REQUEST_FOR_PROPOSALS', 'N', '', '', '');
INSERT INTO MASTER_DETAIL_RELATION (CONSTRAINT_NAME, MASTER_TABLE, DETAIL_TABLE, DETAIL_ATTRIBUTE, MD_VIEW, PAGING, FILTER, ORDERBY) VALUES ('MATERIALS_SALES_CAMPAIGNS', 'MATERIAL', 'SALES_CAMPAIGN_ITEM', 'SALES_CAMPAIGNS', 'N', '', '', '');
INSERT INTO MASTER_DETAIL_RELATION (CONSTRAINT_NAME, MASTER_TABLE, DETAIL_TABLE, DETAIL_ATTRIBUTE, MD_VIEW, PAGING, FILTER, ORDERBY) VALUES ('MATERIAL_SALES_ORDERS', 'MATERIAL', 'SALES_ORDER_ITEM', 'SALES_ORDERS', 'Y', '', '', '');
INSERT INTO MASTER_DETAIL_RELATION (CONSTRAINT_NAME, MASTER_TABLE, DETAIL_TABLE, DETAIL_ATTRIBUTE, MD_VIEW, PAGING, FILTER, ORDERBY) VALUES ('MATERIAL_SHIPMENTS', 'MATERIAL', 'SHIPMENT_LINE', 'SHIPMENTS', 'N', '', '', '');
INSERT INTO MASTER_DETAIL_RELATION (CONSTRAINT_NAME, MASTER_TABLE, DETAIL_TABLE, DETAIL_ATTRIBUTE, MD_VIEW, PAGING, FILTER, ORDERBY) VALUES ('MATERIAL_ATTRIBUTE_EQUIPMENTS', 'MATERIAL_ATTRIBUTE_GROUP', 'EQUIPMENT_ATTRIBUTE', 'EQUIPMENTS', 'Y', '', '', '');
INSERT INTO MASTER_DETAIL_RELATION (CONSTRAINT_NAME, MASTER_TABLE, DETAIL_TABLE, DETAIL_ATTRIBUTE, MD_VIEW, PAGING, FILTER, ORDERBY) VALUES ('ATTRIBUTE_GROUP_MATERIALS', 'MATERIAL_ATTRIBUTE_GROUP', 'MATERIAL_ATTRIBUTE', 'MATERIALS', 'Y', '', '', '');
INSERT INTO MASTER_DETAIL_RELATION (CONSTRAINT_NAME, MASTER_TABLE, DETAIL_TABLE, DETAIL_ATTRIBUTE, MD_VIEW, PAGING, FILTER, ORDERBY) VALUES ('MATERIAL_ATTRIBUTE_OPTIONS', 'MATERIAL_ATTRIBUTE_GROUP', 'MATERIAL_ATTRIBUTE_OPTION', 'OPTIONS', 'Y', '', '', '');
INSERT INTO MASTER_DETAIL_RELATION (CONSTRAINT_NAME, MASTER_TABLE, DETAIL_TABLE, DETAIL_ATTRIBUTE, MD_VIEW, PAGING, FILTER, ORDERBY) VALUES ('ATTR_GROUP_MATERIAL_REQUESTS', 'MATERIAL_ATTRIBUTE_GROUP', 'MATERIAL_REQUEST_ITEM_ATTR', 'MATERIAL_REQUESTS', 'N', '', '', '');
INSERT INTO MASTER_DETAIL_RELATION (CONSTRAINT_NAME, MASTER_TABLE, DETAIL_TABLE, DETAIL_ATTRIBUTE, MD_VIEW, PAGING, FILTER, ORDERBY) VALUES ('ATTRIBUTE_GROUP_MATERIAL_TYPES', 'MATERIAL_ATTRIBUTE_GROUP', 'MATERIAL_TYPE_ATTRIBUTE', 'MATERIAL_TYPES', 'N', '', '', '');
INSERT INTO MASTER_DETAIL_RELATION (CONSTRAINT_NAME, MASTER_TABLE, DETAIL_TABLE, DETAIL_ATTRIBUTE, MD_VIEW, PAGING, FILTER, ORDERBY) VALUES ('ATTR_GROUP_PURCHASE_ORDERS', 'MATERIAL_ATTRIBUTE_GROUP', 'PURCHASE_ORDER_ITEM_ATTR', 'PURCHASE_ORDERS', 'N', '', '', '');
INSERT INTO MASTER_DETAIL_RELATION (CONSTRAINT_NAME, MASTER_TABLE, DETAIL_TABLE, DETAIL_ATTRIBUTE, MD_VIEW, PAGING, FILTER, ORDERBY) VALUES ('ATTRIBUTE_GROUP_SALES_ORDERS', 'MATERIAL_ATTRIBUTE_GROUP', 'SALES_ORDER_ITEM_ATTR', 'SALES_ORDERS', 'N', '', '', '');
INSERT INTO MASTER_DETAIL_RELATION (CONSTRAINT_NAME, MASTER_TABLE, DETAIL_TABLE, DETAIL_ATTRIBUTE, MD_VIEW, PAGING, FILTER, ORDERBY) VALUES ('MATERIAL_GROUPS', 'MATERIAL_GROUP', 'MATERIAL_GROUP', 'SUB_GROUPS', 'Y', '', '', '');
INSERT INTO MASTER_DETAIL_RELATION (CONSTRAINT_NAME, MASTER_TABLE, DETAIL_TABLE, DETAIL_ATTRIBUTE, MD_VIEW, PAGING, FILTER, ORDERBY) VALUES ('GROUP_MATERIAL_ASSIGNMENTS', 'MATERIAL_GROUP', 'MATERIAL_GROUP_ASSIGNMENT', 'MATERIAL_ASSIGNMENTS', 'Y', '', '', '');
INSERT INTO MASTER_DETAIL_RELATION (CONSTRAINT_NAME, MASTER_TABLE, DETAIL_TABLE, DETAIL_ATTRIBUTE, MD_VIEW, PAGING, FILTER, ORDERBY) VALUES ('LOT_INVENTORIES', 'MATERIAL_INVENTORY', 'LOT_INVENTORY', 'LOT_INVENTORIES', 'Y', '', '', '');
INSERT INTO MASTER_DETAIL_RELATION (CONSTRAINT_NAME, MASTER_TABLE, DETAIL_TABLE, DETAIL_ATTRIBUTE, MD_VIEW, PAGING, FILTER, ORDERBY) VALUES ('MATERIAL_REQUEST_ITEMS', 'MATERIAL_REQUEST', 'MATERIAL_REQUEST_ITEM', 'ITEMS', 'Y', '', '', '');
INSERT INTO MASTER_DETAIL_RELATION (CONSTRAINT_NAME, MASTER_TABLE, DETAIL_TABLE, DETAIL_ATTRIBUTE, MD_VIEW, PAGING, FILTER, ORDERBY) VALUES ('MATERIAL_REQUEST_ITEM_ATTRS', 'MATERIAL_REQUEST_ITEM', 'MATERIAL_REQUEST_ITEM_ATTR', 'ITEM_ATTRIBUTES', 'Y', '', '', '');
INSERT INTO MASTER_DETAIL_RELATION (CONSTRAINT_NAME, MASTER_TABLE, DETAIL_TABLE, DETAIL_ATTRIBUTE, MD_VIEW, PAGING, FILTER, ORDERBY) VALUES ('MATERIAL_TYPE_IN_EQUIPMENTS', 'MATERIAL_TYPE', 'FINAL_EQUIPMENT_PART', 'EQUIPMENTS', 'Y', '', '', '');
INSERT INTO MASTER_DETAIL_RELATION (CONSTRAINT_NAME, MASTER_TABLE, DETAIL_TABLE, DETAIL_ATTRIBUTE, MD_VIEW, PAGING, FILTER, ORDERBY) VALUES ('MATERIAL_TYPE_MX_STEPS', 'MATERIAL_TYPE', 'MAINTENANCE_STEP', 'MAINTENANCE_STEPS', 'Y', '', '', '');
INSERT INTO MASTER_DETAIL_RELATION (CONSTRAINT_NAME, MASTER_TABLE, DETAIL_TABLE, DETAIL_ATTRIBUTE, MD_VIEW, PAGING, FILTER, ORDERBY) VALUES ('MATERIALS', 'MATERIAL_TYPE', 'MATERIAL', 'MATERIALS', 'Y', '', '', '');
INSERT INTO MASTER_DETAIL_RELATION (CONSTRAINT_NAME, MASTER_TABLE, DETAIL_TABLE, DETAIL_ATTRIBUTE, MD_VIEW, PAGING, FILTER, ORDERBY) VALUES ('MATERIAL_TYPE_ATTRIBUTES', 'MATERIAL_TYPE', 'MATERIAL_TYPE_ATTRIBUTE', 'ATTRIBUTES', 'Y', '', '', '');
INSERT INTO MASTER_DETAIL_RELATION (CONSTRAINT_NAME, MASTER_TABLE, DETAIL_TABLE, DETAIL_ATTRIBUTE, MD_VIEW, PAGING, FILTER, ORDERBY) VALUES ('MATERIAL_TYPE_BY_DEFINE', 'MATERIAL_TYPE', 'PRODUCT_TYPE_BY_DEFINE', 'MATERIAL_TYPE_BY_DEFINE', 'Y', '', '', '');
INSERT INTO MASTER_DETAIL_RELATION (CONSTRAINT_NAME, MASTER_TABLE, DETAIL_TABLE, DETAIL_ATTRIBUTE, MD_VIEW, PAGING, FILTER, ORDERBY) VALUES ('RFP_ITEM_PROPOSAL_MAT_TYPE', 'MATERIAL_TYPE', 'PROPOSAL_TO_RFP_ITEM', 'PROPOSAL_TO_RFPES', 'N', '', '', '');
INSERT INTO MASTER_DETAIL_RELATION (CONSTRAINT_NAME, MASTER_TABLE, DETAIL_TABLE, DETAIL_ATTRIBUTE, MD_VIEW, PAGING, FILTER, ORDERBY) VALUES ('RFP_ITEM_MATERIAL_TYPE', 'MATERIAL_TYPE', 'REQUEST_FOR_PROPOSAL_ITEM', 'RFP_ITEMS', 'N', '', '', '');
INSERT INTO MASTER_DETAIL_RELATION (CONSTRAINT_NAME, MASTER_TABLE, DETAIL_TABLE, DETAIL_ATTRIBUTE, MD_VIEW, PAGING, FILTER, ORDERBY) VALUES ('MATERIAL_TYPE_SERVICE_TYPES', 'MATERIAL_TYPE', 'SERVICE_TYPE_STEP', 'SERVICE_TYPES', 'Y', '', '', '');
INSERT INTO MASTER_DETAIL_RELATION (CONSTRAINT_NAME, MASTER_TABLE, DETAIL_TABLE, DETAIL_ATTRIBUTE, MD_VIEW, PAGING, FILTER, ORDERBY) VALUES ('COUNTER_TYPE_MAINTENANCES', 'MX_COUNTER_TYPE', 'MAINTENANCE_COUNTER', 'MAINTENANCE_COUNTERS', 'Y', '', '', '');
INSERT INTO MASTER_DETAIL_RELATION (CONSTRAINT_NAME, MASTER_TABLE, DETAIL_TABLE, DETAIL_ATTRIBUTE, MD_VIEW, PAGING, FILTER, ORDERBY) VALUES ('MX_COUNTER_TYPE_INTERVALS', 'MX_COUNTER_TYPE', 'MX_COUNTER_INTERVAL', 'INTERVALS', 'Y', '', '', '');
INSERT INTO MASTER_DETAIL_RELATION (CONSTRAINT_NAME, MASTER_TABLE, DETAIL_TABLE, DETAIL_ATTRIBUTE, MD_VIEW, PAGING, FILTER, ORDERBY) VALUES ('NOTIFICATION_RECIPIENTS', 'NOTIFICATION_TYPE', 'NOTIFICATION_RECIPIENT', 'RECIPIENTS', 'N', '', '', '');
INSERT INTO MASTER_DETAIL_RELATION (CONSTRAINT_NAME, MASTER_TABLE, DETAIL_TABLE, DETAIL_ATTRIBUTE, MD_VIEW, PAGING, FILTER, ORDERBY) VALUES ('NOTIFIED_USERS', 'NOTIFICATION_TYPE', 'USER_NOTIFICATION', 'NOTIFIED_USERS', 'N', '', '', '');
INSERT INTO MASTER_DETAIL_RELATION (CONSTRAINT_NAME, MASTER_TABLE, DETAIL_TABLE, DETAIL_ATTRIBUTE, MD_VIEW, PAGING, FILTER, ORDERBY) VALUES ('ORGANIZATIONS_EQUIPMENT', 'ORGANIZATION', 'EQUIPMENT_LOCATION', 'EQUIPMENTS', 'Y', '', '', '');
INSERT INTO MASTER_DETAIL_RELATION (CONSTRAINT_NAME, MASTER_TABLE, DETAIL_TABLE, DETAIL_ATTRIBUTE, MD_VIEW, PAGING, FILTER, ORDERBY) VALUES ('ORGANIZATION_MAINTENANCES', 'ORGANIZATION', 'MAINTENANCE', 'MAINTENANCES', 'Y', '', '', '');
INSERT INTO MASTER_DETAIL_RELATION (CONSTRAINT_NAME, MASTER_TABLE, DETAIL_TABLE, DETAIL_ATTRIBUTE, MD_VIEW, PAGING, FILTER, ORDERBY) VALUES ('ORGANIZATIONS_INVENTORIES', 'ORGANIZATION', 'MATERIAL_INVENTORY', 'MATERIAL_INVENTORY', 'Y', '', '', '');
INSERT INTO MASTER_DETAIL_RELATION (CONSTRAINT_NAME, MASTER_TABLE, DETAIL_TABLE, DETAIL_ATTRIBUTE, MD_VIEW, PAGING, FILTER, ORDERBY) VALUES ('ORGANIZATION_INVNT_HISTORIES', 'ORGANIZATION', 'MATERIAL_INVENTORY_HISTORY', 'INVENTORY_HISTORIES', 'Y', '', '', '');
INSERT INTO MASTER_DETAIL_RELATION (CONSTRAINT_NAME, MASTER_TABLE, DETAIL_TABLE, DETAIL_ATTRIBUTE, MD_VIEW, PAGING, FILTER, ORDERBY) VALUES ('MATERIAL_REQUESTS', 'ORGANIZATION', 'MATERIAL_REQUEST', 'MATERIAL_REQUESTS', 'N', '', '', '');
INSERT INTO MASTER_DETAIL_RELATION (CONSTRAINT_NAME, MASTER_TABLE, DETAIL_TABLE, DETAIL_ATTRIBUTE, MD_VIEW, PAGING, FILTER, ORDERBY) VALUES ('CHILD_ORGANIZATIONS', 'ORGANIZATION', 'ORGANIZATION', 'CHILD_ORGANIZATIONS', 'Y', '', '', '');
INSERT INTO MASTER_DETAIL_RELATION (CONSTRAINT_NAME, MASTER_TABLE, DETAIL_TABLE, DETAIL_ATTRIBUTE, MD_VIEW, PAGING, FILTER, ORDERBY) VALUES ('POSITIONS', 'ORGANIZATION', 'POSITION', 'POSITIONS', 'Y', '', '', '');
INSERT INTO MASTER_DETAIL_RELATION (CONSTRAINT_NAME, MASTER_TABLE, DETAIL_TABLE, DETAIL_ATTRIBUTE, MD_VIEW, PAGING, FILTER, ORDERBY) VALUES ('PRODUCT_TYPE_BY_DEFINES', 'ORGANIZATION', 'PRODUCT_TYPE_BY_DEFINE', 'PRODUCT_TYPE_BY_DEFINES', 'N', '', '', '');
INSERT INTO MASTER_DETAIL_RELATION (CONSTRAINT_NAME, MASTER_TABLE, DETAIL_TABLE, DETAIL_ATTRIBUTE, MD_VIEW, PAGING, FILTER, ORDERBY) VALUES ('ORGANIZATIONS_PRODUCTION_JOBS', 'ORGANIZATION', 'PRODUCTION_JOB', 'PRODUCTION_JOBS', 'Y', '', '', '');
INSERT INTO MASTER_DETAIL_RELATION (CONSTRAINT_NAME, MASTER_TABLE, DETAIL_TABLE, DETAIL_ATTRIBUTE, MD_VIEW, PAGING, FILTER, ORDERBY) VALUES ('PRODUCTION_ORDERS', 'ORGANIZATION', 'PRODUCTION_ORDER', 'PRODUCTION_ORDERS', 'Y', '', '', '');
INSERT INTO MASTER_DETAIL_RELATION (CONSTRAINT_NAME, MASTER_TABLE, DETAIL_TABLE, DETAIL_ATTRIBUTE, MD_VIEW, PAGING, FILTER, ORDERBY) VALUES ('PRODUCTION_RESOURCES', 'ORGANIZATION', 'PRODUCTION_RESOURCE', 'PRODUCTION_RESOURCES', 'Y', '', '', '');
INSERT INTO MASTER_DETAIL_RELATION (CONSTRAINT_NAME, MASTER_TABLE, DETAIL_TABLE, DETAIL_ATTRIBUTE, MD_VIEW, PAGING, FILTER, ORDERBY) VALUES ('PURCHASE_DELIVERIES', 'ORGANIZATION', 'PURCHASE_DELIVERY', 'PURCHASE_DELIVERIES', 'Y', '', '', '');
INSERT INTO MASTER_DETAIL_RELATION (CONSTRAINT_NAME, MASTER_TABLE, DETAIL_TABLE, DETAIL_ATTRIBUTE, MD_VIEW, PAGING, FILTER, ORDERBY) VALUES ('PURCHASE_ORDERS', 'ORGANIZATION', 'PURCHASE_ORDER', 'PURCHASE_ORDERS', 'Y', '', '', '');
INSERT INTO MASTER_DETAIL_RELATION (CONSTRAINT_NAME, MASTER_TABLE, DETAIL_TABLE, DETAIL_ATTRIBUTE, MD_VIEW, PAGING, FILTER, ORDERBY) VALUES ('SHIPMENTS', 'ORGANIZATION', 'SHIPMENT', 'SHIPMENTS', 'N', '', '', '');
INSERT INTO MASTER_DETAIL_RELATION (CONSTRAINT_NAME, MASTER_TABLE, DETAIL_TABLE, DETAIL_ATTRIBUTE, MD_VIEW, PAGING, FILTER, ORDERBY) VALUES ('ADDRESS_ORGANIZATIONS', 'PARTNER_ADDRESS', 'ORGANIZATION', 'ADDRESS_ORGANIZATIONS', 'Y', '', '', '');
INSERT INTO MASTER_DETAIL_RELATION (CONSTRAINT_NAME, MASTER_TABLE, DETAIL_TABLE, DETAIL_ATTRIBUTE, MD_VIEW, PAGING, FILTER, ORDERBY) VALUES ('ADDRESS_PURCHASE_DELIVERIES', 'PARTNER_ADDRESS', 'PURCHASE_DELIVERY_ADDRESS', 'PURCHASE_DELIVERIES', 'N', '', '', '');
INSERT INTO MASTER_DETAIL_RELATION (CONSTRAINT_NAME, MASTER_TABLE, DETAIL_TABLE, DETAIL_ATTRIBUTE, MD_VIEW, PAGING, FILTER, ORDERBY) VALUES ('RFP_DELIVERY_ADDRESS', 'PARTNER_ADDRESS', 'REQUEST_FOR_PROPOSAL', 'REQUEST_FOR_PROPOSALS', 'N', '', '', '');
INSERT INTO MASTER_DETAIL_RELATION (CONSTRAINT_NAME, MASTER_TABLE, DETAIL_TABLE, DETAIL_ATTRIBUTE, MD_VIEW, PAGING, FILTER, ORDERBY) VALUES ('TYPE_CERTIFICATIONS', 'PARTNER_CERTIFICATION_TYPE', 'PARTNER_CERTIFICATION', 'CERTIFICATIONS', 'N', '', '', '');
INSERT INTO MASTER_DETAIL_RELATION (CONSTRAINT_NAME, MASTER_TABLE, DETAIL_TABLE, DETAIL_ATTRIBUTE, MD_VIEW, PAGING, FILTER, ORDERBY) VALUES ('CREDIT_CARDS', 'PERSON', 'CREDIT_CARD', 'CREDIT_CARDS', 'N', '', '', '');
INSERT INTO MASTER_DETAIL_RELATION (CONSTRAINT_NAME, MASTER_TABLE, DETAIL_TABLE, DETAIL_ATTRIBUTE, MD_VIEW, PAGING, FILTER, ORDERBY) VALUES ('PERSONS_EMPLOYMENTS', 'PERSON', 'EMPLOYEE', 'EMPLOYMENTS', 'Y', '', '', '');
INSERT INTO MASTER_DETAIL_RELATION (CONSTRAINT_NAME, MASTER_TABLE, DETAIL_TABLE, DETAIL_ATTRIBUTE, MD_VIEW, PAGING, FILTER, ORDERBY) VALUES ('PERSONS_EQUIPMENT_ASSIGNMENTS', 'PERSON', 'EQUIPMENT_ASSIGNMENT', 'EQUIPMENT_ASSIGNMENTS', 'Y', '', '', '');
INSERT INTO MASTER_DETAIL_RELATION (CONSTRAINT_NAME, MASTER_TABLE, DETAIL_TABLE, DETAIL_ATTRIBUTE, MD_VIEW, PAGING, FILTER, ORDERBY) VALUES ('PERSON_QUALIFICATIONS', 'PERSON', 'PERSON_QUALIFICATION', 'QUALIFICATIONS', 'Y', '', '', '');
INSERT INTO MASTER_DETAIL_RELATION (CONSTRAINT_NAME, MASTER_TABLE, DETAIL_TABLE, DETAIL_ATTRIBUTE, MD_VIEW, PAGING, FILTER, ORDERBY) VALUES ('PERSONS_USER_ACCOUNTS', 'PERSON', 'USER_ACCOUNT_OWNER', 'USER_ACCOUNTS', 'Y', '', '', '');
INSERT INTO MASTER_DETAIL_RELATION (CONSTRAINT_NAME, MASTER_TABLE, DETAIL_TABLE, DETAIL_ATTRIBUTE, MD_VIEW, PAGING, FILTER, ORDERBY) VALUES ('ASSIGNED_PERSONNEL', 'POSITION', 'POSITION_ASSIGNMENT', 'ASSIGNED_PERSONNEL', 'Y', '', '', '');
INSERT INTO MASTER_DETAIL_RELATION (CONSTRAINT_NAME, MASTER_TABLE, DETAIL_TABLE, DETAIL_ATTRIBUTE, MD_VIEW, PAGING, FILTER, ORDERBY) VALUES ('REQUIRED_QUALIFICATIONS', 'POSITION', 'POSITION_QUALIFICATION', 'REQUIRED_QUALIFICATIONS', 'Y', '', '', '');
INSERT INTO MASTER_DETAIL_RELATION (CONSTRAINT_NAME, MASTER_TABLE, DETAIL_TABLE, DETAIL_ATTRIBUTE, MD_VIEW, PAGING, FILTER, ORDERBY) VALUES ('TYPE_POSITIONS', 'POSITION_TYPE', 'POSITION', 'POSITIONS', 'Y', '', '', '');
INSERT INTO MASTER_DETAIL_RELATION (CONSTRAINT_NAME, MASTER_TABLE, DETAIL_TABLE, DETAIL_ATTRIBUTE, MD_VIEW, PAGING, FILTER, ORDERBY) VALUES ('PRODUCT_PRICE_COMMITMENT_ITEMS', 'PRODUCT_PRICE_COMMITMENT', 'PRODUCT_PRICE_COMMITMENT_ITEM', 'ITEMS', 'Y', '', '', '');
INSERT INTO MASTER_DETAIL_RELATION (CONSTRAINT_NAME, MASTER_TABLE, DETAIL_TABLE, DETAIL_ATTRIBUTE, MD_VIEW, PAGING, FILTER, ORDERBY) VALUES ('COMMITMENT_SALES_ORDERS', 'PRODUCT_PRICE_COMMITMENT', 'SALES_ORDER_COMMITMENT', 'SALES_ORDERS', 'Y', '', '', '');
INSERT INTO MASTER_DETAIL_RELATION (CONSTRAINT_NAME, MASTER_TABLE, DETAIL_TABLE, DETAIL_ATTRIBUTE, MD_VIEW, PAGING, FILTER, ORDERBY) VALUES ('PRODUCT_BY_DEFINES', 'PRODUCT_TYPE_BY_DEFINE', 'PRODUCT_BY_DEFINE', 'PRODUCT_BY_DEFINES', 'Y', '', '', '');
INSERT INTO MASTER_DETAIL_RELATION (CONSTRAINT_NAME, MASTER_TABLE, DETAIL_TABLE, DETAIL_ATTRIBUTE, MD_VIEW, PAGING, FILTER, ORDERBY) VALUES ('PRODUCTION_JOB_RESOURCES', 'PRODUCTION_JOB', 'PRODUCTION_JOB_RESOURCE', 'RESOURCES', 'Y', '', '', '');
INSERT INTO MASTER_DETAIL_RELATION (CONSTRAINT_NAME, MASTER_TABLE, DETAIL_TABLE, DETAIL_ATTRIBUTE, MD_VIEW, PAGING, FILTER, ORDERBY) VALUES ('PRODUCTION_ORDER_ITEMS', 'PRODUCTION_ORDER', 'PRODUCTION_ORDER_ITEM', 'ITEMS', 'Y', '', '', '');
INSERT INTO MASTER_DETAIL_RELATION (CONSTRAINT_NAME, MASTER_TABLE, DETAIL_TABLE, DETAIL_ATTRIBUTE, MD_VIEW, PAGING, FILTER, ORDERBY) VALUES ('PRODUCTION_ORDER_ITEM_JOBS', 'PRODUCTION_ORDER_ITEM', 'PRODUCTION_JOB', 'JOBS', 'Y', '', '', '');
INSERT INTO MASTER_DETAIL_RELATION (CONSTRAINT_NAME, MASTER_TABLE, DETAIL_TABLE, DETAIL_ATTRIBUTE, MD_VIEW, PAGING, FILTER, ORDERBY) VALUES ('PRODUCTION_LINE_REASONS', 'PRODUCTION_ORDER_ITEM', 'PRODUCTION_LINE_REASON', 'REASONS', 'Y', '', '', '');
INSERT INTO MASTER_DETAIL_RELATION (CONSTRAINT_NAME, MASTER_TABLE, DETAIL_TABLE, DETAIL_ATTRIBUTE, MD_VIEW, PAGING, FILTER, ORDERBY) VALUES ('PRODUCTION_RESOURCE_JOBS', 'PRODUCTION_RESOURCE', 'PRODUCTION_JOB_RESOURCE', 'ASSIGNED_JOBS', 'Y', '', '', '');
INSERT INTO MASTER_DETAIL_RELATION (CONSTRAINT_NAME, MASTER_TABLE, DETAIL_TABLE, DETAIL_ATTRIBUTE, MD_VIEW, PAGING, FILTER, ORDERBY) VALUES ('PROJECT_APPROVAL_HISTORIES', 'PROJECT', 'PROJECT_APPROVAL_HISTORY', 'APPROVAL_HISTORIES', 'N', '', '', '');
INSERT INTO MASTER_DETAIL_RELATION (CONSTRAINT_NAME, MASTER_TABLE, DETAIL_TABLE, DETAIL_ATTRIBUTE, MD_VIEW, PAGING, FILTER, ORDERBY) VALUES ('PROJECT_TEAMS', 'PROJECT', 'PROJECT_TEAM', 'TEAMS', 'N', '', '', '');
INSERT INTO MASTER_DETAIL_RELATION (CONSTRAINT_NAME, MASTER_TABLE, DETAIL_TABLE, DETAIL_ATTRIBUTE, MD_VIEW, PAGING, FILTER, ORDERBY) VALUES ('PROJECT_WBSES', 'PROJECT', 'PROJECT_WBS', 'WBSES', 'Y', '', '', '');
INSERT INTO MASTER_DETAIL_RELATION (CONSTRAINT_NAME, MASTER_TABLE, DETAIL_TABLE, DETAIL_ATTRIBUTE, MD_VIEW, PAGING, FILTER, ORDERBY) VALUES ('PROJECT_TEAM_PERSONNEL', 'PROJECT_TEAM', 'PROJECT_TEAM_PERSON', 'TEAM_PERSONNEL', 'Y', '', '', '');
INSERT INTO MASTER_DETAIL_RELATION (CONSTRAINT_NAME, MASTER_TABLE, DETAIL_TABLE, DETAIL_ATTRIBUTE, MD_VIEW, PAGING, FILTER, ORDERBY) VALUES ('PROJECT_TEAM_TEMPLATES', 'PROJECT_TEAM', 'PROJECT_TEAM_TEMPLATE', 'TEMPLATES', 'Y', '', '', '');
INSERT INTO MASTER_DETAIL_RELATION (CONSTRAINT_NAME, MASTER_TABLE, DETAIL_TABLE, DETAIL_ATTRIBUTE, MD_VIEW, PAGING, FILTER, ORDERBY) VALUES ('PROJECT_TEAM_WBS_QUANTITIES', 'PROJECT_TEAM', 'PROJECT_WBS_QUANTITY', 'WBS_QUANTITIES', 'N', '', '', '');
INSERT INTO MASTER_DETAIL_RELATION (CONSTRAINT_NAME, MASTER_TABLE, DETAIL_TABLE, DETAIL_ATTRIBUTE, MD_VIEW, PAGING, FILTER, ORDERBY) VALUES ('PROJECT_TEAM_PERSONNEL_MANHOUR', 'PROJECT_TEAM_PERSON', 'PROJECT_WBS_MANHOUR', 'WBS_MANHOUR', 'N', '', '', '');
INSERT INTO MASTER_DETAIL_RELATION (CONSTRAINT_NAME, MASTER_TABLE, DETAIL_TABLE, DETAIL_ATTRIBUTE, MD_VIEW, PAGING, FILTER, ORDERBY) VALUES ('PROJECT_WBS_TEAM_TEMPLATES', 'PROJECT_WBS', 'PROJECT_TEAM_TEMPLATE', 'TEAM_TEMPLATES', 'N', '', '', '');
INSERT INTO MASTER_DETAIL_RELATION (CONSTRAINT_NAME, MASTER_TABLE, DETAIL_TABLE, DETAIL_ATTRIBUTE, MD_VIEW, PAGING, FILTER, ORDERBY) VALUES ('PROJECT_WBS_MANHOURS', 'PROJECT_WBS', 'PROJECT_WBS_MANHOUR', 'MANHOURS', 'Y', '', '', '');
INSERT INTO MASTER_DETAIL_RELATION (CONSTRAINT_NAME, MASTER_TABLE, DETAIL_TABLE, DETAIL_ATTRIBUTE, MD_VIEW, PAGING, FILTER, ORDERBY) VALUES ('PROJECT_WBS_QUANTITIES', 'PROJECT_WBS', 'PROJECT_WBS_QUANTITY', 'QUANTITIES', 'Y', '', '', '');
INSERT INTO MASTER_DETAIL_RELATION (CONSTRAINT_NAME, MASTER_TABLE, DETAIL_TABLE, DETAIL_ATTRIBUTE, MD_VIEW, PAGING, FILTER, ORDERBY) VALUES ('PROPOSAL_TO_RFP_DIALOGS', 'PROPOSAL_TO_RFP', 'PROPOSAL_TO_RFP_DIALOG', 'DIALOGS', 'N', '', '', '');
INSERT INTO MASTER_DETAIL_RELATION (CONSTRAINT_NAME, MASTER_TABLE, DETAIL_TABLE, DETAIL_ATTRIBUTE, MD_VIEW, PAGING, FILTER, ORDERBY) VALUES ('PROPOSAL_TO_RFP_ITEMS', 'PROPOSAL_TO_RFP', 'PROPOSAL_TO_RFP_ITEM', 'ITEMS', 'Y', '', '', '');
INSERT INTO MASTER_DETAIL_RELATION (CONSTRAINT_NAME, MASTER_TABLE, DETAIL_TABLE, DETAIL_ATTRIBUTE, MD_VIEW, PAGING, FILTER, ORDERBY) VALUES ('PURCHASE_DELIVERY_LINES', 'PURCHASE_DELIVERY', 'PURCHASE_DELIVERY_LINE', 'LINES', 'Y', '', '', '');
INSERT INTO MASTER_DETAIL_RELATION (CONSTRAINT_NAME, MASTER_TABLE, DETAIL_TABLE, DETAIL_ATTRIBUTE, MD_VIEW, PAGING, FILTER, ORDERBY) VALUES ('PURCHASE_DELIVERY_ADDRESSES', 'PURCHASE_ORDER', 'PURCHASE_DELIVERY_ADDRESS', 'DELIVERY_ADDRESSES', 'N', '', '', '');
INSERT INTO MASTER_DETAIL_RELATION (CONSTRAINT_NAME, MASTER_TABLE, DETAIL_TABLE, DETAIL_ATTRIBUTE, MD_VIEW, PAGING, FILTER, ORDERBY) VALUES ('PURCHASE_ORDER_ITEMS', 'PURCHASE_ORDER', 'PURCHASE_ORDER_ITEM', 'ITEMS', 'Y', '', '', '');
INSERT INTO MASTER_DETAIL_RELATION (CONSTRAINT_NAME, MASTER_TABLE, DETAIL_TABLE, DETAIL_ATTRIBUTE, MD_VIEW, PAGING, FILTER, ORDERBY) VALUES ('PURCHASE_ORDER_ITEM_DELIVERIES', 'PURCHASE_ORDER_ITEM', 'PURCHASE_DELIVERY_LINE', 'ITEM_DELIVERIES', 'Y', '', '', '');
INSERT INTO MASTER_DETAIL_RELATION (CONSTRAINT_NAME, MASTER_TABLE, DETAIL_TABLE, DETAIL_ATTRIBUTE, MD_VIEW, PAGING, FILTER, ORDERBY) VALUES ('PURCHASE_ORDER_ITEM_ATTRS', 'PURCHASE_ORDER_ITEM', 'PURCHASE_ORDER_ITEM_ATTR', 'ITEM_ATTRIBUTES', 'Y', '', '', '');
INSERT INTO MASTER_DETAIL_RELATION (CONSTRAINT_NAME, MASTER_TABLE, DETAIL_TABLE, DETAIL_ATTRIBUTE, MD_VIEW, PAGING, FILTER, ORDERBY) VALUES ('PURCHASE_ORDER_TAXES', 'PURCHASE_ORDER_ITEM', 'PURCHASE_ORDER_TAX', 'TAXES', 'Y', '', '', '');
INSERT INTO MASTER_DETAIL_RELATION (CONSTRAINT_NAME, MASTER_TABLE, DETAIL_TABLE, DETAIL_ATTRIBUTE, MD_VIEW, PAGING, FILTER, ORDERBY) VALUES ('PURCHASE_REASONS', 'PURCHASE_ORDER_ITEM', 'PURCHASE_REASON', 'PURCHASE_REASONS', 'Y', '', '', '');
INSERT INTO MASTER_DETAIL_RELATION (CONSTRAINT_NAME, MASTER_TABLE, DETAIL_TABLE, DETAIL_ATTRIBUTE, MD_VIEW, PAGING, FILTER, ORDERBY) VALUES ('QUALIFIED_PERSONNEL', 'QUALIFICATION', 'PERSON_QUALIFICATION', 'QUALIFIED_PERSONNEL', 'Y', '', '', '');
INSERT INTO MASTER_DETAIL_RELATION (CONSTRAINT_NAME, MASTER_TABLE, DETAIL_TABLE, DETAIL_ATTRIBUTE, MD_VIEW, PAGING, FILTER, ORDERBY) VALUES ('QUALIFIED_POSITIONS', 'QUALIFICATION', 'POSITION_QUALIFICATION', 'QUALIFIED_POSITIONS', 'Y', '', '', '');
INSERT INTO MASTER_DETAIL_RELATION (CONSTRAINT_NAME, MASTER_TABLE, DETAIL_TABLE, DETAIL_ATTRIBUTE, MD_VIEW, PAGING, FILTER, ORDERBY) VALUES ('REQUEST_FOR_PROPOSAL_ITEMS', 'REQUEST_FOR_PROPOSAL', 'REQUEST_FOR_PROPOSAL_ITEM', 'ITEMS', 'Y', '', '', '');
INSERT INTO MASTER_DETAIL_RELATION (CONSTRAINT_NAME, MASTER_TABLE, DETAIL_TABLE, DETAIL_ATTRIBUTE, MD_VIEW, PAGING, FILTER, ORDERBY) VALUES ('RFP_PUBLISHMENTS', 'REQUEST_FOR_PROPOSAL', 'RFP_PUBLISHMENT', 'RFP_PUBLISHMENTS', 'N', '', '', '');
INSERT INTO MASTER_DETAIL_RELATION (CONSTRAINT_NAME, MASTER_TABLE, DETAIL_TABLE, DETAIL_ATTRIBUTE, MD_VIEW, PAGING, FILTER, ORDERBY) VALUES ('RFP_ITEM_PROPOSALS', 'REQUEST_FOR_PROPOSAL_ITEM', 'PROPOSAL_TO_RFP_ITEM', 'RFP_ITEM_PROPOSALS', 'N', '', '', '');
INSERT INTO MASTER_DETAIL_RELATION (CONSTRAINT_NAME, MASTER_TABLE, DETAIL_TABLE, DETAIL_ATTRIBUTE, MD_VIEW, PAGING, FILTER, ORDERBY) VALUES ('SALES_CAMPAIGN_ITEMS', 'SALES_CAMPAIGN', 'SALES_CAMPAIGN_ITEM', 'ITEMS', 'Y', '', '', '');
INSERT INTO MASTER_DETAIL_RELATION (CONSTRAINT_NAME, MASTER_TABLE, DETAIL_TABLE, DETAIL_ATTRIBUTE, MD_VIEW, PAGING, FILTER, ORDERBY) VALUES ('SALES_DELIVERY_ADDRESSES', 'SALES_ORDER', 'SALES_DELIVERY_ADDRESS', 'DELIVERY_ADDRESSES', 'N', '', '', '');
INSERT INTO MASTER_DETAIL_RELATION (CONSTRAINT_NAME, MASTER_TABLE, DETAIL_TABLE, DETAIL_ATTRIBUTE, MD_VIEW, PAGING, FILTER, ORDERBY) VALUES ('SALES_ORDER_ITEMS', 'SALES_ORDER', 'SALES_ORDER_ITEM', 'ITEMS', 'Y', '', '', '');
INSERT INTO MASTER_DETAIL_RELATION (CONSTRAINT_NAME, MASTER_TABLE, DETAIL_TABLE, DETAIL_ATTRIBUTE, MD_VIEW, PAGING, FILTER, ORDERBY) VALUES ('SALES_ORDER_COMMITMENTS', 'SALES_ORDER_ITEM', 'SALES_ORDER_COMMITMENT', 'COMMITMENTS', 'N', '', '', '');
INSERT INTO MASTER_DETAIL_RELATION (CONSTRAINT_NAME, MASTER_TABLE, DETAIL_TABLE, DETAIL_ATTRIBUTE, MD_VIEW, PAGING, FILTER, ORDERBY) VALUES ('SALES_ORDER_ITEM_ATTRS', 'SALES_ORDER_ITEM', 'SALES_ORDER_ITEM_ATTR', 'ITEM_ATTRIBUTES', 'Y', '', '', '');
INSERT INTO MASTER_DETAIL_RELATION (CONSTRAINT_NAME, MASTER_TABLE, DETAIL_TABLE, DETAIL_ATTRIBUTE, MD_VIEW, PAGING, FILTER, ORDERBY) VALUES ('SALES_ORDER_TAXES', 'SALES_ORDER_ITEM', 'SALES_ORDER_TAX', 'TAXES', 'Y', '', '', '');
INSERT INTO MASTER_DETAIL_RELATION (CONSTRAINT_NAME, MASTER_TABLE, DETAIL_TABLE, DETAIL_ATTRIBUTE, MD_VIEW, PAGING, FILTER, ORDERBY) VALUES ('PAGE_BUSINESS_SERVICES', 'SCREEN_PAGE', 'BUSINESS_SERVICE_PAGE', 'BUSINESS_SERVICES', 'N', '', '', '');
INSERT INTO MASTER_DETAIL_RELATION (CONSTRAINT_NAME, MASTER_TABLE, DETAIL_TABLE, DETAIL_ATTRIBUTE, MD_VIEW, PAGING, FILTER, ORDERBY) VALUES ('SERVICE_CHARGES', 'SERVICE_TYPE', 'SERVICE_CHARGE', 'SERVICE_CHARGES', 'Y', '', '', '');
INSERT INTO MASTER_DETAIL_RELATION (CONSTRAINT_NAME, MASTER_TABLE, DETAIL_TABLE, DETAIL_ATTRIBUTE, MD_VIEW, PAGING, FILTER, ORDERBY) VALUES ('SERVICE_TYPE_STEPS', 'SERVICE_TYPE', 'SERVICE_TYPE_STEP', 'STEPS', 'Y', '', '', '');
INSERT INTO MASTER_DETAIL_RELATION (CONSTRAINT_NAME, MASTER_TABLE, DETAIL_TABLE, DETAIL_ATTRIBUTE, MD_VIEW, PAGING, FILTER, ORDERBY) VALUES ('SERVICE_TYPE_COUNTER_INTERVALS', 'SERVICE_TYPE_STEP', 'MX_COUNTER_INTERVAL', 'COUNTER_INTERVALS', 'Y', '', '', '');
INSERT INTO MASTER_DETAIL_RELATION (CONSTRAINT_NAME, MASTER_TABLE, DETAIL_TABLE, DETAIL_ATTRIBUTE, MD_VIEW, PAGING, FILTER, ORDERBY) VALUES ('SHIPMENT_LINES', 'SHIPMENT', 'SHIPMENT_LINE', 'LINES', 'Y', '', '', '');
INSERT INTO MASTER_DETAIL_RELATION (CONSTRAINT_NAME, MASTER_TABLE, DETAIL_TABLE, DETAIL_ATTRIBUTE, MD_VIEW, PAGING, FILTER, ORDERBY) VALUES ('SUBCONTRACTOR_WORKERS', 'SUBCONTRACTOR', 'WORKER', 'WORKERS', 'Y', '', '', '');
INSERT INTO MASTER_DETAIL_RELATION (CONSTRAINT_NAME, MASTER_TABLE, DETAIL_TABLE, DETAIL_ATTRIBUTE, MD_VIEW, PAGING, FILTER, ORDERBY) VALUES ('SUPPORT_AREA_TICKETS', 'SUPPORT_AREA', 'SUPPORT_TICKET', 'SUPPORT_TICKETS', 'N', '', '', '');
INSERT INTO MASTER_DETAIL_RELATION (CONSTRAINT_NAME, MASTER_TABLE, DETAIL_TABLE, DETAIL_ATTRIBUTE, MD_VIEW, PAGING, FILTER, ORDERBY) VALUES ('SUPPORT_AGENTS', 'SUPPORT_GROUP', 'SUPPORT_AGENT', 'SUPPORT_AGENTS', 'Y', '', '', '');
INSERT INTO MASTER_DETAIL_RELATION (CONSTRAINT_NAME, MASTER_TABLE, DETAIL_TABLE, DETAIL_ATTRIBUTE, MD_VIEW, PAGING, FILTER, ORDERBY) VALUES ('SUPPORT_GROUP_TICKETS', 'SUPPORT_GROUP', 'SUPPORT_TICKET', 'SUPPORT_TICKETS', 'N', '', '', '');
INSERT INTO MASTER_DETAIL_RELATION (CONSTRAINT_NAME, MASTER_TABLE, DETAIL_TABLE, DETAIL_ATTRIBUTE, MD_VIEW, PAGING, FILTER, ORDERBY) VALUES ('SUPPORT_TICKET_EVENTS', 'SUPPORT_TICKET', 'TICKET_EVENT', 'EVENTS', 'Y', '', '', '');
INSERT INTO MASTER_DETAIL_RELATION (CONSTRAINT_NAME, MASTER_TABLE, DETAIL_TABLE, DETAIL_ATTRIBUTE, MD_VIEW, PAGING, FILTER, ORDERBY) VALUES ('CHILD_RELATION', 'TABLE_CONTROLLER_STATIC', 'MASTER_DETAIL_RELATION', 'CHILD_RELATION', 'Y', '', '', '');
INSERT INTO MASTER_DETAIL_RELATION (CONSTRAINT_NAME, MASTER_TABLE, DETAIL_TABLE, DETAIL_ATTRIBUTE, MD_VIEW, PAGING, FILTER, ORDERBY) VALUES ('MASTER_RELATION', 'TABLE_CONTROLLER_STATIC', 'MASTER_DETAIL_RELATION', 'MASTER_RELATION', 'Y', '', '', '');
INSERT INTO MASTER_DETAIL_RELATION (CONSTRAINT_NAME, MASTER_TABLE, DETAIL_TABLE, DETAIL_ATTRIBUTE, MD_VIEW, PAGING, FILTER, ORDERBY) VALUES ('TABLE_ACTIONS', 'TABLE_CONTROLLER_STATIC', 'TABLE_ACTION', 'ACTIONS', 'Y', '', '', '');
INSERT INTO MASTER_DETAIL_RELATION (CONSTRAINT_NAME, MASTER_TABLE, DETAIL_TABLE, DETAIL_ATTRIBUTE, MD_VIEW, PAGING, FILTER, ORDERBY) VALUES ('TABLE_CONTENT_TYPES', 'TABLE_CONTROLLER_STATIC', 'TABLE_CONTENT_TYPE', 'CONTENT_TYPES', 'Y', '', '', '');
INSERT INTO MASTER_DETAIL_RELATION (CONSTRAINT_NAME, MASTER_TABLE, DETAIL_TABLE, DETAIL_ATTRIBUTE, MD_VIEW, PAGING, FILTER, ORDERBY) VALUES ('TABLE_FIELD_FACES', 'TABLE_CONTROLLER_STATIC', 'TABLE_FIELD_FACE', 'FIELD_FACES', 'Y', '', '', '');
INSERT INTO MASTER_DETAIL_RELATION (CONSTRAINT_NAME, MASTER_TABLE, DETAIL_TABLE, DETAIL_ATTRIBUTE, MD_VIEW, PAGING, FILTER, ORDERBY) VALUES ('TABLE_VIEW_SCENARIO_ITEMS', 'TABLE_VIEW_SCENARIO', 'TABLE_VIEW_SCENARIO_ITEM', 'ITEMS', 'N', '', '', '');
INSERT INTO MASTER_DETAIL_RELATION (CONSTRAINT_NAME, MASTER_TABLE, DETAIL_TABLE, DETAIL_ATTRIBUTE, MD_VIEW, PAGING, FILTER, ORDERBY) VALUES ('TAX_MATERIAL_SALES', 'TAX_TYPE', 'MATERIAL_SALE_TAX', 'MATERIAL_SALES', 'Y', '', '', '');
INSERT INTO MASTER_DETAIL_RELATION (CONSTRAINT_NAME, MASTER_TABLE, DETAIL_TABLE, DETAIL_ATTRIBUTE, MD_VIEW, PAGING, FILTER, ORDERBY) VALUES ('NODE_CHILDREN', 'TREE_DATA', 'TREE_DATA', 'NODE_CHILDREN', 'N', '', '', '');
INSERT INTO MASTER_DETAIL_RELATION (CONSTRAINT_NAME, MASTER_TABLE, DETAIL_TABLE, DETAIL_ATTRIBUTE, MD_VIEW, PAGING, FILTER, ORDERBY) VALUES ('RECEIVING_NOTIFICATIONS', 'USER_ACCOUNT', 'NOTIFICATION_RECIPIENT', 'RECEIVING_NOTIFICATIONS', 'N', '', '', '');
INSERT INTO MASTER_DETAIL_RELATION (CONSTRAINT_NAME, MASTER_TABLE, DETAIL_TABLE, DETAIL_ATTRIBUTE, MD_VIEW, PAGING, FILTER, ORDERBY) VALUES ('PROJECT_APPROVAL_USER_HISTORY', 'USER_ACCOUNT', 'PROJECT_APPROVAL_HISTORY', 'PROJECT_APPROVAL_HISTORY', 'N', '', '', '');
INSERT INTO MASTER_DETAIL_RELATION (CONSTRAINT_NAME, MASTER_TABLE, DETAIL_TABLE, DETAIL_ATTRIBUTE, MD_VIEW, PAGING, FILTER, ORDERBY) VALUES ('AGENT_GROUPS', 'USER_ACCOUNT', 'SUPPORT_AGENT', 'AGENT_GROUPS', 'N', '', '', '');
INSERT INTO MASTER_DETAIL_RELATION (CONSTRAINT_NAME, MASTER_TABLE, DETAIL_TABLE, DETAIL_ATTRIBUTE, MD_VIEW, PAGING, FILTER, ORDERBY) VALUES ('SUPPORT_USER_TICKETS', 'USER_ACCOUNT', 'SUPPORT_TICKET', 'ASSIGNED_TICKETS', 'N', '', '', '');
INSERT INTO MASTER_DETAIL_RELATION (CONSTRAINT_NAME, MASTER_TABLE, DETAIL_TABLE, DETAIL_ATTRIBUTE, MD_VIEW, PAGING, FILTER, ORDERBY) VALUES ('USER_ACCOUNT_TICKETS', 'USER_ACCOUNT', 'SUPPORT_TICKET', 'OWNED_TICKETS', 'N', '', '', '');
INSERT INTO MASTER_DETAIL_RELATION (CONSTRAINT_NAME, MASTER_TABLE, DETAIL_TABLE, DETAIL_ATTRIBUTE, MD_VIEW, PAGING, FILTER, ORDERBY) VALUES ('USER_TICKET_EVENTS', 'USER_ACCOUNT', 'TICKET_EVENT', 'TICKET_EVENTS', 'N', '', '', '');
INSERT INTO MASTER_DETAIL_RELATION (CONSTRAINT_NAME, MASTER_TABLE, DETAIL_TABLE, DETAIL_ATTRIBUTE, MD_VIEW, PAGING, FILTER, ORDERBY) VALUES ('USER_ACCOUNTS_OWNERS', 'USER_ACCOUNT', 'USER_ACCOUNT_OWNER', 'OWNERS', 'N', '', '', '');
INSERT INTO MASTER_DETAIL_RELATION (CONSTRAINT_NAME, MASTER_TABLE, DETAIL_TABLE, DETAIL_ATTRIBUTE, MD_VIEW, PAGING, FILTER, ORDERBY) VALUES ('USER_ACCOUNT_AUTHORIZATIONS', 'USER_ACCOUNT', 'USER_AUTHORIZATION', 'AUTHORIZATIONS', 'Y', '', '', '');
INSERT INTO MASTER_DETAIL_RELATION (CONSTRAINT_NAME, MASTER_TABLE, DETAIL_TABLE, DETAIL_ATTRIBUTE, MD_VIEW, PAGING, FILTER, ORDERBY) VALUES ('USER_FAVORITES', 'USER_ACCOUNT', 'USER_FAVORITE', 'FAVORITES', 'Y', '', '', '');
INSERT INTO MASTER_DETAIL_RELATION (CONSTRAINT_NAME, MASTER_TABLE, DETAIL_TABLE, DETAIL_ATTRIBUTE, MD_VIEW, PAGING, FILTER, ORDERBY) VALUES ('USER_NOTIFICATIONS', 'USER_ACCOUNT', 'USER_NOTIFICATION', 'NOTIFICATIONS', 'Y', '', '', '');
INSERT INTO MASTER_DETAIL_RELATION (CONSTRAINT_NAME, MASTER_TABLE, DETAIL_TABLE, DETAIL_ATTRIBUTE, MD_VIEW, PAGING, FILTER, ORDERBY) VALUES ('VENDOR_PRICE_COMMITMENTS', 'VENDOR', 'PRODUCT_PRICE_COMMITMENT', 'PRODUCT_PRICE_COMMITMENTS', 'N', '', '', '');
INSERT INTO MASTER_DETAIL_RELATION (CONSTRAINT_NAME, MASTER_TABLE, DETAIL_TABLE, DETAIL_ATTRIBUTE, MD_VIEW, PAGING, FILTER, ORDERBY) VALUES ('VENDOR_BUSINESSES', 'VENDOR', 'VENDOR_BUSINESS', 'BUSINESSES', 'N', '', '', '');
INSERT INTO MASTER_DETAIL_RELATION (CONSTRAINT_NAME, MASTER_TABLE, DETAIL_TABLE, DETAIL_ATTRIBUTE, MD_VIEW, PAGING, FILTER, ORDERBY) VALUES ('WORKERS_PROJECT_TEAMS', 'WORKER', 'PROJECT_TEAM_PERSON', 'PROJECT_TEAM_ASSIGNMENTS', 'N', '', '', '');
