INSERT INTO MAIN_MENU (MENU, CAPTION, ICON, DISPLAY_ORDER) VALUES ('BUSINESS', 'BUSINESS', 'fa-bank', 9800);
INSERT INTO AUTHORITY_OBJECT (OBJECT_TYPE) VALUES ('BUSINESS_CONTRACT');
INSERT INTO AUTHORITY_OBJECT_ACTION (OBJECT_TYPE, ACTION) VALUES ('BUSINESS_CONTRACT', 'FINALIZE');
INSERT INTO AUTHORITY_OBJECT_ACTION (OBJECT_TYPE, ACTION) VALUES ('BUSINESS_CONTRACT', 'INITIALIZE');
INSERT INTO AUTHORITY_OBJECT (OBJECT_TYPE) VALUES ('VENDOR');
INSERT INTO AUTHORITY_OBJECT_ACTION (OBJECT_TYPE, ACTION) VALUES ('VENDOR', 'APPROVE');
INSERT INTO AUTHORITY_OBJECT_ACTION (OBJECT_TYPE, ACTION) VALUES ('VENDOR', 'EMPUSER');
INSERT INTO AUTHORITY_OBJECT_ACTION (OBJECT_TYPE, ACTION) VALUES ('VENDOR', 'PRODUCTION_COMMITMENTS');
INSERT INTO AUTHORITY_OBJECT_ACTION (OBJECT_TYPE, ACTION) VALUES ('VENDOR', 'PROPOSALS');
INSERT INTO AUTHORITY_OBJECT_ACTION (OBJECT_TYPE, ACTION) VALUES ('VENDOR', 'PURCHASE_ORDERS');
INSERT INTO SCREEN_PAGE (PAGENAME,CAPTION,ICON,URL,MENU,DISPLAY_ORDER) VALUES ('BUSINESS_OWNER', 'BUSINESS_OWNER', 'fa-circle', 'businessOwner/search', 'BUSINESS', 400);
INSERT INTO SCREEN_PAGE (PAGENAME,CAPTION,ICON,URL,MENU,DISPLAY_ORDER) VALUES ('BUSINESS_PARTNER', 'BUSINESS_PARTNER', 'fa-circle', 'businessPartner/search', 'BUSINESS', 300);
INSERT INTO SCREEN_PAGE (PAGENAME,CAPTION,ICON,URL,MENU,DISPLAY_ORDER) VALUES ('BUSINESS_REPORT', 'BUSINESS_REPORT', 'fa-file-text ', 'businessReport/list', 'BUSINESS', 900);
INSERT INTO SCREEN_PAGE (PAGENAME,CAPTION,ICON,URL,MENU,DISPLAY_ORDER) VALUES ('BUSINESS_SERVICE', 'BUSINESS_SERVICE', 'fa-circle', 'businessService/list', 'BUSINESS', 100);
INSERT INTO SCREEN_PAGE (PAGENAME,CAPTION,ICON,URL,MENU,DISPLAY_ORDER) VALUES ('CUSTOMER', 'CUSTOMER', 'fa-circle', 'customer/list', 'BUSINESS', 700);
INSERT INTO SCREEN_PAGE (PAGENAME,CAPTION,ICON,URL,MENU,DISPLAY_ORDER) VALUES ('MY_COMPANY', 'MY_COMPANY', 'fa-circle', 'businessPartner/myCompany', 'BUSINESS', 800);
INSERT INTO SCREEN_PAGE (PAGENAME,CAPTION,ICON,URL,MENU,DISPLAY_ORDER) VALUES ('PARTNER_CERTIFICATION_TYPE', 'PARTNER_CERTIFICATION_TYPE', 'fa-circle', 'partnerCertificationType/list', 'BUSINESS', 200);
INSERT INTO SCREEN_PAGE (PAGENAME,CAPTION,ICON,URL,MENU,DISPLAY_ORDER) VALUES ('VENDOR', 'VENDOR', 'fa-circle', 'vendor/list', 'BUSINESS', 600);

INSERT INTO MAIN_MENU (MENU, CAPTION, ICON, DISPLAY_ORDER) VALUES ('COMMERCE', 'COMMERCE', 'fa-opencart', 3700);

INSERT INTO MAIN_MENU (MENU, CAPTION, ICON, DISPLAY_ORDER) VALUES ('FINANCE', 'FINANCE', 'fa-money', 1000);
INSERT INTO SCREEN_PAGE (PAGENAME,CAPTION,ICON,URL,MENU,DISPLAY_ORDER) VALUES ('ACCOUNT_MASTER', 'ACCOUNT_MASTER', 'fa-money', 'accountMaster/list', 'FINANCE', 200);
INSERT INTO SCREEN_PAGE (PAGENAME,CAPTION,ICON,URL,MENU,DISPLAY_ORDER) VALUES ('ACCOUNT_SCHEMA', 'ACCOUNT_SCHEMA', 'fa-money', 'accountSchema/list', 'FINANCE', 300);
INSERT INTO SCREEN_PAGE (PAGENAME,CAPTION,ICON,URL,MENU,DISPLAY_ORDER) VALUES ('ACCOUNT_TRANSACTION_TEMPLATE', 'ACCOUNT_TRANSACTION_TEMPLATE', 'fa-money', 'accountTransactionTemplate/list', 'FINANCE', 400);
INSERT INTO SCREEN_PAGE (PAGENAME,CAPTION,ICON,URL,MENU,DISPLAY_ORDER) VALUES ('BANK', 'BANK', 'fa-money', 'bank/list', 'FINANCE', 500);
INSERT INTO SCREEN_PAGE (PAGENAME,CAPTION,ICON,URL,MENU,DISPLAY_ORDER) VALUES ('BANK_ACCOUNT', 'BANK_ACCOUNT', 'fa-money', 'bankAccount/list', 'FINANCE', 600);
INSERT INTO SCREEN_PAGE (PAGENAME,CAPTION,ICON,URL,MENU,DISPLAY_ORDER) VALUES ('TAX_TYPE', 'TAX_TYPE', 'fa-circle', 'taxType/list', 'FINANCE', 100);

INSERT INTO MAIN_MENU (MENU, CAPTION, ICON, DISPLAY_ORDER) VALUES ('HELPDESK', 'HELPDESK', 'fa-phone-square', 9700);
INSERT INTO AUTHORITY_OBJECT (OBJECT_TYPE) VALUES ('SUPPORT_TICKET');
INSERT INTO AUTHORITY_OBJECT_ACTION (OBJECT_TYPE, ACTION) VALUES ('SUPPORT_TICKET', 'ATTACH');
INSERT INTO AUTHORITY_OBJECT_ACTION (OBJECT_TYPE, ACTION) VALUES ('SUPPORT_TICKET', 'CLOSE');
INSERT INTO AUTHORITY_OBJECT_ACTION (OBJECT_TYPE, ACTION) VALUES ('SUPPORT_TICKET', 'INITIALIZE');
INSERT INTO AUTHORITY_OBJECT_ACTION (OBJECT_TYPE, ACTION) VALUES ('SUPPORT_TICKET', 'PROCESS');
INSERT INTO AUTHORITY_OBJECT_ACTION (OBJECT_TYPE, ACTION) VALUES ('SUPPORT_TICKET', 'RESOLVE');
INSERT INTO SCREEN_PAGE (PAGENAME,CAPTION,ICON,URL,MENU,DISPLAY_ORDER) VALUES ('SUPPORT_AREA', 'SUPPORT_AREA', 'fa-circle', 'supportArea/list', 'HELPDESK', 100);
INSERT INTO SCREEN_PAGE (PAGENAME,CAPTION,ICON,URL,MENU,DISPLAY_ORDER) VALUES ('SUPPORT_GROUP', 'SUPPORT_GROUP', 'fa-circle', 'supportGroup/list', 'HELPDESK', 200);
INSERT INTO SCREEN_PAGE (PAGENAME,CAPTION,ICON,URL,MENU,DISPLAY_ORDER) VALUES ('SUPPORT_TICKET', 'SUPPORT_TICKET', 'fa-ticket', 'supportTicket/list', 'HELPDESK', 300);
INSERT INTO SCREEN_PAGE (PAGENAME,CAPTION,ICON,URL,MENU,DISPLAY_ORDER) VALUES ('TICKET_REPORT', 'TICKET_REPORT', 'fa-circle', 'ticketReport/list', 'HELPDESK', 400);

INSERT INTO MAIN_MENU (MENU, CAPTION, ICON, DISPLAY_ORDER) VALUES ('MAINTENANCE', 'MAINTENANCE', 'fa-wrench', 3500);
INSERT INTO SCREEN_PAGE (PAGENAME,CAPTION,ICON,URL,MENU,DISPLAY_ORDER) VALUES ('EQUIPMENT', 'EQUIPMENT', 'fa-circle', 'equipment/search', 'MAINTENANCE', 100);
INSERT INTO SCREEN_PAGE (PAGENAME,CAPTION,ICON,URL,MENU,DISPLAY_ORDER) VALUES ('MAINTENANCE', 'MAINTENANCE', 'fa-wrench', 'maintenance/search', 'MAINTENANCE', 400);
INSERT INTO SCREEN_PAGE (PAGENAME,CAPTION,ICON,URL,MENU,DISPLAY_ORDER) VALUES ('MX_COUNTER_TYPE', 'MX_COUNTER_TYPE', 'fa-circle', 'mxCounterType/list', 'MAINTENANCE', 300);
INSERT INTO SCREEN_PAGE (PAGENAME,CAPTION,ICON,URL,MENU,DISPLAY_ORDER) VALUES ('SERVICE_TYPE', 'SERVICE_TYPE', 'fa-circle', 'serviceType/list', 'MAINTENANCE', 200);

INSERT INTO MAIN_MENU (MENU, CAPTION, ICON, DISPLAY_ORDER) VALUES ('MATERIAL', 'MATERIAL', 'fa-th', 3000);
INSERT INTO SCREEN_PAGE (PAGENAME,CAPTION,ICON,URL,MENU,DISPLAY_ORDER) VALUES ('MANUFACTURER', 'MANUFACTURER', 'fa-industry ', 'manufacturer/list', 'MATERIAL', 100);
INSERT INTO SCREEN_PAGE (PAGENAME,CAPTION,ICON,URL,MENU,DISPLAY_ORDER) VALUES ('MATERIAL', 'MATERIAL', 'fa-barcode', 'material/search', 'MATERIAL', 500);
INSERT INTO SCREEN_PAGE (PAGENAME,CAPTION,ICON,URL,MENU,DISPLAY_ORDER) VALUES ('MATERIAL_ATTRIBUTE_GROUP', 'MATERIAL_ATTRIBUTE_GROUP', 'fa-sitemap ', 'materialAttributeGroup/list', 'MATERIAL', 300);
INSERT INTO SCREEN_PAGE (PAGENAME,CAPTION,ICON,URL,MENU,DISPLAY_ORDER) VALUES ('MATERIAL_GROUP', 'MATERIAL_GROUP', 'fa-sitemap ', 'materialGroup/list', 'MATERIAL', 400);
INSERT INTO SCREEN_PAGE (PAGENAME,CAPTION,ICON,URL,MENU,DISPLAY_ORDER) VALUES ('MATERIAL_TYPE', 'MATERIAL_TYPE', 'fa-folder-open', 'materialType/list', 'MATERIAL', 200);

INSERT INTO MAIN_MENU (MENU, CAPTION, ICON, DISPLAY_ORDER) VALUES ('MOTIFARGE', 'MOTIFARGE', 'fa-money', 4000);

INSERT INTO MAIN_MENU (MENU, CAPTION, ICON, DISPLAY_ORDER) VALUES ('PERSONNEL', 'PERSONNEL', 'fa-users', 2000);
INSERT INTO AUTHORITY_OBJECT (OBJECT_TYPE) VALUES ('ORGANIZATION');
INSERT INTO AUTHORITY_OBJECT_ACTION (OBJECT_TYPE, ACTION) VALUES ('ORGANIZATION', 'DATAFILTER');
INSERT INTO AUTHORITY_OBJECT_ACTION (OBJECT_TYPE, ACTION) VALUES ('ORGANIZATION', 'SHIPMENT');
INSERT INTO AUTHORITY_OBJECT (OBJECT_TYPE) VALUES ('PERSON');
INSERT INTO AUTHORITY_OBJECT_ACTION (OBJECT_TYPE, ACTION) VALUES ('PERSON', 'FIRE');
INSERT INTO AUTHORITY_OBJECT_ACTION (OBJECT_TYPE, ACTION) VALUES ('PERSON', 'HIRE');
INSERT INTO SCREEN_PAGE (PAGENAME,CAPTION,ICON,URL,MENU,DISPLAY_ORDER) VALUES ('EMPLOYEE', 'EMPLOYEE', 'fa-user', 'employee/search', 'PERSONNEL', 500);
INSERT INTO SCREEN_PAGE (PAGENAME,CAPTION,ICON,URL,MENU,DISPLAY_ORDER) VALUES ('ORGANIZATION', 'ORGANIZATION', 'fa-sitemap ', 'organization/list', 'PERSONNEL', 300);
INSERT INTO SCREEN_PAGE (PAGENAME,CAPTION,ICON,URL,MENU,DISPLAY_ORDER) VALUES ('PERSON', 'PERSON', 'fa-users', 'person/search', 'PERSONNEL', 400);
INSERT INTO SCREEN_PAGE (PAGENAME,CAPTION,ICON,URL,MENU,DISPLAY_ORDER) VALUES ('POSITION_TYPE', 'POSITION_TYPE', 'fa-certificate', 'positionType/list', 'PERSONNEL', 200);
INSERT INTO SCREEN_PAGE (PAGENAME,CAPTION,ICON,URL,MENU,DISPLAY_ORDER) VALUES ('QUALIFICATION', 'QUALIFICATION', 'fa-diamond', 'qualification/list', 'PERSONNEL', 100);

INSERT INTO MAIN_MENU (MENU, CAPTION, ICON, DISPLAY_ORDER) VALUES ('PRODUCTION', 'PRODUCTION', 'fa-bars', 3400);
INSERT INTO AUTHORITY_OBJECT (OBJECT_TYPE) VALUES ('PRODUCTION_ORDER');
INSERT INTO AUTHORITY_OBJECT_ACTION (OBJECT_TYPE, ACTION) VALUES ('PRODUCTION_ORDER', 'PULL');
INSERT INTO SCREEN_PAGE (PAGENAME,CAPTION,ICON,URL,MENU,DISPLAY_ORDER) VALUES ('BOM_OPERATION', 'BOM_OPERATION', 'fa-circle', 'bomOperation/search', 'PRODUCTION', 200);
INSERT INTO SCREEN_PAGE (PAGENAME,CAPTION,ICON,URL,MENU,DISPLAY_ORDER) VALUES ('PRODUCTION_ORDER', 'PRODUCTION_ORDER', 'fa-circle', 'productionOrder/search', 'PRODUCTION', 300);
INSERT INTO SCREEN_PAGE (PAGENAME,CAPTION,ICON,URL,MENU,DISPLAY_ORDER) VALUES ('PRODUCTION_RESOURCE', 'PRODUCTION_RESOURCE', 'fa-circle', 'productionResource/list', 'PRODUCTION', 100);

INSERT INTO MAIN_MENU (MENU, CAPTION, ICON, DISPLAY_ORDER) VALUES ('PROJECT', 'PROJECT', 'fa-bar-chart', 8000);
INSERT INTO AUTHORITY_OBJECT (OBJECT_TYPE) VALUES ('PROJECT');
INSERT INTO AUTHORITY_OBJECT_ACTION (OBJECT_TYPE, ACTION) VALUES ('PROJECT', 'APPROVE_FINAL');
INSERT INTO AUTHORITY_OBJECT_ACTION (OBJECT_TYPE, ACTION) VALUES ('PROJECT', 'APPROVE_PROGRESS');
INSERT INTO AUTHORITY_OBJECT_ACTION (OBJECT_TYPE, ACTION) VALUES ('PROJECT', 'APPROVE_WBS');
INSERT INTO AUTHORITY_OBJECT_ACTION (OBJECT_TYPE, ACTION) VALUES ('PROJECT', 'APPROVE_WITHDRAW');
INSERT INTO AUTHORITY_OBJECT (OBJECT_TYPE) VALUES ('PROJECT_TEAM');
INSERT INTO AUTHORITY_OBJECT_ACTION (OBJECT_TYPE, ACTION) VALUES ('PROJECT_TEAM', 'APPROVE_MANHOUR');
INSERT INTO AUTHORITY_OBJECT_ACTION (OBJECT_TYPE, ACTION) VALUES ('PROJECT_TEAM', 'APPROVE_QUANTITY');
INSERT INTO AUTHORITY_OBJECT (OBJECT_TYPE) VALUES ('PROJECT_TEAM_PERSON');
INSERT INTO AUTHORITY_OBJECT_ACTION (OBJECT_TYPE, ACTION) VALUES ('PROJECT_TEAM_PERSON', 'ADD_EMPLOYEE');
INSERT INTO AUTHORITY_OBJECT_ACTION (OBJECT_TYPE, ACTION) VALUES ('PROJECT_TEAM_PERSON', 'ADD_SUBCONTRACTOR');
INSERT INTO SCREEN_PAGE (PAGENAME,CAPTION,ICON,URL,MENU,DISPLAY_ORDER) VALUES ('APPROVE_MANHOUR', 'APPROVE_MANHOUR', 'fa-calendar-check-o', 'projectWbsManhour/approve', 'PROJECT', 700);
INSERT INTO SCREEN_PAGE (PAGENAME,CAPTION,ICON,URL,MENU,DISPLAY_ORDER) VALUES ('APPROVE_PROGRESS', 'APPROVE_PROGRESS', 'fa-calendar-check-o', 'project/approveProgress', 'PROJECT', 600);
INSERT INTO SCREEN_PAGE (PAGENAME,CAPTION,ICON,URL,MENU,DISPLAY_ORDER) VALUES ('APPROVE_QUANTITY', 'APPROVE_QUANTITY', 'fa-fort-awesome', 'projectWbsQuantity/approve', 'PROJECT', 800);
INSERT INTO SCREEN_PAGE (PAGENAME,CAPTION,ICON,URL,MENU,DISPLAY_ORDER) VALUES ('CATEGORY', 'CATEGORY', 'fa-sitemap', 'category/list', 'PROJECT', 100);
INSERT INTO SCREEN_PAGE (PAGENAME,CAPTION,ICON,URL,MENU,DISPLAY_ORDER) VALUES ('PROJECT', 'PROJECT', 'fa-building', 'project/list', 'PROJECT', 200);
INSERT INTO SCREEN_PAGE (PAGENAME,CAPTION,ICON,URL,MENU,DISPLAY_ORDER) VALUES ('PROJECT_MANHOUR', 'PROJECT_MANHOUR', 'fa-calendar-plus-o', 'projectWbsManhour/select', 'PROJECT', 400);
INSERT INTO SCREEN_PAGE (PAGENAME,CAPTION,ICON,URL,MENU,DISPLAY_ORDER) VALUES ('PROJECT_QUANTITY', 'PROJECT_QUANTITY', 'fa-industry', 'projectWbsQuantity/select', 'PROJECT', 500);
INSERT INTO SCREEN_PAGE (PAGENAME,CAPTION,ICON,URL,MENU,DISPLAY_ORDER) VALUES ('PROJECT_REPORT', 'PROJECT_REPORT', 'fa-file-text', 'projectReport/list', 'PROJECT', 900);
INSERT INTO SCREEN_PAGE (PAGENAME,CAPTION,ICON,URL,MENU,DISPLAY_ORDER) VALUES ('SUBCONTRACTOR', 'SUBCONTRACTOR', 'fa-male', 'subcontractor/list', 'PROJECT', 300);

INSERT INTO MAIN_MENU (MENU, CAPTION, ICON, DISPLAY_ORDER) VALUES ('PURCHASE', 'PURCHASE', 'fa-bars', 3300);
INSERT INTO AUTHORITY_OBJECT (OBJECT_TYPE) VALUES ('PURCHASE_ORDER');
INSERT INTO AUTHORITY_OBJECT_ACTION (OBJECT_TYPE, ACTION) VALUES ('PURCHASE_ORDER', 'DELIVER');
INSERT INTO AUTHORITY_OBJECT_ACTION (OBJECT_TYPE, ACTION) VALUES ('PURCHASE_ORDER', 'PULL');
INSERT INTO AUTHORITY_OBJECT (OBJECT_TYPE) VALUES ('REQUEST_FOR_PROPOSAL');
INSERT INTO AUTHORITY_OBJECT_ACTION (OBJECT_TYPE, ACTION) VALUES ('REQUEST_FOR_PROPOSAL', 'CONTRACT');
INSERT INTO AUTHORITY_OBJECT_ACTION (OBJECT_TYPE, ACTION) VALUES ('REQUEST_FOR_PROPOSAL', 'PROPOSE');
INSERT INTO AUTHORITY_OBJECT_ACTION (OBJECT_TYPE, ACTION) VALUES ('REQUEST_FOR_PROPOSAL', 'PUBLISH');
INSERT INTO AUTHORITY_OBJECT (OBJECT_TYPE) VALUES ('REQUEST_FOR_PROPOSAL_ITEM');
INSERT INTO AUTHORITY_OBJECT_ACTION (OBJECT_TYPE, ACTION) VALUES ('REQUEST_FOR_PROPOSAL_ITEM', 'PROPOSE');
INSERT INTO SCREEN_PAGE (PAGENAME,CAPTION,ICON,URL,MENU,DISPLAY_ORDER) VALUES ('PURCHASE_DELIVERY', 'PURCHASE_DELIVERY', 'fa-circle', 'purchaseDelivery/search', 'PURCHASE', 300);
INSERT INTO SCREEN_PAGE (PAGENAME,CAPTION,ICON,URL,MENU,DISPLAY_ORDER) VALUES ('PURCHASE_ORDER', 'PURCHASE_ORDER', 'fa-circle', 'purchaseOrder/search', 'PURCHASE', 200);
INSERT INTO SCREEN_PAGE (PAGENAME,CAPTION,ICON,URL,MENU,DISPLAY_ORDER) VALUES ('PURCHASE_ORDER_DELIVER', 'PURCHASE_ORDER_DELIVER', 'fa-circle', 'purchaseOrder/deliver', 'PURCHASE', 400);
INSERT INTO SCREEN_PAGE (PAGENAME,CAPTION,ICON,URL,MENU,DISPLAY_ORDER) VALUES ('PURCHASE_ORDER_PULL', 'PURCHASE_ORDER_PULL', 'fa-circle', 'purchaseOrder/pull', 'PURCHASE', 100);
INSERT INTO SCREEN_PAGE (PAGENAME,CAPTION,ICON,URL,MENU,DISPLAY_ORDER) VALUES ('REQUEST_FOR_PROPOSAL_COMPLETE', 'REQUEST_FOR_PROPOSAL_COMPLETE', 'fa-circle', 'requestForProposal/complete', 'PURCHASE', 90);
INSERT INTO SCREEN_PAGE (PAGENAME,CAPTION,ICON,URL,MENU,DISPLAY_ORDER) VALUES ('REQUEST_FOR_PROPOSAL_ENTRY', 'REQUEST_FOR_PROPOSAL_ENTRY', 'fa-circle', 'requestForProposal/fastEntry', 'PURCHASE', 50);
INSERT INTO SCREEN_PAGE (PAGENAME,CAPTION,ICON,URL,MENU,DISPLAY_ORDER) VALUES ('REQUEST_FOR_PROPOSAL_INITIAL', 'REQUEST_FOR_PROPOSAL_INITIAL', 'fa-circle', 'requestForProposal/initial', 'PURCHASE', 60);
INSERT INTO SCREEN_PAGE (PAGENAME,CAPTION,ICON,URL,MENU,DISPLAY_ORDER) VALUES ('REQUEST_FOR_PROPOSAL_PUBLISHED', 'REQUEST_FOR_PROPOSAL_PUBLISHED', 'fa-circle', 'requestForProposal/myPublished', 'PURCHASE', 70);

INSERT INTO MAIN_MENU (MENU, CAPTION, ICON, DISPLAY_ORDER) VALUES ('REQUEST', 'REQUEST', 'fa-opencart', 3100);
INSERT INTO AUTHORITY_OBJECT (OBJECT_TYPE) VALUES ('MATERIAL_REQUEST');
INSERT INTO AUTHORITY_OBJECT_ACTION (OBJECT_TYPE, ACTION) VALUES ('MATERIAL_REQUEST', 'APPROVE');
INSERT INTO AUTHORITY_OBJECT_ACTION (OBJECT_TYPE, ACTION) VALUES ('MATERIAL_REQUEST', 'ASSIGN');
INSERT INTO AUTHORITY_OBJECT_ACTION (OBJECT_TYPE, ACTION) VALUES ('MATERIAL_REQUEST', 'CANCEL');
INSERT INTO AUTHORITY_OBJECT_ACTION (OBJECT_TYPE, ACTION) VALUES ('MATERIAL_REQUEST', 'CLOSE');
INSERT INTO SCREEN_PAGE (PAGENAME,CAPTION,ICON,URL,MENU,DISPLAY_ORDER) VALUES ('MATERIAL_REQUEST', 'MATERIAL_REQUEST', 'fa-shopping-cart', 'materialRequest/list', 'REQUEST', 300);
INSERT INTO SCREEN_PAGE (PAGENAME,CAPTION,ICON,URL,MENU,DISPLAY_ORDER) VALUES ('MATERIAL_REQUEST_BY_DEFINE', 'MATERIAL_REQUEST_BY_DEFINE', 'fa-birthday-cake', 'materialRequest/requestByDefine', 'REQUEST', 200);
INSERT INTO SCREEN_PAGE (PAGENAME,CAPTION,ICON,URL,MENU,DISPLAY_ORDER) VALUES ('MATERIAL_REQUEST_ENTRY', 'MATERIAL_REQUEST_ENTRY', 'fa-cart-plus', 'materialRequest/entry', 'REQUEST', 100);
INSERT INTO SCREEN_PAGE (PAGENAME,CAPTION,ICON,URL,MENU,DISPLAY_ORDER) VALUES ('MATERIAL_REQUEST_REPORT', 'MATERIAL_REQUEST_REPORT', 'fa-file-text', 'materialRequestReport/list', 'REQUEST', 400);

INSERT INTO MAIN_MENU (MENU, CAPTION, ICON, DISPLAY_ORDER) VALUES ('SALES', 'SALES', 'fa-shopping-cart', 3200);
INSERT INTO SCREEN_PAGE (PAGENAME,CAPTION,ICON,URL,MENU,DISPLAY_ORDER) VALUES ('MY_SALES_ORDERS', 'MY_SALES_ORDERS', 'fa-circle', 'salesOrder/myOrders', 'SALES', 420);
INSERT INTO SCREEN_PAGE (PAGENAME,CAPTION,ICON,URL,MENU,DISPLAY_ORDER) VALUES ('PRODUCT_PRICE', 'PRODUCT_PRICE', 'fa-turkish-lira', 'materialSalePrice/search', 'SALES', 100);
INSERT INTO SCREEN_PAGE (PAGENAME,CAPTION,ICON,URL,MENU,DISPLAY_ORDER) VALUES ('PRODUCT_PRICE_COMMITMENT', 'PRODUCT_PRICE_COMMITMENT', 'fa-circle', 'productPriceCommitment/search', 'SALES', 350);
INSERT INTO SCREEN_PAGE (PAGENAME,CAPTION,ICON,URL,MENU,DISPLAY_ORDER) VALUES ('PRODUCT_PRICE_COMMITMENT_FAST', 'PRODUCT_PRICE_COMMITMENT_FAST', 'fa-circle', 'productPriceCommitment/fastEntry', 'SALES', 300);
INSERT INTO SCREEN_PAGE (PAGENAME,CAPTION,ICON,URL,MENU,DISPLAY_ORDER) VALUES ('SALES_CAMPAIGN', 'SALES_CAMPAIGN', 'fa-circle', 'salesCampaign/search', 'SALES', 200);
INSERT INTO SCREEN_PAGE (PAGENAME,CAPTION,ICON,URL,MENU,DISPLAY_ORDER) VALUES ('SALES_CART', 'SALES_CART', 'fa-shopping-cart', 'salesOrder/cart', 'SALES', 400);
INSERT INTO SCREEN_PAGE (PAGENAME,CAPTION,ICON,URL,MENU,DISPLAY_ORDER) VALUES ('SALES_CUSTOMER_REPORT', 'SALES_CUSTOMER_REPORT', 'fa-file-text', 'salesReport/customerReport', 'SALES', 930);
INSERT INTO SCREEN_PAGE (PAGENAME,CAPTION,ICON,URL,MENU,DISPLAY_ORDER) VALUES ('SALES_ORDER', 'SALES_ORDER', 'fa-circle', 'salesOrder/search', 'SALES', 410);
INSERT INTO SCREEN_PAGE (PAGENAME,CAPTION,ICON,URL,MENU,DISPLAY_ORDER) VALUES ('SALES_OWNER_REPORT', 'SALES_OWNER_REPORT', 'fa-file-text', 'salesReport/ownerReport', 'SALES', 910);
INSERT INTO SCREEN_PAGE (PAGENAME,CAPTION,ICON,URL,MENU,DISPLAY_ORDER) VALUES ('SALES_REPORT', 'SALES_REPORT', 'fa-file-text ', 'salesReport/list', 'SALES', 900);
INSERT INTO SCREEN_PAGE (PAGENAME,CAPTION,ICON,URL,MENU,DISPLAY_ORDER) VALUES ('SALES_VENDOR_REPORT', 'SALES_VENDOR_REPORT', 'fa-file-text', 'salesReport/vendorReport', 'SALES', 920);

INSERT INTO MAIN_MENU (MENU, CAPTION, ICON, DISPLAY_ORDER) VALUES ('SETTINGS', 'SETTINGS', 'fa-gears', 9900);
INSERT INTO AUTHORITY_OBJECT (OBJECT_TYPE) VALUES ('DOMAIN_NAME');
INSERT INTO AUTHORITY_OBJECT_ACTION (OBJECT_TYPE, ACTION) VALUES ('DOMAIN_NAME', 'RELOAD_VALUES');
INSERT INTO AUTHORITY_OBJECT (OBJECT_TYPE) VALUES ('LANGUAGE');
INSERT INTO AUTHORITY_OBJECT_ACTION (OBJECT_TYPE, ACTION) VALUES ('LANGUAGE', 'RELOAD_TRANSLATION');
INSERT INTO AUTHORITY_OBJECT (OBJECT_TYPE) VALUES ('PAGE');
INSERT INTO AUTHORITY_OBJECT_ACTION (OBJECT_TYPE, ACTION) VALUES ('PAGE', 'ACCESS');
INSERT INTO AUTHORITY_OBJECT (OBJECT_TYPE) VALUES ('TABLE');
INSERT INTO AUTHORITY_OBJECT_ACTION (OBJECT_TYPE, ACTION) VALUES ('TABLE', 'DELETE');
INSERT INTO AUTHORITY_OBJECT_ACTION (OBJECT_TYPE, ACTION) VALUES ('TABLE', 'INSERT');
INSERT INTO AUTHORITY_OBJECT_ACTION (OBJECT_TYPE, ACTION) VALUES ('TABLE', 'SELECT');
INSERT INTO AUTHORITY_OBJECT_ACTION (OBJECT_TYPE, ACTION) VALUES ('TABLE', 'UPDATE');
INSERT INTO AUTHORITY_OBJECT (OBJECT_TYPE) VALUES ('TABLE_VIEW_SCENARIO');
INSERT INTO AUTHORITY_OBJECT_ACTION (OBJECT_TYPE, ACTION) VALUES ('TABLE_VIEW_SCENARIO', 'RELOAD');
INSERT INTO AUTHORITY_OBJECT (OBJECT_TYPE) VALUES ('UNIT_CONVERSION');
INSERT INTO AUTHORITY_OBJECT_ACTION (OBJECT_TYPE, ACTION) VALUES ('UNIT_CONVERSION', 'RELOAD_VALUES');
INSERT INTO SCREEN_PAGE (PAGENAME,CAPTION,ICON,URL,MENU,DISPLAY_ORDER) VALUES ('AUTHORITY_GROUP', 'AUTHORITY_GROUP', 'fa-users', 'authorityGroup/list', 'SETTINGS', 100);
INSERT INTO SCREEN_PAGE (PAGENAME,CAPTION,ICON,URL,MENU,DISPLAY_ORDER) VALUES ('CONTENT_SERVER', 'CONTENT_SERVER', 'fa-database', 'contentData/search', 'SETTINGS', 700);
INSERT INTO SCREEN_PAGE (PAGENAME,CAPTION,ICON,URL,MENU,DISPLAY_ORDER) VALUES ('CONTENT_UPLOAD', 'CONTENT_UPLOAD', 'fa-database', 'contentRelation/postMultipleData', 'SETTINGS', 800);
INSERT INTO SCREEN_PAGE (PAGENAME,CAPTION,ICON,URL,MENU,DISPLAY_ORDER) VALUES ('DOMAIN', 'DOMAIN', 'fa-server', 'domainName/list', 'SETTINGS', 400);
INSERT INTO SCREEN_PAGE (PAGENAME,CAPTION,ICON,URL,MENU,DISPLAY_ORDER) VALUES ('LANGUAGE', 'LANGUAGE', 'fa-language', 'language/list', 'SETTINGS', 500);
INSERT INTO SCREEN_PAGE (PAGENAME,CAPTION,ICON,URL,MENU,DISPLAY_ORDER) VALUES ('MENU', 'MENU', 'fa-bars', 'mainMenu/list', 'SETTINGS', 200);
INSERT INTO SCREEN_PAGE (PAGENAME,CAPTION,ICON,URL,MENU,DISPLAY_ORDER) VALUES ('NOTIFICATION_TYPE', 'NOTIFICATION_TYPE', 'fa-bell', 'notificationType/list', 'SETTINGS', 900);
INSERT INTO SCREEN_PAGE (PAGENAME,CAPTION,ICON,URL,MENU,DISPLAY_ORDER) VALUES ('TABLE_CONTROLLER_STATIC', 'TABLE_CONTROLLER_STATIC', 'fa-bars', 'tableControllerStatic/list', 'SETTINGS', 1000);
INSERT INTO SCREEN_PAGE (PAGENAME,CAPTION,ICON,URL,MENU,DISPLAY_ORDER) VALUES ('TABLE_VIEW_SCENARIO', 'TABLE_VIEW_SCENARIO', 'fa-circle', 'tableViewScenario/list', 'SETTINGS', 1100);
INSERT INTO SCREEN_PAGE (PAGENAME,CAPTION,ICON,URL,MENU,DISPLAY_ORDER) VALUES ('UNIT_CONVERSION', 'UNIT_CONVERSION', 'fa-bars', 'unitConversion/list', 'SETTINGS', 600);
INSERT INTO SCREEN_PAGE (PAGENAME,CAPTION,ICON,URL,MENU,DISPLAY_ORDER) VALUES ('USER_ACCOUNT', 'USER_ACCOUNT', 'fa-user', 'userAccount/list', 'SETTINGS', 300);

INSERT INTO MAIN_MENU (MENU, CAPTION, ICON, DISPLAY_ORDER) VALUES ('SHIPMENT', 'SHIPMENT', 'fa-truck', 3600);
INSERT INTO SCREEN_PAGE (PAGENAME,CAPTION,ICON,URL,MENU,DISPLAY_ORDER) VALUES ('SHIPMENT', 'SHIPMENT', 'fa-truck', 'shipment/search', 'SHIPMENT', 400);
INSERT INTO SCREEN_PAGE (PAGENAME,CAPTION,ICON,URL,MENU,DISPLAY_ORDER) VALUES ('SHIPMENT_REPORT', 'SHIPMENT_REPORT', 'fa-file-text', 'shipmentReport/list', 'SHIPMENT', 500);

